Workbook

Sheet PARCIALES
D1: PARCIAL 1 | M1: PARCIAL 2 | AF1: PARCIAL 3 | AN1: PARCIAL 4 | AT1: GRUPO
A2: Nombre de usuario | B2: Apellidos | C2: Nombre | D2: Encuentre el centro y radio de la circunferencia con ecuación: | E2: Resuelva la desigualdad | F2: Resuelva la desigualdad | G2: Resuelva la desigualdad | H2: Seleccione la ecuación de la circunferencia: | I2: Seleccione la ecuación de la circunferencia: | J2: Simplifique y eliminé exponentes negativos de la siguiente expresión | K2: Simplifique y eliminé exponentes negativos de la siguiente expresión | L2: TOTAL | M2: Encuentre la ecuación de la recta que pasa por (-1,3) y es paralela a la recta 3y-2x-5=0 | N2: Encuentre la ecuación de la recta que pasa por (1,2) y es paralela a la recta x+y=2 | O2: Encuentre la ecuación de la recta que pasa por (1,2) y es perpendicular a la recta x+y=2 | P2: Encuentre la ecuación de la recta que pasa por (-1,3) y es paralela a la recta 2x+y=3 | Q2: Encuentre la ecuación de la recta que pasa por (-1,3) y es perpendicular a la recta 2x+y=3 | R2: La división del polinomio entre el polinomio 2x+1 es: | S2: La división del polinomio entre el polinomio 2x-1 es: | T2: La división del polinomio entre el polinomio x+2 es: | U2: La división del polinomio entre el polinomio x-1 es: | V2: La división del polinomio entre el polinomio x-2 es: | W2: La siguiente función es la función inversa de la función : | X2: La siguiente función es uno o uno (inyectiva): con dominio (-∞,∞) | Y2: La siguiente función es uno o uno (inyectiva): con dominio [-1,∞) | Z2: La siguiente función NO es la función inversa de la función : | AA2: La siguiente función NO es uno o uno (inyectiva): en todo su dominio | AB2: Seleccione un cero (o raíz ) del polinomio | AC2: Seleccione un cero (o raíz) del polinomio | AD2: Seleccione un cero del polinomio | AE2: TOTAL | AF2: Determine la función cuya gráfica es la siguiente: | AG2: Determine la función cuya gráfica es la siguiente: | AH2: Encuentre la solución de la ecuación logarítmica o exponencial | AI2: Encuentre la solución de la ecuación logarítmica o exponencial ln(x)=ln(5)+ln(9) | AJ2: Seleccione el valor exacto de | AK2: Una posible simplifcación de es: | AL2: Una posible simplifcación de es: | AM2: TOTAL | AN2: Encuentre algún valor de x que satisfaga la siguiente ecuación | AO2: Realice la sustición indicada donde y | AP2: Realice la sustición indicada donde , y | AQ2: Seleccione la función cuya gráfica se muestra | AR2: Seleccione una solución de la siguiente ecuación trigonométrica | AS2: TOTAL | AT2: GRUPO
A3: 163701 | B3: Medina Zuñiga | C3: Emilio | D3: =VLOOKUP($A3,'TABLA DINAM PARCIAL 1'!$A$5:$I$793,2,FALSE) -> 0 | E3: =VLOOKUP(A3,'TABLA DINAM PARCIAL 1'!A530:I1318,3,FALSE) -> 0 | F3: =VLOOKUP(A3,'TABLA DINAM PARCIAL 1'!A530:I1318,4,FALSE) -> 0 | G3: =VLOOKUP(A3,'TABLA DINAM PARCIAL 1'!A530:I1318,5,FALSE) -> 0 | H3: =VLOOKUP(A3,'TABLA DINAM PARCIAL 1'!A530:I1318,6,FALSE) -> 0 | I3: =VLOOKUP(A3,'TABLA DINAM PARCIAL 1'!A530:I1318,7,FALSE) -> 0 | J3: =VLOOKUP(A3,'TABLA DINAM PARCIAL 1'!A530:I1318,8,FALSE) -> 0 | K3: =VLOOKUP(A3,'TABLA DINAM PARCIAL 1'!A530:I1318,9,FALSE) -> 0 | L3: =SUM(D3:K3) -> 0 | M3: =VLOOKUP($A3,'TABLA DINAMICA PARCIAL 2'!$A$5:$T$772,2,FALSE) -> 0 | N3: =VLOOKUP($A3,'TABLA DINAMICA PARCIAL 2'!$A$5:$T$772,3,FALSE) -> 0 | O3: =VLOOKUP($A3,'TABLA DINAMICA PARCIAL 2'!$A$5:$T$772,4,FALSE) -> 10 | P3: =VLOOKUP($A3,'TABLA DINAMICA PARCIAL 2'!$A$5:$T$772,5,FALSE) -> 0 | Q3: =VLOOKUP($A3,'TABLA DINAMICA PARCIAL 2'!$A$5:$T$772,6,FALSE) -> 0 | R3: =VLOOKUP($A3,'TABLA DINAMICA PARCIAL 2'!$A$5:$T$772,7,FALSE) -> 0 | S3: =VLOOKUP($A3,'TABLA DINAMICA PARCIAL 2'!$A$5:$T$772,8,FALSE) -> 0 | T3: =VLOOKUP($A3,'TABLA DINAMICA PARCIAL 2'!$A$5:$T$772,9,FALSE) -> 0 | U3: =VLOOKUP($A3,'TABLA DINAMICA PARCIAL 2'!$A$5:$T$772,10,FALSE) -> 0 | V3: =VLOOKUP($A3,'TABLA DINAMICA PARCIAL 2'!$A$5:$T$772,11,FALSE) -> 0 | W3: =VLOOKUP($A3,'TABLA DINAMICA PARCIAL 2'!$A$5:$T$772,12,FALSE) -> 0 | X3: =VLOOKUP($A3,'TABLA DINAMICA PARCIAL 2'!$A$5:$T$772,13,FALSE) -> 0 | Y3: =VLOOKUP($A3,'TABLA DINAMICA PARCIAL 2'!$A$5:$T$772,14,FALSE) -> 0 | Z3: =VLOOKUP($A3,'TABLA DINAMICA PARCIAL 2'!$A$5:$T$772,15,FALSE) -> 0 | AA3: =VLOOKUP($A3,'TABLA DINAMICA PARCIAL 2'!$A$5:$T$772,16,FALSE) -> 0 | AB3: =VLOOKUP(I3,'TABLA DINAMICA PARCIAL 2'!I576:AB1347,17,FALSE) -> 0 | AC3: =VLOOKUP(I3,'TABLA DINAMICA PARCIAL 2'!I576:AB1347,18,FALSE) -> 0 | AD3: =VLOOKUP(I3,'TABLA DINAMICA PARCIAL 2'!I576:AB1347,19,FALSE) -> 0 | AE3: =SUM(M3:AD3) -> 10 | AF3: =VLOOKUP($A3,'TABLA DINAMICA PARCIAL 3'!$A$5:$I$768,2,FALSE) -> 0 | AG3: =VLOOKUP($A3,'TABLA DINAMICA PARCIAL 3'!$A$5:$I$768,3,FALSE) -> 10 | AH3: =VLOOKUP($A3,'TABLA DINAMICA PARCIAL 3'!$A$5:$I$768,4,FALSE) -> 0 | AI3: =VLOOKUP($A3,'TABLA DINAMICA PARCIAL 3'!$A$5:$I$768,5,FALSE) -> 0 | AJ3: =VLOOKUP($A3,'TABLA DINAMICA PARCIAL 3'!$A$5:$I$768,6,FALSE) -> 0 | AK3: =VLOOKUP($A3,'TABLA DINAMICA PARCIAL 3'!$A$5:$I$768,7,FALSE) -> 0 | AL3: =VLOOKUP($A3,'TABLA DINAMICA PARCIAL 3'!$A$5:$I$768,8,FALSE) -> 0 | AM3: =SUM(AF3:AL3) -> 10 | AN3: =VLOOKUP($A3,'TABLA DINAMICA PARCIAL 4'!$A$5:$F$760,2,FALSE) -> 0 | AO3: =VLOOKUP($A3,'TABLA DINAMICA PARCIAL 4'!$A$5:$F$760,3,FALSE) -> 0 | AP3: =VLOOKUP($A3,'TABLA DINAMICA PARCIAL 4'!$A$5:$F$760,4,FALSE) -> 0 | AQ3: =VLOOKUP($A3,'TABLA DINAMICA PARCIAL 4'!$A$5:$F$760,5,FALSE) -> 10 | AR3: =VLOOKUP($A3,'TABLA DINAMICA PARCIAL 4'!$A$5:$F$760,6,FALSE) -> 10 | AS3: =SUM(AN3:AR3) -> 20 | AT3: =VLOOKUP($A3,'USUARIOS Y GRUPO'!$A$2:$D$851,4,FALSE) -> P19-MAT1022-10
A4: 159054 | B4: Rodríguez González | C4: Lisshet | D4: =VLOOKUP($A4,'TABLA DINAM PARCIAL 1'!$A$5:$I$793,2,FALSE) -> 0 | E4: =VLOOKUP($A4,'TABLA DINAM PARCIAL 1'!$A$5:$I$793,3,FALSE) -> 0 | F4: =VLOOKUP($A4,'TABLA DINAM PARCIAL 1'!$A$5:$I$793,4,FALSE) -> 10 | G4: =VLOOKUP($A4,'TABLA DINAM PARCIAL 1'!$A$5:$I$793,5,FALSE) -> 0 | H4: =VLOOKUP($A4,'TABLA DINAM PARCIAL 1'!$A$5:$I$793,6,FALSE) -> 0 | I4: =VLOOKUP($A4,'TABLA DINAM PARCIAL 1'!$A$5:$I$793,7,FALSE) -> 0 | J4: =VLOOKUP($A4,'TABLA DINAM PARCIAL 1'!$A$5:$I$793,8,FALSE) -> 0 | K4: =VLOOKUP($A4,'TABLA DINAM PARCIAL 1'!$A$5:$I$793,9,FALSE) -> 0 | L4: =SUM(D4:K4) -> 10 | M4: =VLOOKUP($A4,'TABLA DINAMICA PARCIAL 2'!$A$5:$T$772,2,FALSE) -> 0 | N4: =VLOOKUP($A4,'TABLA DINAMICA PARCIAL 2'!$A$5:$T$772,3,FALSE) -> 0 | O4: =VLOOKUP($A4,'TABLA DINAMICA PARCIAL 2'!$A$5:$T$772,4,FALSE) -> 0 | P4: =VLOOKUP($A4,'TABLA DINAMICA PARCIAL 2'!$A$5:$T$772,5,FALSE) -> 0 | Q4: =VLOOKUP($A4,'TABLA DINAMICA PARCIAL 2'!$A$5:$T$772,6,FALSE) -> 0 | R4: =VLOOKUP($A4,'TABLA DINAMICA PARCIAL 2'!$A$5:$T$772,7,FALSE) -> 0 | S4: =VLOOKUP($A4,'TABLA DINAMICA PARCIAL 2'!$A$5:$T$772,8,FALSE) -> 0 | T4: =VLOOKUP($A4,'TABLA DINAMICA PARCIAL 2'!$A$5:$T$772,9,FALSE) -> 0 | U4: =VLOOKUP($A4,'TABLA DINAMICA PARCIAL 2'!$A$5:$T$772,10,FALSE) -> 0 | V4: =VLOOKUP($A4,'TABLA DINAMICA PARCIAL 2'!$A$5:$T$772,11,FALSE) -> 0 | W4: =VLOOKUP($A4,'TABLA DINAMICA PARCIAL 2'!$A$5:$T$772,12,FALSE) -> 0 | X4: =VLOOKUP($A4,'TABLA DINAMICA PARCIAL 2'!$A$5:$T$772,13,FALSE) -> 0 | Y4: =VLOOKUP($A4,'TABLA DINAMICA PARCIAL 2'!$A$5:$T$772,14,FALSE) -> 0 | Z4: =VLOOKUP($A4,'TABLA DINAMICA PARCIAL 2'!$A$5:$T$772,15,FALSE) -> 0 | AA4: =VLOOKUP($A4,'TABLA DINAMICA PARCIAL 2'!$A$5:$T$772,16,FALSE) -> 0 | AB4: =VLOOKUP(I4,'TABLA DINAMICA PARCIAL 2'!I45:AB816,17,FALSE) -> 0 | AC4: =VLOOKUP(I4,'TABLA DINAMICA PARCIAL 2'!I45:AB816,18,FALSE) -> 0 | AD4: =VLOOKUP(I4,'TABLA DINAMICA PARCIAL 2'!I45:AB816,19,FALSE) -> 0 | AE4: =SUM(M4:AD4) -> 0 | AF4: =VLOOKUP($A4,'TABLA DINAMICA PARCIAL 3'!$A$5:$I$768,2,FALSE) -> 0 | AG4: =VLOOKUP($A4,'TABLA DINAMICA PARCIAL 3'!$A$5:$I$768,3,FALSE) -> 0 | AH4: =VLOOKUP($A4,'TABLA DINAMICA PARCIAL 3'!$A$5:$I$768,4,FALSE) -> 10 | AI4: =VLOOKUP($A4,'TABLA DINAMICA PARCIAL 3'!$A$5:$I$768,5,FALSE) -> 0 | AJ4: =VLOOKUP($A4,'TABLA DINAMICA PARCIAL 3'!$A$5:$I$768,6,FALSE) -> 0 | AK4: =VLOOKUP($A4,'TABLA DINAMICA PARCIAL 3'!$A$5:$I$768,7,FALSE) -> 0 | AL4: =VLOOKUP($A4,'TABLA DINAMICA PARCIAL 3'!$A$5:$I$768,8,FALSE) -> 0 | AM4: =SUM(AF4:AL4) -> 10 | AN4: =VLOOKUP($A4,'TABLA DINAMICA PARCIAL 4'!$A$5:$F$760,2,FALSE) -> 0 | AO4: =VLOOKUP($A4,'TABLA DINAMICA PARCIAL 4'!$A$5:$F$760,3,FALSE) -> 10 | AP4: =VLOOKUP($A4,'TABLA DINAMICA PARCIAL 4'!$A$5:$F$760,4,FALSE) -> 0 | AQ4: =VLOOKUP($A4,'TABLA DINAMICA PARCIAL 4'!$A$5:$F$760,5,FALSE) -> 0 | AR4: =VLOOKUP($A4,'TABLA DINAMICA PARCIAL 4'!$A$5:$F$760,6,FALSE) -> 0 | AS4: =SUM(AN4:AR4) -> 10 | AT4: =VLOOKUP($A4,'USUARIOS Y GRUPO'!$A$2:$D$851,4,FALSE) -> P19-MAT1022-10
A5: 159224 | B5: Miranda Sangabriel | C5: Agustin | D5: =VLOOKUP($A5,'TABLA DINAM PARCIAL 1'!$A$5:$I$793,2,FALSE) -> 0 | E5: =VLOOKUP($A5,'TABLA DINAM PARCIAL 1'!$A$5:$I$793,3,FALSE) -> 0 | F5: =VLOOKUP($A5,'TABLA DINAM PARCIAL 1'!$A$5:$I$793,4,FALSE) -> 0 | G5: =VLOOKUP($A5,'TABLA DINAM PARCIAL 1'!$A$5:$I$793,5,FALSE) -> 0 | H5: =VLOOKUP($A5,'TABLA DINAM PARCIAL 1'!$A$5:$I$793,6,FALSE) -> 0 | I5: =VLOOKUP($A5,'TABLA DINAM PARCIAL 1'!$A$5:$I$793,7,FALSE) -> 0 | J5: =VLOOKUP($A5,'TABLA DINAM PARCIAL 1'!$A$5:$I$793,8,FALSE) -> 10 | K5: =VLOOKUP($A5,'TABLA DINAM PARCIAL 1'!$A$5:$I$793,9,FALSE) -> 0 | L5: =SUM(D5:K5) -> 10 | M5: =VLOOKUP($A5,'TABLA DINAMICA PARCIAL 2'!$A$5:$T$772,2,FALSE) -> 0 | N5: =VLOOKUP($A5,'TABLA DINAMICA PARCIAL 2'!$A$5:$T$772,3,FALSE) -> 0 | O5: =VLOOKUP($A5,'TABLA DINAMICA PARCIAL 2'!$A$5:$T$772,4,FALSE) -> 0 | P5: =VLOOKUP($A5,'TABLA DINAMICA PARCIAL 2'!$A$5:$T$772,5,FALSE) -> 0 | Q5: =VLOOKUP($A5,'TABLA DINAMICA PARCIAL 2'!$A$5:$T$772,6,FALSE) -> 0 | R5: =VLOOKUP($A5,'TABLA DINAMICA PARCIAL 2'!$A$5:$T$772,7,FALSE) -> 0 | S5: =VLOOKUP($A5,'TABLA DINAMICA PARCIAL 2'!$A$5:$T$772,8,FALSE) -> 10 | T5: =VLOOKUP($A5,'TABLA DINAMICA PARCIAL 2'!$A$5:$T$772,9,FALSE) -> 0 | U5: =VLOOKUP($A5,'TABLA DINAMICA PARCIAL 2'!$A$5:$T$772,10,FALSE) -> 0 | V5: =VLOOKUP($A5,'TABLA DINAMICA PARCIAL 2'!$A$5:$T$772,11,FALSE) -> 0 | W5: =VLOOKUP($A5,'TABLA DINAMICA PARCIAL 2'!$A$5:$T$772,12,FALSE) -> 0 | X5: =VLOOKUP($A5,'TABLA DINAMICA PARCIAL 2'!$A$5:$T$772,13,FALSE) -> 0 | Y5: =VLOOKUP($A5,'TABLA DINAMICA PARCIAL 2'!$A$5:$T$772,14,FALSE) -> 0 | Z5: =VLOOKUP($A5,'TABLA DINAMICA PARCIAL 2'!$A$5:$T$772,15,FALSE) -> 0 | AA5: =VLOOKUP($A5,'TABLA DINAMICA PARCIAL 2'!$A$5:$T$772,16,FALSE) -> 0 | AB5: =VLOOKUP(I5,'TABLA DINAMICA PARCIAL 2'!I48:AB819,17,FALSE) -> 0 | AC5: =VLOOKUP(I5,'TABLA DINAMICA PARCIAL 2'!I48:AB819,18,FALSE) -> 0 | AD5: =VLOOKUP(I5,'TABLA DINAMICA PARCIAL 2'!I48:AB819,19,FALSE) -> 0 | AE5: =SUM(M5:AD5) -> 10 | AF5: =VLOOKUP($A5,'TABLA DINAMICA PARCIAL 3'!$A$5:$I$768,2,FALSE) -> 10 | AG5: =VLOOKUP($A5,'TABLA DINAMICA PARCIAL 3'!$A$5:$I$768,3,FALSE) -> 0 | AH5: =VLOOKUP($A5,'TABLA DINAMICA PARCIAL 3'!$A$5:$I$768,4,FALSE) -> 0 | AI5: =VLOOKUP($A5,'TABLA DINAMICA PARCIAL 3'!$A$5:$I$768,5,FALSE) -> 0 | AJ5: =VLOOKUP($A5,'TABLA DINAMICA PARCIAL 3'!$A$5:$I$768,6,FALSE) -> 0 | AK5: =VLOOKUP($A5,'TABLA DINAMICA PARCIAL 3'!$A$5:$I$768,7,FALSE) -> 0 | AL5: =VLOOKUP($A5,'TABLA DINAMICA PARCIAL 3'!$A$5:$I$768,8,FALSE) -> 10 | AM5: =SUM(AF5:AL5) -> 20 | AN5: =VLOOKUP($A5,'TABLA DINAMICA PARCIAL 4'!$A$5:$F$760,2,FALSE) -> 0 | AO5: =VLOOKUP($A5,'TABLA DINAMICA PARCIAL 4'!$A$5:$F$760,3,FALSE) -> 0 | AP5: =VLOOKUP($A5,'TABLA DINAMICA PARCIAL 4'!$A$5:$F$760,4,FALSE) -> 0 | AQ5: =VLOOKUP($A5,'TABLA DINAMICA PARCIAL 4'!$A$5:$F$760,5,FALSE) -> 0 | AR5: =VLOOKUP($A5,'TABLA DINAMICA PARCIAL 4'!$A$5:$F$760,6,FALSE) -> 0 | AS5: =SUM(AN5:AR5) -> 0 | AT5: =VLOOKUP($A5,'USUARIOS Y GRUPO'!$A$2:$D$851,4,FALSE) -> P19-MAT1022-10
A6: 162975 | B6: Rodríguez Conde | C6: Francisco Alejandro | D6: =VLOOKUP($A6,'TABLA DINAM PARCIAL 1'!$A$5:$I$793,2,FALSE) -> 0 | E6: =VLOOKUP(A6,'TABLA DINAM PARCIAL 1'!A340:I1128,3,FALSE) -> 0 | F6: =VLOOKUP(A6,'TABLA DINAM PARCIAL 1'!A340:I1128,4,FALSE) -> 0 | G6: =VLOOKUP(A6,'TABLA DINAM PARCIAL 1'!A340:I1128,5,FALSE) -> 0 | H6: =VLOOKUP(A6,'TABLA DINAM PARCIAL 1'!A340:I1128,6,FALSE) -> 0 | I6: =VLOOKUP(A6,'TABLA DINAM PARCIAL 1'!A340:I1128,7,FALSE) -> 0 | J6: =VLOOKUP(A6,'TABLA DINAM PARCIAL 1'!A340:I1128,8,FALSE) -> 10 | K6: =VLOOKUP(A6,'TABLA DINAM PARCIAL 1'!A340:I1128,9,FALSE) -> 0 | L6: =SUM(D6:K6) -> 10 | M6: =VLOOKUP($A6,'TABLA DINAMICA PARCIAL 2'!$A$5:$T$772,2,FALSE) -> 0 | N6: =VLOOKUP($A6,'TABLA DINAMICA PARCIAL 2'!$A$5:$T$772,3,FALSE) -> 10 | O6: =VLOOKUP($A6,'TABLA DINAMICA PARCIAL 2'!$A$5:$T$772,4,FALSE) -> 0 | P6: =VLOOKUP($A6,'TABLA DINAMICA PARCIAL 2'!$A$5:$T$772,5,FALSE) -> 0 | Q6: =VLOOKUP($A6,'TABLA DINAMICA PARCIAL 2'!$A$5:$T$772,6,FALSE) -> 0 | R6: =VLOOKUP($A6,'TABLA DINAMICA PARCIAL 2'!$A$5:$T$772,7,FALSE) -> 0 | S6: =VLOOKUP($A6,'TABLA DINAMICA PARCIAL 2'!$A$5:$T$772,8,FALSE) -> 0 | T6: =VLOOKUP($A6,'TABLA DINAMICA PARCIAL 2'!$A$5:$T$772,9,FALSE) -> 10 | U6: =VLOOKUP($A6,'TABLA DINAMICA PARCIAL 2'!$A$5:$T$772,10,FALSE) -> 0 | V6: =VLOOKUP($A6,'TABLA DINAMICA PARCIAL 2'!$A$5:$T$772,11,FALSE) -> 0 | W6: =VLOOKUP($A6,'TABLA DINAMICA PARCIAL 2'!$A$5:$T$772,12,FALSE) -> 0 | X6: =VLOOKUP($A6,'TABLA DINAMICA PARCIAL 2'!$A$5:$T$772,13,FALSE) -> 0 | Y6: =VLOOKUP($A6,'TABLA DINAMICA PARCIAL 2'!$A$5:$T$772,14,FALSE) -> 0 | Z6: =VLOOKUP($A6,'TABLA DINAMICA PARCIAL 2'!$A$5:$T$772,15,FALSE) -> 10 | AA6: =VLOOKUP($A6,'TABLA DINAMICA PARCIAL 2'!$A$5:$T$772,16,FALSE) -> 0 | AB6: =VLOOKUP(I6,'TABLA DINAMICA PARCIAL 2'!I377:AB1148,17,FALSE) -> 0 | AC6: =VLOOKUP(I6,'TABLA DINAMICA PARCIAL 2'!I377:AB1148,18,FALSE) -> 0 | AD6: =VLOOKUP(I6,'TABLA DINAMICA PARCIAL 2'!I377:AB1148,19,FALSE) -> 0 | AE6: =SUM(M6:AD6) -> 30 | AF6: =VLOOKUP($A6,'TABLA DINAMICA PARCIAL 3'!$A$5:$I$768,2,FALSE) -> 10 | AG6: =VLOOKUP($A6,'TABLA DINAMICA PARCIAL 3'!$A$5:$I$768,3,FALSE) -> 0 | AH6: =VLOOKUP($A6,'TABLA DINAMICA PARCIAL 3'!$A$5:$I$768,4,FALSE) -> 10 | AI6: =VLOOKUP($A6,'TABLA DINAMICA PARCIAL 3'!$A$5:$I$768,5,FALSE) -> 0 | AJ6: =VLOOKUP($A6,'TABLA DINAMICA PARCIAL 3'!$A$5:$I$768,6,FALSE) -> 0 | AK6: =VLOOKUP($A6,'TABLA DINAMICA PARCIAL 3'!$A$5:$I$768,7,FALSE) -> 10 | AL6: =VLOOKUP($A6,'TABLA DINAMICA PARCIAL 3'!$A$5:$I$768,8,FALSE) -> 0 | AM6: =SUM(AF6:AL6) -> 30 | AN6: =VLOOKUP($A6,'TABLA DINAMICA PARCIAL 4'!$A$5:$F$760,2,FALSE) -> 0 | AO6: =VLOOKUP($A6,'TABLA DINAMICA PARCIAL 4'!$A$5:$F$760,3,FALSE) -> 0 | AP6: =VLOOKUP($A6,'TABLA DINAMICA PARCIAL 4'!$A$5:$F$760,4,FALSE) -> 0 | AQ6: =VLOOKUP($A6,'TABLA DINAMICA PARCIAL 4'!$A$5:$F$760,5,FALSE) -> 10 | AR6: =VLOOKUP($A6,'TABLA DINAMICA PARCIAL 4'!$A$5:$F$760,6,FALSE) -> 0 | AS6: =SUM(AN6:AR6) -> 10 | AT6: =VLOOKUP($A6,'USUARIOS Y GRUPO'!$A$2:$D$851,4,FALSE) -> P19-MAT1022-10
A7: 164378 | B7: Guzman | C7: Moises | D7: =VLOOKUP($A7,'TABLA DINAM PARCIAL 1'!$A$5:$I$793,2,FALSE) -> 0 | E7: =VLOOKUP(A7,'TABLA DINAM PARCIAL 1'!A698:I1486,3,FALSE) -> 0 | F7: =VLOOKUP(A7,'TABLA DINAM PARCIAL 1'!A698:I1486,4,FALSE) -> 0 | G7: =VLOOKUP(A7,'TABLA DINAM PARCIAL 1'!A698:I1486,5,FALSE) -> 0 | H7: =VLOOKUP(A7,'TABLA DINAM PARCIAL 1'!A698:I1486,6,FALSE) -> 10 | I7: =VLOOKUP(A7,'TABLA DINAM PARCIAL 1'!A698:I1486,7,FALSE) -> 0 | J7: =VLOOKUP(A7,'TABLA DINAM PARCIAL 1'!A698:I1486,8,FALSE) -> 0 | K7: =VLOOKUP(A7,'TABLA DINAM PARCIAL 1'!A698:I1486,9,FALSE) -> 0 | L7: =SUM(D7:K7) -> 10 | M7: =VLOOKUP($A7,'TABLA DINAMICA PARCIAL 2'!$A$5:$T$772,2,FALSE) -> 0 | N7: =VLOOKUP($A7,'TABLA DINAMICA PARCIAL 2'!$A$5:$T$772,3,FALSE) -> 0 | O7: =VLOOKUP($A7,'TABLA DINAMICA PARCIAL 2'!$A$5:$T$772,4,FALSE) -> 0 | P7: =VLOOKUP($A7,'TABLA DINAMICA PARCIAL 2'!$A$5:$T$772,5,FALSE) -> 0 | Q7: =VLOOKUP($A7,'TABLA DINAMICA PARCIAL 2'!$A$5:$T$772,6,FALSE) -> 0 | R7: =VLOOKUP($A7,'TABLA DINAMICA PARCIAL 2'!$A$5:$T$772,7,FALSE) -> 0 | S7: =VLOOKUP($A7,'TABLA DINAMICA PARCIAL 2'!$A$5:$T$772,8,FALSE) -> 0 | T7: =VLOOKUP($A7,'TABLA DINAMICA PARCIAL 2'!$A$5:$T$772,9,FALSE) -> 10 | U7: =VLOOKUP($A7,'TABLA DINAMICA PARCIAL 2'!$A$5:$T$772,10,FALSE) -> 0 | V7: =VLOOKUP($A7,'TABLA DINAMICA PARCIAL 2'!$A$5:$T$772,11,FALSE) -> 0 | W7: =VLOOKUP($A7,'TABLA DINAMICA PARCIAL 2'!$A$5:$T$772,12,FALSE) -> 0 | X7: =VLOOKUP($A7,'TABLA DINAMICA PARCIAL 2'!$A$5:$T$772,13,FALSE) -> 0 | Y7: =VLOOKUP($A7,'TABLA DINAMICA PARCIAL 2'!$A$5:$T$772,14,FALSE) -> 0 | Z7: =VLOOKUP($A7,'TABLA DINAMICA PARCIAL 2'!$A$5:$T$772,15,FALSE) -> 0 | AA7: =VLOOKUP($A7,'TABLA DINAMICA PARCIAL 2'!$A$5:$T$772,16,FALSE) -> 0 | AB7: =VLOOKUP(I7,'TABLA DINAMICA PARCIAL 2'!I751:AB1522,17,FALSE) -> 0 | AC7: =VLOOKUP(I7,'TABLA DINAMICA PARCIAL 2'!I751:AB1522,18,FALSE) -> 0 | AD7: =VLOOKUP(I7,'TABLA DINAMICA PARCIAL 2'!I751:AB1522,19,FALSE) -> 0 | AE7: =SUM(M7:AD7) -> 10 | AF7: =VLOOKUP($A7,'TABLA DINAMICA PARCIAL 3'!$A$5:$I$768,2,FALSE) -> 10 | AG7: =VLOOKUP($A7,'TABLA DINAMICA PARCIAL 3'!$A$5:$I$768,3,FALSE) -> 0 | AH7: =VLOOKUP($A7,'TABLA DINAMICA PARCIAL 3'!$A$5:$I$768,4,FALSE) -> 10 | AI7: =VLOOKUP($A7,'TABLA DINAMICA PARCIAL 3'!$A$5:$I$768,5,FALSE) -> 0 | AJ7: =VLOOKUP($A7,'TABLA DINAMICA PARCIAL 3'!$A$5:$I$768,6,FALSE) -> 0 | AK7: =VLOOKUP($A7,'TABLA DINAMICA PARCIAL 3'!$A$5:$I$768,7,FALSE) -> 0 | AL7: =VLOOKUP($A7,'TABLA DINAMICA PARCIAL 3'!$A$5:$I$768,8,FALSE) -> 10 | AM7: =SUM(AF7:AL7) -> 30 | AN7: =VLOOKUP($A7,'TABLA DINAMICA PARCIAL 4'!$A$5:$F$760,2,FALSE) -> 0 | AO7: =VLOOKUP($A7,'TABLA DINAMICA PARCIAL 4'!$A$5:$F$760,3,FALSE) -> 10 | AP7: =VLOOKUP($A7,'TABLA DINAMICA PARCIAL 4'!$A$5:$F$760,4,FALSE) -> 0 | AQ7: =VLOOKUP($A7,'TABLA DINAMICA PARCIAL 4'!$A$5:$F$760,5,FALSE) -> 0 | AR7: =VLOOKUP($A7,'TABLA DINAMICA PARCIAL 4'!$A$5:$F$760,6,FALSE) -> 0 | AS7: =SUM(AN7:AR7) -> 10 | AT7: =VLOOKUP($A7,'USUARIOS Y GRUPO'!$A$2:$D$851,4,FALSE) -> P19-MAT1022-10
A8: 164890 | B8: López Mejia | C8: Karla Yaret | D8: =VLOOKUP($A8,'TABLA DINAM PARCIAL 1'!$A$5:$I$793,2,FALSE) -> 0 | E8: =VLOOKUP(A8,'TABLA DINAM PARCIAL 1'!A783:I1571,3,FALSE) -> 0 | F8: =VLOOKUP(A8,'TABLA DINAM PARCIAL 1'!A783:I1571,4,FALSE) -> 0 | G8: =VLOOKUP(A8,'TABLA DINAM PARCIAL 1'!A783:I1571,5,FALSE) -> 10 | H8: =VLOOKUP(A8,'TABLA DINAM PARCIAL 1'!A783:I1571,6,FALSE) -> 0 | I8: =VLOOKUP(A8,'TABLA DINAM PARCIAL 1'!A783:I1571,7,FALSE) -> 0 | J8: =VLOOKUP(A8,'TABLA DINAM PARCIAL 1'!A783:I1571,8,FALSE) -> 0 | K8: =VLOOKUP(A8,'TABLA DINAM PARCIAL 1'!A783:I1571,9,FALSE) -> 0 | L8: =SUM(D8:K8) -> 10 | M8: =VLOOKUP($A8,'TABLA DINAMICA PARCIAL 2'!$A$5:$T$772,2,FALSE) -> 0 | N8: =VLOOKUP($A8,'TABLA DINAMICA PARCIAL 2'!$A$5:$T$772,3,FALSE) -> 0 | O8: =VLOOKUP($A8,'TABLA DINAMICA PARCIAL 2'!$A$5:$T$772,4,FALSE) -> 0 | P8: =VLOOKUP($A8,'TABLA DINAMICA PARCIAL 2'!$A$5:$T$772,5,FALSE) -> 10 | Q8: =VLOOKUP($A8,'TABLA DINAMICA PARCIAL 2'!$A$5:$T$772,6,FALSE) -> 0 | R8: =VLOOKUP($A8,'TABLA DINAMICA PARCIAL 2'!$A$5:$T$772,7,FALSE) -> 0 | S8: =VLOOKUP($A8,'TABLA DINAMICA PARCIAL 2'!$A$5:$T$772,8,FALSE) -> 10 | T8: =VLOOKUP($A8,'TABLA DINAMICA PARCIAL 2'!$A$5:$T$772,9,FALSE) -> 0 | U8: =VLOOKUP($A8,'TABLA DINAMICA PARCIAL 2'!$A$5:$T$772,10,FALSE) -> 0 | V8: =VLOOKUP($A8,'TABLA DINAMICA PARCIAL 2'!$A$5:$T$772,11,FALSE) -> 0 | W8: =VLOOKUP($A8,'TABLA DINAMICA PARCIAL 2'!$A$5:$T$772,12,FALSE) -> 0 | X8: =VLOOKUP($A8,'TABLA DINAMICA PARCIAL 2'!$A$5:$T$772,13,FALSE) -> 0 | Y8: =VLOOKUP($A8,'TABLA DINAMICA PARCIAL 2'!$A$5:$T$772,14,FALSE) -> 0 | Z8: =VLOOKUP($A8,'TABLA DINAMICA PARCIAL 2'!$A$5:$T$772,15,FALSE) -> 0 | AA8: =VLOOKUP($A8,'TABLA DINAMICA PARCIAL 2'!$A$5:$T$772,16,FALSE) -> 0 | AB8: =VLOOKUP(I8,'TABLA DINAMICA PARCIAL 2'!I845:AB1616,17,FALSE) -> #N/A | AC8: =VLOOKUP(I8,'TABLA DINAMICA PARCIAL 2'!I845:AB1616,18,FALSE) -> #N/A | AD8: =VLOOKUP(I8,'TABLA DINAMICA PARCIAL 2'!I845:AB1616,19,FALSE) -> #N/A | AE8: =SUM(M8:AD8) -> #N/A | AF8: =VLOOKUP($A8,'TABLA DINAMICA PARCIAL 3'!$A$5:$I$768,2,FALSE) -> 0 | AG8: =VLOOKUP($A8,'TABLA DINAMICA PARCIAL 3'!$A$5:$I$768,3,FALSE) -> 0 | AH8: =VLOOKUP($A8,'TABLA DINAMICA PARCIAL 3'!$A$5:$I$768,4,FALSE) -> 0 | AI8: =VLOOKUP($A8,'TABLA DINAMICA PARCIAL 3'!$A$5:$I$768,5,FALSE) -> 0 | AJ8: =VLOOKUP($A8,'TABLA DINAMICA PARCIAL 3'!$A$5:$I$768,6,FALSE) -> 0 | AK8: =VLOOKUP($A8,'TABLA DINAMICA PARCIAL 3'!$A$5:$I$768,7,FALSE) -> 0 | AL8: =VLOOKUP($A8,'TABLA DINAMICA PARCIAL 3'!$A$5:$I$768,8,FALSE) -> 10 | AM8: =SUM(AF8:AL8) -> 10 | AN8: =VLOOKUP($A8,'TABLA DINAMICA PARCIAL 4'!$A$5:$F$760,2,FALSE) -> 10 | AO8: =VLOOKUP($A8,'TABLA DINAMICA PARCIAL 4'!$A$5:$F$760,3,FALSE) -> 0 | AP8: =VLOOKUP($A8,'TABLA DINAMICA PARCIAL 4'!$A$5:$F$760,4,FALSE) -> 0 | AQ8: =VLOOKUP($A8,'TABLA DINAMICA PARCIAL 4'!$A$5:$F$760,5,FALSE) -> 10 | AR8: =VLOOKUP($A8,'TABLA DINAMICA PARCIAL 4'!$A$5:$F$760,6,FALSE) -> 0 | AS8: =SUM(AN8:AR8) -> 20 | AT8: =VLOOKUP($A8,'USUARIOS Y GRUPO'!$A$2:$D$851,4,FALSE) -> P19-MAT1022-10
A9: 161044 | B9: Thompson Pérez | C9: Malcolm | D9: =VLOOKUP($A9,'TABLA DINAM PARCIAL 1'!$A$5:$I$793,2,FALSE) -> 10 | E9: =VLOOKUP(A9,'TABLA DINAM PARCIAL 1'!A70:I858,3,FALSE) -> 0 | F9: =VLOOKUP(A9,'TABLA DINAM PARCIAL 1'!A70:I858,4,FALSE) -> 0 | G9: =VLOOKUP(A9,'TABLA DINAM PARCIAL 1'!A70:I858,5,FALSE) -> 0 | H9: =VLOOKUP(A9,'TABLA DINAM PARCIAL 1'!A70:I858,6,FALSE) -> 0 | I9: =VLOOKUP(A9,'TABLA DINAM PARCIAL 1'!A70:I858,7,FALSE) -> 0 | J9: =VLOOKUP(A9,'TABLA DINAM PARCIAL 1'!A70:I858,8,FALSE) -> 10 | K9: =VLOOKUP(A9,'TABLA DINAM PARCIAL 1'!A70:I858,9,FALSE) -> 0 | L9: =SUM(D9:K9) -> 20 | M9: =VLOOKUP($A9,'TABLA DINAMICA PARCIAL 2'!$A$5:$T$772,2,FALSE) -> 0 | N9: =VLOOKUP($A9,'TABLA DINAMICA PARCIAL 2'!$A$5:$T$772,3,FALSE) -> 0 | O9: =VLOOKUP($A9,'TABLA DINAMICA PARCIAL 2'!$A$5:$T$772,4,FALSE) -> 0 | P9: =VLOOKUP($A9,'TABLA DINAMICA PARCIAL 2'!$A$5:$T$772,5,FALSE) -> 0 | Q9: =VLOOKUP($A9,'TABLA DINAMICA PARCIAL 2'!$A$5:$T$772,6,FALSE) -> 0 | R9: =VLOOKUP($A9,'TABLA DINAMICA PARCIAL 2'!$A$5:$T$772,7,FALSE) -> 0 | S9: =VLOOKUP($A9,'TABLA DINAMICA PARCIAL 2'!$A$5:$T$772,8,FALSE) -> 0 | T9: =VLOOKUP($A9,'TABLA DINAMICA PARCIAL 2'!$A$5:$T$772,9,FALSE) -> 0 | U9: =VLOOKUP($A9,'TABLA DINAMICA PARCIAL 2'!$A$5:$T$772,10,FALSE) -> 0 | V9: =VLOOKUP($A9,'TABLA DINAMICA PARCIAL 2'!$A$5:$T$772,11,FALSE) -> 0 | W9: =VLOOKUP($A9,'TABLA DINAMICA PARCIAL 2'!$A$5:$T$772,12,FALSE) -> 0 | X9: =VLOOKUP($A9,'TABLA DINAMICA PARCIAL 2'!$A$5:$T$772,13,FALSE) -> 0 | Y9: =VLOOKUP($A9,'TABLA DINAMICA PARCIAL 2'!$A$5:$T$772,14,FALSE) -> 0 | Z9: =VLOOKUP($A9,'TABLA DINAMICA PARCIAL 2'!$A$5:$T$772,15,FALSE) -> 10 | AA9: =VLOOKUP($A9,'TABLA DINAMICA PARCIAL 2'!$A$5:$T$772,16,FALSE) -> 0 | AB9: =VLOOKUP(I9,'TABLA DINAMICA PARCIAL 2'!I91:AB862,17,FALSE) -> 0 | AC9: =VLOOKUP(I9,'TABLA DINAMICA PARCIAL 2'!I91:AB862,18,FALSE) -> 0 | AD9: =VLOOKUP(I9,'TABLA DINAMICA PARCIAL 2'!I91:AB862,19,FALSE) -> 0 | AE9: =SUM(M9:AD9) -> 10 | AF9: =VLOOKUP($A9,'TABLA DINAMICA PARCIAL 3'!$A$5:$I$768,2,FALSE) -> 0 | AG9: =VLOOKUP($A9,'TABLA DINAMICA PARCIAL 3'!$A$5:$I$768,3,FALSE) -> 0 | AH9: =VLOOKUP($A9,'TABLA DINAMICA PARCIAL 3'!$A$5:$I$768,4,FALSE) -> 10 | AI9: =VLOOKUP($A9,'TABLA DINAMICA PARCIAL 3'!$A$5:$I$768,5,FALSE) -> 0 | AJ9: =VLOOKUP($A9,'TABLA DINAMICA PARCIAL 3'!$A$5:$I$768,6,FALSE) -> 10 | AK9: =VLOOKUP($A9,'TABLA DINAMICA PARCIAL 3'!$A$5:$I$768,7,FALSE) -> 0 | AL9: =VLOOKUP($A9,'TABLA DINAMICA PARCIAL 3'!$A$5:$I$768,8,FALSE) -> 0 | AM9: =SUM(AF9:AL9) -> 20 | AN9: =VLOOKUP($A9,'TABLA DINAMICA PARCIAL 4'!$A$5:$F$760,2,FALSE) -> 0 | AO9: =VLOOKUP($A9,'TABLA DINAMICA PARCIAL 4'!$A$5:$F$760,3,FALSE) -> 0 | AP9: =VLOOKUP($A9,'TABLA DINAMICA PARCIAL 4'!$A$5:$F$760,4,FALSE) -> 0 | AQ9: =VLOOKUP($A9,'TABLA DINAMICA PARCIAL 4'!$A$5:$F$760,5,FALSE) -> 0 | AR9: =VLOOKUP($A9,'TABLA DINAMICA PARCIAL 4'!$A$5:$F$760,6,FALSE) -> 0 | AS9: =SUM(AN9:AR9) -> 0 | AT9: =VLOOKUP($A9,'USUARIOS Y GRUPO'!$A$2:$D$851,4,FALSE) -> P19-MAT1022-10
A10: 162447 | B10: Guirado Acosta | C10: David Israel | D10: =VLOOKUP($A10,'TABLA DINAM PARCIAL 1'!$A$5:$I$793,2,FALSE) -> 10 | E10: =VLOOKUP(A10,'TABLA DINAM PARCIAL 1'!A206:I994,3,FALSE) -> 0 | F10: =VLOOKUP(A10,'TABLA DINAM PARCIAL 1'!A206:I994,4,FALSE) -> 0 | G10: =VLOOKUP(A10,'TABLA DINAM PARCIAL 1'!A206:I994,5,FALSE) -> 0 | H10: =VLOOKUP(A10,'TABLA DINAM PARCIAL 1'!A206:I994,6,FALSE) -> 0 | I10: =VLOOKUP(A10,'TABLA DINAM PARCIAL 1'!A206:I994,7,FALSE) -> 0 | J10: =VLOOKUP(A10,'TABLA DINAM PARCIAL 1'!A206:I994,8,FALSE) -> 10 | K10: =VLOOKUP(A10,'TABLA DINAM PARCIAL 1'!A206:I994,9,FALSE) -> 0 | L10: =SUM(D10:K10) -> 20 | M10: =VLOOKUP($A10,'TABLA DINAMICA PARCIAL 2'!$A$5:$T$772,2,FALSE) -> 0 | N10: =VLOOKUP($A10,'TABLA DINAMICA PARCIAL 2'!$A$5:$T$772,3,FALSE) -> 0 | O10: =VLOOKUP($A10,'TABLA DINAMICA PARCIAL 2'!$A$5:$T$772,4,FALSE) -> 0 | P10: =VLOOKUP($A10,'TABLA DINAMICA PARCIAL 2'!$A$5:$T$772,5,FALSE) -> 0 | Q10: =VLOOKUP($A10,'TABLA DINAMICA PARCIAL 2'!$A$5:$T$772,6,FALSE) -> 0 | R10: =VLOOKUP($A10,'TABLA DINAMICA PARCIAL 2'!$A$5:$T$772,7,FALSE) -> 0 | S10: =VLOOKUP($A10,'TABLA DINAMICA PARCIAL 2'!$A$5:$T$772,8,FALSE) -> 0 | T10: =VLOOKUP($A10,'TABLA DINAMICA PARCIAL 2'!$A$5:$T$772,9,FALSE) -> 0 | U10: =VLOOKUP($A10,'TABLA DINAMICA PARCIAL 2'!$A$5:$T$772,10,FALSE) -> 0 | V10: =VLOOKUP($A10,'TABLA DINAMICA PARCIAL 2'!$A$5:$T$772,11,FALSE) -> 0 | W10: =VLOOKUP($A10,'TABLA DINAMICA PARCIAL 2'!$A$5:$T$772,12,FALSE) -> 0 | X10: =VLOOKUP($A10,'TABLA DINAMICA PARCIAL 2'!$A$5:$T$772,13,FALSE) -> 0 | Y10: =VLOOKUP($A10,'TABLA DINAMICA PARCIAL 2'!$A$5:$T$772,14,FALSE) -> 0 | Z10: =VLOOKUP($A10,'TABLA DINAMICA PARCIAL 2'!$A$5:$T$772,15,FALSE) -> 10 | AA10: =VLOOKUP($A10,'TABLA DINAMICA PARCIAL 2'!$A$5:$T$772,16,FALSE) -> 0 | AB10: =VLOOKUP(I10,'TABLA DINAMICA PARCIAL 2'!I236:AB1007,17,FALSE) -> 0 | AC10: =VLOOKUP(I10,'TABLA DINAMICA PARCIAL 2'!I236:AB1007,18,FALSE) -> 0 | AD10: =VLOOKUP(I10,'TABLA DINAMICA PARCIAL 2'!I236:AB1007,19,FALSE) -> 0 | AE10: =SUM(M10:AD10) -> 10 | AF10: =VLOOKUP($A10,'TABLA DINAMICA PARCIAL 3'!$A$5:$I$768,2,FALSE) -> 10 | AG10: =VLOOKUP($A10,'TABLA DINAMICA PARCIAL 3'!$A$5:$I$768,3,FALSE) -> 0 | AH10: =VLOOKUP($A10,'TABLA DINAMICA PARCIAL 3'!$A$5:$I$768,4,FALSE) -> 10 | AI10: =VLOOKUP($A10,'TABLA DINAMICA PARCIAL 3'!$A$5:$I$768,5,FALSE) -> 0 | AJ10: =VLOOKUP($A10,'TABLA DINAMICA PARCIAL 3'!$A$5:$I$768,6,FALSE) -> 10 | AK10: =VLOOKUP($A10,'TABLA DINAMICA PARCIAL 3'!$A$5:$I$768,7,FALSE) -> 10 | AL10: =VLOOKUP($A10,'TABLA DINAMICA PARCIAL 3'!$A$5:$I$768,8,FALSE) -> 0 | AM10: =SUM(AF10:AL10) -> 40 | AN10: =VLOOKUP($A10,'TABLA DINAMICA PARCIAL 4'!$A$5:$F$760,2,FALSE) -> 0 | AO10: =VLOOKUP($A10,'TABLA DINAMICA PARCIAL 4'!$A$5:$F$760,3,FALSE) -> 0 | AP10: =VLOOKUP($A10,'TABLA DINAMICA PARCIAL 4'!$A$5:$F$760,4,FALSE) -> 0 | AQ10: =VLOOKUP($A10,'TABLA DINAMICA PARCIAL 4'!$A$5:$F$760,5,FALSE) -> 10 | AR10: =VLOOKUP($A10,'TABLA DINAMICA PARCIAL 4'!$A$5:$F$760,6,FALSE) -> 0 | AS10: =SUM(AN10:AR10) -> 10 | AT10: =VLOOKUP($A10,'USUARIOS Y GRUPO'!$A$2:$D$851,4,FALSE) -> P19-MAT1022-10
A11: 162470 | B11: Escobar Moya | C11: Norma Silvia | D11: =VLOOKUP($A11,'TABLA DINAM PARCIAL 1'!$A$5:$I$793,2,FALSE) -> 10 | E11: =VLOOKUP(A11,'TABLA DINAM PARCIAL 1'!A214:I1002,3,FALSE) -> 0 | F11: =VLOOKUP(A11,'TABLA DINAM PARCIAL 1'!A214:I1002,4,FALSE) -> 0 | G11: =VLOOKUP(A11,'TABLA DINAM PARCIAL 1'!A214:I1002,5,FALSE) -> 0 | H11: =VLOOKUP(A11,'TABLA DINAM PARCIAL 1'!A214:I1002,6,FALSE) -> 10 | I11: =VLOOKUP(A11,'TABLA DINAM PARCIAL 1'!A214:I1002,7,FALSE) -> 0 | J11: =VLOOKUP(A11,'TABLA DINAM PARCIAL 1'!A214:I1002,8,FALSE) -> 0 | K11: =VLOOKUP(A11,'TABLA DINAM PARCIAL 1'!A214:I1002,9,FALSE) -> 0 | L11: =SUM(D11:K11) -> 20 | M11: =VLOOKUP($A11,'TABLA DINAMICA PARCIAL 2'!$A$5:$T$772,2,FALSE) -> 0 | N11: =VLOOKUP($A11,'TABLA DINAMICA PARCIAL 2'!$A$5:$T$772,3,FALSE) -> 0 | O11: =VLOOKUP($A11,'TABLA DINAMICA PARCIAL 2'!$A$5:$T$772,4,FALSE) -> 0 | P11: =VLOOKUP($A11,'TABLA DINAMICA PARCIAL 2'!$A$5:$T$772,5,FALSE) -> 0 | Q11: =VLOOKUP($A11,'TABLA DINAMICA PARCIAL 2'!$A$5:$T$772,6,FALSE) -> 0 | R11: =VLOOKUP($A11,'TABLA DINAMICA PARCIAL 2'!$A$5:$T$772,7,FALSE) -> 0 | S11: =VLOOKUP($A11,'TABLA DINAMICA PARCIAL 2'!$A$5:$T$772,8,FALSE) -> 0 | T11: =VLOOKUP($A11,'TABLA DINAMICA PARCIAL 2'!$A$5:$T$772,9,FALSE) -> 0 | U11: =VLOOKUP($A11,'TABLA DINAMICA PARCIAL 2'!$A$5:$T$772,10,FALSE) -> 10 | V11: =VLOOKUP($A11,'TABLA DINAMICA PARCIAL 2'!$A$5:$T$772,11,FALSE) -> 0 | W11: =VLOOKUP($A11,'TABLA DINAMICA PARCIAL 2'!$A$5:$T$772,12,FALSE) -> 0 | X11: =VLOOKUP($A11,'TABLA DINAMICA PARCIAL 2'!$A$5:$T$772,13,FALSE) -> 0 | Y11: =VLOOKUP($A11,'TABLA DINAMICA PARCIAL 2'!$A$5:$T$772,14,FALSE) -> 10 | Z11: =VLOOKUP($A11,'TABLA DINAMICA PARCIAL 2'!$A$5:$T$772,15,FALSE) -> 0 | AA11: =VLOOKUP($A11,'TABLA DINAMICA PARCIAL 2'!$A$5:$T$772,16,FALSE) -> 0 | AB11: =VLOOKUP(I11,'TABLA DINAMICA PARCIAL 2'!I244:AB1015,17,FALSE) -> 0 | AC11: =VLOOKUP(I11,'TABLA DINAMICA PARCIAL 2'!I244:AB1015,18,FALSE) -> 0 | AD11: =VLOOKUP(I11,'TABLA DINAMICA PARCIAL 2'!I244:AB1015,19,FALSE) -> 0 | AE11: =SUM(M11:AD11) -> 20 | AF11: =VLOOKUP($A11,'TABLA DINAMICA PARCIAL 3'!$A$5:$I$768,2,FALSE) -> 0 | AG11: =VLOOKUP($A11,'TABLA DINAMICA PARCIAL 3'!$A$5:$I$768,3,FALSE) -> 0 | AH11: =VLOOKUP($A11,'TABLA DINAMICA PARCIAL 3'!$A$5:$I$768,4,FALSE) -> 10 | AI11: =VLOOKUP($A11,'TABLA DINAMICA PARCIAL 3'!$A$5:$I$768,5,FALSE) -> 0 | AJ11: =VLOOKUP($A11,'TABLA DINAMICA PARCIAL 3'!$A$5:$I$768,6,FALSE) -> 0 | AK11: =VLOOKUP($A11,'TABLA DINAMICA PARCIAL 3'!$A$5:$I$768,7,FALSE) -> 0 | AL11: =VLOOKUP($A11,'TABLA DINAMICA PARCIAL 3'!$A$5:$I$768,8,FALSE) -> 0 | AM11: =SUM(AF11:AL11) -> 10 | AN11: =VLOOKUP($A11,'TABLA DINAMICA PARCIAL 4'!$A$5:$F$760,2,FALSE) -> 0 | AO11: =VLOOKUP($A11,'TABLA DINAMICA PARCIAL 4'!$A$5:$F$760,3,FALSE) -> 0 | AP11: =VLOOKUP($A11,'TABLA DINAMICA PARCIAL 4'!$A$5:$F$760,4,FALSE) -> 0 | AQ11: =VLOOKUP($A11,'TABLA DINAMICA PARCIAL 4'!$A$5:$F$760,5,FALSE) -> 0 | AR11: =VLOOKUP($A11,'TABLA DINAMICA PARCIAL 4'!$A$5:$F$760,6,FALSE) -> 0 | AS11: =SUM(AN11:AR11) -> 0 | AT11: =VLOOKUP($A11,'USUARIOS Y GRUPO'!$A$2:$D$851,4,FALSE) -> P19-MAT1022-10
A12: 163018 | B12: Sandoval Morales | C12: Aylin Michelle | D12: =VLOOKUP($A12,'TABLA DINAM PARCIAL 1'!$A$5:$I$793,2,FALSE) -> 0 | E12: =VLOOKUP(A12,'TABLA DINAM PARCIAL 1'!A350:I1138,3,FALSE) -> 0 | F12: =VLOOKUP(A12,'TABLA DINAM PARCIAL 1'!A350:I1138,4,FALSE) -> 0 | G12: =VLOOKUP(A12,'TABLA DINAM PARCIAL 1'!A350:I1138,5,FALSE) -> 0 | H12: =VLOOKUP(A12,'TABLA DINAM PARCIAL 1'!A350:I1138,6,FALSE) -> 10 | I12: =VLOOKUP(A12,'TABLA DINAM PARCIAL 1'!A350:I1138,7,FALSE) -> 0 | J12: =VLOOKUP(A12,'TABLA DINAM PARCIAL 1'!A350:I1138,8,FALSE) -> 10 | K12: =VLOOKUP(A12,'TABLA DINAM PARCIAL 1'!A350:I1138,9,FALSE) -> 0 | L12: =SUM(D12:K12) -> 20 | M12: =VLOOKUP($A12,'TABLA DINAMICA PARCIAL 2'!$A$5:$T$772,2,FALSE) -> 0 | N12: =VLOOKUP($A12,'TABLA DINAMICA PARCIAL 2'!$A$5:$T$772,3,FALSE) -> 0 | O12: =VLOOKUP($A12,'TABLA DINAMICA PARCIAL 2'!$A$5:$T$772,4,FALSE) -> 0 | P12: =VLOOKUP($A12,'TABLA DINAMICA PARCIAL 2'!$A$5:$T$772,5,FALSE) -> 0 | Q12: =VLOOKUP($A12,'TABLA DINAMICA PARCIAL 2'!$A$5:$T$772,6,FALSE) -> 0 | R12: =VLOOKUP($A12,'TABLA DINAMICA PARCIAL 2'!$A$5:$T$772,7,FALSE) -> 0 | S12: =VLOOKUP($A12,'TABLA DINAMICA PARCIAL 2'!$A$5:$T$772,8,FALSE) -> 0 | T12: =VLOOKUP($A12,'TABLA DINAMICA PARCIAL 2'!$A$5:$T$772,9,FALSE) -> 0 | U12: =VLOOKUP($A12,'TABLA DINAMICA PARCIAL 2'!$A$5:$T$772,10,FALSE) -> 0 | V12: =VLOOKUP($A12,'TABLA DINAMICA PARCIAL 2'!$A$5:$T$772,11,FALSE) -> 10 | W12: =VLOOKUP($A12,'TABLA DINAMICA PARCIAL 2'!$A$5:$T$772,12,FALSE) -> 0 | X12: =VLOOKUP($A12,'TABLA DINAMICA PARCIAL 2'!$A$5:$T$772,13,FALSE) -> 0 | Y12: =VLOOKUP($A12,'TABLA DINAMICA PARCIAL 2'!$A$5:$T$772,14,FALSE) -> 0 | Z12: =VLOOKUP($A12,'TABLA DINAMICA PARCIAL 2'!$A$5:$T$772,15,FALSE) -> 0 | AA12: =VLOOKUP($A12,'TABLA DINAMICA PARCIAL 2'!$A$5:$T$772,16,FALSE) -> 0 | AB12: =VLOOKUP(I12,'TABLA DINAMICA PARCIAL 2'!I387:AB1158,17,FALSE) -> 0 | AC12: =VLOOKUP(I12,'TABLA DINAMICA PARCIAL 2'!I387:AB1158,18,FALSE) -> 0 | AD12: =VLOOKUP(I12,'TABLA DINAMICA PARCIAL 2'!I387:AB1158,19,FALSE) -> 0 | AE12: =SUM(M12:AD12) -> 10 | AF12: =VLOOKUP($A12,'TABLA DINAMICA PARCIAL 3'!$A$5:$I$768,2,FALSE) -> 0 | AG12: =VLOOKUP($A12,'TABLA DINAMICA PARCIAL 3'!$A$5:$I$768,3,FALSE) -> 0 | AH12: =VLOOKUP($A12,'TABLA DINAMICA PARCIAL 3'!$A$5:$I$768,4,FALSE) -> 10 | AI12: =VLOOKUP($A12,'TABLA DINAMICA PARCIAL 3'!$A$5:$I$768,5,FALSE) -> 0 | AJ12: =VLOOKUP($A12,'TABLA DINAMICA PARCIAL 3'!$A$5:$I$768,6,FALSE) -> 10 | AK12: =VLOOKUP($A12,'TABLA DINAMICA PARCIAL 3'!$A$5:$I$768,7,FALSE) -> 10 | AL12: =VLOOKUP($A12,'TABLA DINAMICA PARCIAL 3'!$A$5:$I$768,8,FALSE) -> 0 | AM12: =SUM(AF12:AL12) -> 30 | AN12: =VLOOKUP($A12,'TABLA DINAMICA PARCIAL 4'!$A$5:$F$760,2,FALSE) -> 0 | AO12: =VLOOKUP($A12,'TABLA DINAMICA PARCIAL 4'!$A$5:$F$760,3,FALSE) -> 10 | AP12: =VLOOKUP($A12,'TABLA DINAMICA PARCIAL 4'!$A$5:$F$760,4,FALSE) -> 0 | AQ12: =VLOOKUP($A12,'TABLA DINAMICA PARCIAL 4'!$A$5:$F$760,5,FALSE) -> 10 | AR12: =VLOOKUP($A12,'TABLA DINAMICA PARCIAL 4'!$A$5:$F$760,6,FALSE) -> 0 | AS12: =SUM(AN12:AR12) -> 20 | AT12: =VLOOKUP($A12,'USUARIOS Y GRUPO'!$A$2:$D$851,4,FALSE) -> P19-MAT1022-10
A13: 163172 | B13: Marín Morales | C13: Angélica | D13: =VLOOKUP($A13,'TABLA DINAM PARCIAL 1'!$A$5:$I$793,2,FALSE) -> 10 | E13: =VLOOKUP(A13,'TABLA DINAM PARCIAL 1'!A388:I1176,3,FALSE) -> 0 | F13: =VLOOKUP(A13,'TABLA DINAM PARCIAL 1'!A388:I1176,4,FALSE) -> 0 | G13: =VLOOKUP(A13,'TABLA DINAM PARCIAL 1'!A388:I1176,5,FALSE) -> 0 | H13: =VLOOKUP(A13,'TABLA DINAM PARCIAL 1'!A388:I1176,6,FALSE) -> 0 | I13: =VLOOKUP(A13,'TABLA DINAM PARCIAL 1'!A388:I1176,7,FALSE) -> 10 | J13: =VLOOKUP(A13,'TABLA DINAM PARCIAL 1'!A388:I1176,8,FALSE) -> 0 | K13: =VLOOKUP(A13,'TABLA DINAM PARCIAL 1'!A388:I1176,9,FALSE) -> 0 | L13: =SUM(D13:K13) -> 20 | M13: =VLOOKUP($A13,'TABLA DINAMICA PARCIAL 2'!$A$5:$T$772,2,FALSE) -> 0 | N13: =VLOOKUP($A13,'TABLA DINAMICA PARCIAL 2'!$A$5:$T$772,3,FALSE) -> 0 | O13: =VLOOKUP($A13,'TABLA DINAMICA PARCIAL 2'!$A$5:$T$772,4,FALSE) -> 0 | P13: =VLOOKUP($A13,'TABLA DINAMICA PARCIAL 2'!$A$5:$T$772,5,FALSE) -> 0 | Q13: =VLOOKUP($A13,'TABLA DINAMICA PARCIAL 2'!$A$5:$T$772,6,FALSE) -> 0 | R13: =VLOOKUP($A13,'TABLA DINAMICA PARCIAL 2'!$A$5:$T$772,7,FALSE) -> 0 | S13: =VLOOKUP($A13,'TABLA DINAMICA PARCIAL 2'!$A$5:$T$772,8,FALSE) -> 0 | T13: =VLOOKUP($A13,'TABLA DINAMICA PARCIAL 2'!$A$5:$T$772,9,FALSE) -> 0 | U13: =VLOOKUP($A13,'TABLA DINAMICA PARCIAL 2'!$A$5:$T$772,10,FALSE) -> 10 | V13: =VLOOKUP($A13,'TABLA DINAMICA PARCIAL 2'!$A$5:$T$772,11,FALSE) -> 0 | W13: =VLOOKUP($A13,'TABLA DINAMICA PARCIAL 2'!$A$5:$T$772,12,FALSE) -> 0 | X13: =VLOOKUP($A13,'TABLA DINAMICA PARCIAL 2'!$A$5:$T$772,13,FALSE) -> 0 | Y13: =VLOOKUP($A13,'TABLA DINAMICA PARCIAL 2'!$A$5:$T$772,14,FALSE) -> 0 | Z13: =VLOOKUP($A13,'TABLA DINAMICA PARCIAL 2'!$A$5:$T$772,15,FALSE) -> 0 | AA13: =VLOOKUP($A13,'TABLA DINAMICA PARCIAL 2'!$A$5:$T$772,16,FALSE) -> 0 | AB13: =VLOOKUP(I13,'TABLA DINAMICA PARCIAL 2'!I425:AB1196,17,FALSE) -> 0 | AC13: =VLOOKUP(I13,'TABLA DINAMICA PARCIAL 2'!I425:AB1196,18,FALSE) -> 0 | AD13: =VLOOKUP(I13,'TABLA DINAMICA PARCIAL 2'!I425:AB1196,19,FALSE) -> 0 | AE13: =SUM(M13:AD13) -> 10 | AF13: =VLOOKUP($A13,'TABLA DINAMICA PARCIAL 3'!$A$5:$I$768,2,FALSE) -> 0 | AG13: =VLOOKUP($A13,'TABLA DINAMICA PARCIAL 3'!$A$5:$I$768,3,FALSE) -> 10 | AH13: =VLOOKUP($A13,'TABLA DINAMICA PARCIAL 3'!$A$5:$I$768,4,FALSE) -> 0 | AI13: =VLOOKUP($A13,'TABLA DINAMICA PARCIAL 3'!$A$5:$I$768,5,FALSE) -> 0 | AJ13: =VLOOKUP($A13,'TABLA DINAMICA PARCIAL 3'!$A$5:$I$768,6,FALSE) -> 0 | AK13: =VLOOKUP($A13,'TABLA DINAMICA PARCIAL 3'!$A$5:$I$768,7,FALSE) -> 10 | AL13: =VLOOKUP($A13,'TABLA DINAMICA PARCIAL 3'!$A$5:$I$768,8,FALSE) -> 0 | AM13: =SUM(AF13:AL13) -> 20 | AN13: =VLOOKUP($A13,'TABLA DINAMICA PARCIAL 4'!$A$5:$F$760,2,FALSE) -> 0 | AO13: =VLOOKUP($A13,'TABLA DINAMICA PARCIAL 4'!$A$5:$F$760,3,FALSE) -> 0 | AP13: =VLOOKUP($A13,'TABLA DINAMICA PARCIAL 4'!$A$5:$F$760,4,FALSE) -> 0 | AQ13: =VLOOKUP($A13,'TABLA DINAMICA PARCIAL 4'!$A$5:$F$760,5,FALSE) -> 0 | AR13: =VLOOKUP($A13,'TABLA DINAMICA PARCIAL 4'!$A$5:$F$760,6,FALSE) -> 10 | AS13: =SUM(AN13:AR13) -> 10 | AT13: =VLOOKUP($A13,'USUARIOS Y GRUPO'!$A$2:$D$851,4,FALSE) -> P19-MAT1022-10
A14: 163297 | B14: Cabrera Soberanes | C14: Oliver | D14: =VLOOKUP($A14,'TABLA DINAM PARCIAL 1'!$A$5:$I$793,2,FALSE) -> 0 | E14: =VLOOKUP(A14,'TABLA DINAM PARCIAL 1'!A425:I1213,3,FALSE) -> 10 | F14: =VLOOKUP(A14,'TABLA DINAM PARCIAL 1'!A425:I1213,4,FALSE) -> 0 | G14: =VLOOKUP(A14,'TABLA DINAM PARCIAL 1'!A425:I1213,5,FALSE) -> 0 | H14: =VLOOKUP(A14,'TABLA DINAM PARCIAL 1'!A425:I1213,6,FALSE) -> 0 | I14: =VLOOKUP(A14,'TABLA DINAM PARCIAL 1'!A425:I1213,7,FALSE) -> 0 | J14: =VLOOKUP(A14,'TABLA DINAM PARCIAL 1'!A425:I1213,8,FALSE) -> 10 | K14: =VLOOKUP(A14,'TABLA DINAM PARCIAL 1'!A425:I1213,9,FALSE) -> 0 | L14: =SUM(D14:K14) -> 20 | M14: =VLOOKUP($A14,'TABLA DINAMICA PARCIAL 2'!$A$5:$T$772,2,FALSE) -> 0 | N14: =VLOOKUP($A14,'TABLA DINAMICA PARCIAL 2'!$A$5:$T$772,3,FALSE) -> 0 | O14: =VLOOKUP($A14,'TABLA DINAMICA PARCIAL 2'!$A$5:$T$772,4,FALSE) -> 0 | P14: =VLOOKUP($A14,'TABLA DINAMICA PARCIAL 2'!$A$5:$T$772,5,FALSE) -> 0 | Q14: =VLOOKUP($A14,'TABLA DINAMICA PARCIAL 2'!$A$5:$T$772,6,FALSE) -> 0 | R14: =VLOOKUP($A14,'TABLA DINAMICA PARCIAL 2'!$A$5:$T$772,7,FALSE) -> 0 | S14: =VLOOKUP($A14,'TABLA DINAMICA PARCIAL 2'!$A$5:$T$772,8,FALSE) -> 0 | T14: =VLOOKUP($A14,'TABLA DINAMICA PARCIAL 2'!$A$5:$T$772,9,FALSE) -> 0 | U14: =VLOOKUP($A14,'TABLA DINAMICA PARCIAL 2'!$A$5:$T$772,10,FALSE) -> 10 | V14: =VLOOKUP($A14,'TABLA DINAMICA PARCIAL 2'!$A$5:$T$772,11,FALSE) -> 0 | W14: =VLOOKUP($A14,'TABLA DINAMICA PARCIAL 2'!$A$5:$T$772,12,FALSE) -> 0 | X14: =VLOOKUP($A14,'TABLA DINAMICA PARCIAL 2'!$A$5:$T$772,13,FALSE) -> 0 | Y14: =VLOOKUP($A14,'TABLA DINAMICA PARCIAL 2'!$A$5:$T$772,14,FALSE) -> 0 | Z14: =VLOOKUP($A14,'TABLA DINAMICA PARCIAL 2'!$A$5:$T$772,15,FALSE) -> 10 | AA14: =VLOOKUP($A14,'TABLA DINAMICA PARCIAL 2'!$A$5:$T$772,16,FALSE) -> 0 | AB14: =VLOOKUP(I14,'TABLA DINAMICA PARCIAL 2'!I464:AB1235,17,FALSE) -> 0 | AC14: =VLOOKUP(I14,'TABLA DINAMICA PARCIAL 2'!I464:AB1235,18,FALSE) -> 0 | AD14: =VLOOKUP(I14,'TABLA DINAMICA PARCIAL 2'!I464:AB1235,19,FALSE) -> 0 | AE14: =SUM(M14:AD14) -> 20 | AF14: =VLOOKUP($A14,'TABLA DINAMICA PARCIAL 3'!$A$5:$I$768,2,FALSE) -> 10 | AG14: =VLOOKUP($A14,'TABLA DINAMICA PARCIAL 3'!$A$5:$I$768,3,FALSE) -> 0 | AH14: =VLOOKUP($A14,'TABLA DINAMICA PARCIAL 3'!$A$5:$I$768,4,FALSE) -> 0 | AI14: =VLOOKUP($A14,'TABLA DINAMICA PARCIAL 3'!$A$5:$I$768,5,FALSE) -> 0 | AJ14: =VLOOKUP($A14,'TABLA DINAMICA PARCIAL 3'!$A$5:$I$768,6,FALSE) -> 10 | AK14: =VLOOKUP($A14,'TABLA DINAMICA PARCIAL 3'!$A$5:$I$768,7,FALSE) -> 10 | AL14: =VLOOKUP($A14,'TABLA DINAMICA PARCIAL 3'!$A$5:$I$768,8,FALSE) -> 0 | AM14: =SUM(AF14:AL14) -> 30 | AN14: =VLOOKUP($A14,'TABLA DINAMICA PARCIAL 4'!$A$5:$F$760,2,FALSE) -> 0 | AO14: =VLOOKUP($A14,'TABLA DINAMICA PARCIAL 4'!$A$5:$F$760,3,FALSE) -> 0 | AP14: =VLOOKUP($A14,'TABLA DINAMICA PARCIAL 4'!$A$5:$F$760,4,FALSE) -> 0 | AQ14: =VLOOKUP($A14,'TABLA DINAMICA PARCIAL 4'!$A$5:$F$760,5,FALSE) -> 0 | AR14: =VLOOKUP($A14,'TABLA DINAMICA PARCIAL 4'!$A$5:$F$760,6,FALSE) -> 10 | AS14: =SUM(AN14:AR14) -> 10 | AT14: =VLOOKUP($A14,'USUARIOS Y GRUPO'!$A$2:$D$851,4,FALSE) -> P19-MAT1022-10
A15: 163811 | B15: Ricárdez Aguilar | C15: Sebastián | D15: =VLOOKUP($A15,'TABLA DINAM PARCIAL 1'!$A$5:$I$793,2,FALSE) -> 0 | E15: =VLOOKUP(A15,'TABLA DINAM PARCIAL 1'!A557:I1345,3,FALSE) -> 0 | F15: =VLOOKUP(A15,'TABLA DINAM PARCIAL 1'!A557:I1345,4,FALSE) -> 0 | G15: =VLOOKUP(A15,'TABLA DINAM PARCIAL 1'!A557:I1345,5,FALSE) -> 10 | H15: =VLOOKUP(A15,'TABLA DINAM PARCIAL 1'!A557:I1345,6,FALSE) -> 0 | I15: =VLOOKUP(A15,'TABLA DINAM PARCIAL 1'!A557:I1345,7,FALSE) -> 0 | J15: =VLOOKUP(A15,'TABLA DINAM PARCIAL 1'!A557:I1345,8,FALSE) -> 10 | K15: =VLOOKUP(A15,'TABLA DINAM PARCIAL 1'!A557:I1345,9,FALSE) -> 0 | L15: =SUM(D15:K15) -> 20 | M15: =VLOOKUP($A15,'TABLA DINAMICA PARCIAL 2'!$A$5:$T$772,2,FALSE) -> 0 | N15: =VLOOKUP($A15,'TABLA DINAMICA PARCIAL 2'!$A$5:$T$772,3,FALSE) -> 0 | O15: =VLOOKUP($A15,'TABLA DINAMICA PARCIAL 2'!$A$5:$T$772,4,FALSE) -> 10 | P15: =VLOOKUP($A15,'TABLA DINAMICA PARCIAL 2'!$A$5:$T$772,5,FALSE) -> 0 | Q15: =VLOOKUP($A15,'TABLA DINAMICA PARCIAL 2'!$A$5:$T$772,6,FALSE) -> 0 | R15: =VLOOKUP($A15,'TABLA DINAMICA PARCIAL 2'!$A$5:$T$772,7,FALSE) -> 10 | S15: =VLOOKUP($A15,'TABLA DINAMICA PARCIAL 2'!$A$5:$T$772,8,FALSE) -> 0 | T15: =VLOOKUP($A15,'TABLA DINAMICA PARCIAL 2'!$A$5:$T$772,9,FALSE) -> 0 | U15: =VLOOKUP($A15,'TABLA DINAMICA PARCIAL 2'!$A$5:$T$772,10,FALSE) -> 0 | V15: =VLOOKUP($A15,'TABLA DINAMICA PARCIAL 2'!$A$5:$T$772,11,FALSE) -> 0 | W15: =VLOOKUP($A15,'TABLA DINAMICA PARCIAL 2'!$A$5:$T$772,12,FALSE) -> 0 | X15: =VLOOKUP($A15,'TABLA DINAMICA PARCIAL 2'!$A$5:$T$772,13,FALSE) -> 0 | Y15: =VLOOKUP($A15,'TABLA DINAMICA PARCIAL 2'!$A$5:$T$772,14,FALSE) -> 0 | Z15: =VLOOKUP($A15,'TABLA DINAMICA PARCIAL 2'!$A$5:$T$772,15,FALSE) -> 10 | AA15: =VLOOKUP($A15,'TABLA DINAMICA PARCIAL 2'!$A$5:$T$772,16,FALSE) -> 0 | AB15: =VLOOKUP(I15,'TABLA DINAMICA PARCIAL 2'!I604:AB1375,17,FALSE) -> 0 | AC15: =VLOOKUP(I15,'TABLA DINAMICA PARCIAL 2'!I604:AB1375,18,FALSE) -> 0 | AD15: =VLOOKUP(I15,'TABLA DINAMICA PARCIAL 2'!I604:AB1375,19,FALSE) -> 0 | AE15: =SUM(M15:AD15) -> 30 | AF15: =VLOOKUP($A15,'TABLA DINAMICA PARCIAL 3'!$A$5:$I$768,2,FALSE) -> 10 | AG15: =VLOOKUP($A15,'TABLA DINAMICA PARCIAL 3'!$A$5:$I$768,3,FALSE) -> 0 | AH15: =VLOOKUP($A15,'TABLA DINAMICA PARCIAL 3'!$A$5:$I$768,4,FALSE) -> 10 | AI15: =VLOOKUP($A15,'TABLA DINAMICA PARCIAL 3'!$A$5:$I$768,5,FALSE) -> 0 | AJ15: =VLOOKUP($A15,'TABLA DINAMICA PARCIAL 3'!$A$5:$I$768,6,FALSE) -> 0 | AK15: =VLOOKUP($A15,'TABLA DINAMICA PARCIAL 3'!$A$5:$I$768,7,FALSE) -> 0 | AL15: =VLOOKUP($A15,'TABLA DINAMICA PARCIAL 3'!$A$5:$I$768,8,FALSE) -> 0 | AM15: =SUM(AF15:AL15) -> 20 | AN15: =VLOOKUP($A15,'TABLA DINAMICA PARCIAL 4'!$A$5:$F$760,2,FALSE) -> 0 | AO15: =VLOOKUP($A15,'TABLA DINAMICA PARCIAL 4'!$A$5:$F$760,3,FALSE) -> 0 | AP15: =VLOOKUP($A15,'TABLA DINAMICA PARCIAL 4'!$A$5:$F$760,4,FALSE) -> 0 | AQ15: =VLOOKUP($A15,'TABLA DINAMICA PARCIAL 4'!$A$5:$F$760,5,FALSE) -> 10 | AR15: =VLOOKUP($A15,'TABLA DINAMICA PARCIAL 4'!$A$5:$F$760,6,FALSE) -> 10 | AS15: =SUM(AN15:AR15) -> 20 | AT15: =VLOOKUP($A15,'USUARIOS Y GRUPO'!$A$2:$D$851,4,FALSE) -> P19-MAT1022-10
A16: 163838 | B16: Manchinelly Mota | C16: Michelle | D16: =VLOOKUP($A16,'TABLA DINAM PARCIAL 1'!$A$5:$I$793,2,FALSE) -> 10 | E16: =VLOOKUP(A16,'TABLA DINAM PARCIAL 1'!A559:I1347,3,FALSE) -> 0 | F16: =VLOOKUP(A16,'TABLA DINAM PARCIAL 1'!A559:I1347,4,FALSE) -> 10 | G16: =VLOOKUP(A16,'TABLA DINAM PARCIAL 1'!A559:I1347,5,FALSE) -> 0 | H16: =VLOOKUP(A16,'TABLA DINAM PARCIAL 1'!A559:I1347,6,FALSE) -> 0 | I16: =VLOOKUP(A16,'TABLA DINAM PARCIAL 1'!A559:I1347,7,FALSE) -> 0 | J16: =VLOOKUP(A16,'TABLA DINAM PARCIAL 1'!A559:I1347,8,FALSE) -> 0 | K16: =VLOOKUP(A16,'TABLA DINAM PARCIAL 1'!A559:I1347,9,FALSE) -> 0 | L16: =SUM(D16:K16) -> 20 | M16: =VLOOKUP($A16,'TABLA DINAMICA PARCIAL 2'!$A$5:$T$772,2,FALSE) -> 0 | N16: =VLOOKUP($A16,'TABLA DINAMICA PARCIAL 2'!$A$5:$T$772,3,FALSE) -> 0 | O16: =VLOOKUP($A16,'TABLA DINAMICA PARCIAL 2'!$A$5:$T$772,4,FALSE) -> 0 | P16: =VLOOKUP($A16,'TABLA DINAMICA PARCIAL 2'!$A$5:$T$772,5,FALSE) -> 0 | Q16: =VLOOKUP($A16,'TABLA DINAMICA PARCIAL 2'!$A$5:$T$772,6,FALSE) -> 0 | R16: =VLOOKUP($A16,'TABLA DINAMICA PARCIAL 2'!$A$5:$T$772,7,FALSE) -> 0 | S16: =VLOOKUP($A16,'TABLA DINAMICA PARCIAL 2'!$A$5:$T$772,8,FALSE) -> 0 | T16: =VLOOKUP($A16,'TABLA DINAMICA PARCIAL 2'!$A$5:$T$772,9,FALSE) -> 0 | U16: =VLOOKUP($A16,'TABLA DINAMICA PARCIAL 2'!$A$5:$T$772,10,FALSE) -> 0 | V16: =VLOOKUP($A16,'TABLA DINAMICA PARCIAL 2'!$A$5:$T$772,11,FALSE) -> 0 | W16: =VLOOKUP($A16,'TABLA DINAMICA PARCIAL 2'!$A$5:$T$772,12,FALSE) -> 0 | X16: =VLOOKUP($A16,'TABLA DINAMICA PARCIAL 2'!$A$5:$T$772,13,FALSE) -> 0 | Y16: =VLOOKUP($A16,'TABLA DINAMICA PARCIAL 2'!$A$5:$T$772,14,FALSE) -> 10 | Z16: =VLOOKUP($A16,'TABLA DINAMICA PARCIAL 2'!$A$5:$T$772,15,FALSE) -> 0 | AA16: =VLOOKUP($A16,'TABLA DINAMICA PARCIAL 2'!$A$5:$T$772,16,FALSE) -> 0 | AB16: =VLOOKUP(I16,'TABLA DINAMICA PARCIAL 2'!I606:AB1377,17,FALSE) -> 0 | AC16: =VLOOKUP(I16,'TABLA DINAMICA PARCIAL 2'!I606:AB1377,18,FALSE) -> 0 | AD16: =VLOOKUP(I16,'TABLA DINAMICA PARCIAL 2'!I606:AB1377,19,FALSE) -> 0 | AE16: =SUM(M16:AD16) -> 10 | AF16: =VLOOKUP($A16,'TABLA DINAMICA PARCIAL 3'!$A$5:$I$768,2,FALSE) -> 10 | AG16: =VLOOKUP($A16,'TABLA DINAMICA PARCIAL 3'!$A$5:$I$768,3,FALSE) -> 0 | AH16: =VLOOKUP($A16,'TABLA DINAMICA PARCIAL 3'!$A$5:$I$768,4,FALSE) -> 10 | AI16: =VLOOKUP($A16,'TABLA DINAMICA PARCIAL 3'!$A$5:$I$768,5,FALSE) -> 0 | AJ16: =VLOOKUP($A16,'TABLA DINAMICA PARCIAL 3'!$A$5:$I$768,6,FALSE) -> 0 | AK16: =VLOOKUP($A16,'TABLA DINAMICA PARCIAL 3'!$A$5:$I$768,7,FALSE) -> 0 | AL16: =VLOOKUP($A16,'TABLA DINAMICA PARCIAL 3'!$A$5:$I$768,8,FALSE) -> 0 | AM16: =SUM(AF16:AL16) -> 20 | AN16: =VLOOKUP($A16,'TABLA DINAMICA PARCIAL 4'!$A$5:$F$760,2,FALSE) -> 0 | AO16: =VLOOKUP($A16,'TABLA DINAMICA PARCIAL 4'!$A$5:$F$760,3,FALSE) -> 0 | AP16: =VLOOKUP($A16,'TABLA DINAMICA PARCIAL 4'!$A$5:$F$760,4,FALSE) -> 0 | AQ16: =VLOOKUP($A16,'TABLA DINAMICA PARCIAL 4'!$A$5:$F$760,5,FALSE) -> 10 | AR16: =VLOOKUP($A16,'TABLA DINAMICA PARCIAL 4'!$A$5:$F$760,6,FALSE) -> 10 | AS16: =SUM(AN16:AR16) -> 20 | AT16: =VLOOKUP($A16,'USUARIOS Y GRUPO'!$A$2:$D$851,4,FALSE) -> P19-MAT1022-10
A17: 164112 | B17: Flores Marín | C17: Erick | D17: =VLOOKUP($A17,'TABLA DINAM PARCIAL 1'!$A$5:$I$793,2,FALSE) -> 0 | E17: =VLOOKUP(A17,'TABLA DINAM PARCIAL 1'!A619:I1407,3,FALSE) -> 0 | F17: =VLOOKUP(A17,'TABLA DINAM PARCIAL 1'!A619:I1407,4,FALSE) -> 0 | G17: =VLOOKUP(A17,'TABLA DINAM PARCIAL 1'!A619:I1407,5,FALSE) -> 10 | H17: =VLOOKUP(A17,'TABLA DINAM PARCIAL 1'!A619:I1407,6,FALSE) -> 0 | I17: =VLOOKUP(A17,'TABLA DINAM PARCIAL 1'!A619:I1407,7,FALSE) -> 0 | J17: =VLOOKUP(A17,'TABLA DINAM PARCIAL 1'!A619:I1407,8,FALSE) -> 0 | K17: =VLOOKUP(A17,'TABLA DINAM PARCIAL 1'!A619:I1407,9,FALSE) -> 10 | L17: =SUM(D17:K17) -> 20 | M17: =VLOOKUP($A17,'TABLA DINAMICA PARCIAL 2'!$A$5:$T$772,2,FALSE) -> 0 | N17: =VLOOKUP($A17,'TABLA DINAMICA PARCIAL 2'!$A$5:$T$772,3,FALSE) -> 0 | O17: =VLOOKUP($A17,'TABLA DINAMICA PARCIAL 2'!$A$5:$T$772,4,FALSE) -> 0 | P17: =VLOOKUP($A17,'TABLA DINAMICA PARCIAL 2'!$A$5:$T$772,5,FALSE) -> 0 | Q17: =VLOOKUP($A17,'TABLA DINAMICA PARCIAL 2'!$A$5:$T$772,6,FALSE) -> 0 | R17: =VLOOKUP($A17,'TABLA DINAMICA PARCIAL 2'!$A$5:$T$772,7,FALSE) -> 0 | S17: =VLOOKUP($A17,'TABLA DINAMICA PARCIAL 2'!$A$5:$T$772,8,FALSE) -> 0 | T17: =VLOOKUP($A17,'TABLA DINAMICA PARCIAL 2'!$A$5:$T$772,9,FALSE) -> 0 | U17: =VLOOKUP($A17,'TABLA DINAMICA PARCIAL 2'!$A$5:$T$772,10,FALSE) -> 0 | V17: =VLOOKUP($A17,'TABLA DINAMICA PARCIAL 2'!$A$5:$T$772,11,FALSE) -> 10 | W17: =VLOOKUP($A17,'TABLA DINAMICA PARCIAL 2'!$A$5:$T$772,12,FALSE) -> 0 | X17: =VLOOKUP($A17,'TABLA DINAMICA PARCIAL 2'!$A$5:$T$772,13,FALSE) -> 0 | Y17: =VLOOKUP($A17,'TABLA DINAMICA PARCIAL 2'!$A$5:$T$772,14,FALSE) -> 0 | Z17: =VLOOKUP($A17,'TABLA DINAMICA PARCIAL 2'!$A$5:$T$772,15,FALSE) -> 0 | AA17: =VLOOKUP($A17,'TABLA DINAMICA PARCIAL 2'!$A$5:$T$772,16,FALSE) -> 10 | AB17: =VLOOKUP(I17,'TABLA DINAMICA PARCIAL 2'!I670:AB1441,17,FALSE) -> 0 | AC17: =VLOOKUP(I17,'TABLA DINAMICA PARCIAL 2'!I670:AB1441,18,FALSE) -> 0 | AD17: =VLOOKUP(I17,'TABLA DINAMICA PARCIAL 2'!I670:AB1441,19,FALSE) -> 0 | AE17: =SUM(M17:AD17) -> 20 | AF17: =VLOOKUP($A17,'TABLA DINAMICA PARCIAL 3'!$A$5:$I$768,2,FALSE) -> 10 | AG17: =VLOOKUP($A17,'TABLA DINAMICA PARCIAL 3'!$A$5:$I$768,3,FALSE) -> 0 | AH17: =VLOOKUP($A17,'TABLA DINAMICA PARCIAL 3'!$A$5:$I$768,4,FALSE) -> 0 | AI17: =VLOOKUP($A17,'TABLA DINAMICA PARCIAL 3'!$A$5:$I$768,5,FALSE) -> 0 | AJ17: =VLOOKUP($A17,'TABLA DINAMICA PARCIAL 3'!$A$5:$I$768,6,FALSE) -> 0 | AK17: =VLOOKUP($A17,'TABLA DINAMICA PARCIAL 3'!$A$5:$I$768,7,FALSE) -> 0 | AL17: =VLOOKUP($A17,'TABLA DINAMICA PARCIAL 3'!$A$5:$I$768,8,FALSE) -> 10 | AM17: =SUM(AF17:AL17) -> 20 | AN17: =VLOOKUP($A17,'TABLA DINAMICA PARCIAL 4'!$A$5:$F$760,2,FALSE) -> 0 | AO17: =VLOOKUP($A17,'TABLA DINAMICA PARCIAL 4'!$A$5:$F$760,3,FALSE) -> 0 | AP17: =VLOOKUP($A17,'TABLA DINAMICA PARCIAL 4'!$A$5:$F$760,4,FALSE) -> 0 | AQ17: =VLOOKUP($A17,'TABLA DINAMICA PARCIAL 4'!$A$5:$F$760,5,FALSE) -> 0 | AR17: =VLOOKUP($A17,'TABLA DINAMICA PARCIAL 4'!$A$5:$F$760,6,FALSE) -> 10 | AS17: =SUM(AN17:AR17) -> 10 | AT17: =VLOOKUP($A17,'USUARIOS Y GRUPO'!$A$2:$D$851,4,FALSE) -> P19-MAT1022-10
A18: 164117 | B18: Xochicale Alvarez | C18: Hugo | D18: =VLOOKUP($A18,'TABLA DINAM PARCIAL 1'!$A$5:$I$793,2,FALSE) -> 0 | E18: =VLOOKUP(A18,'TABLA DINAM PARCIAL 1'!A623:I1411,3,FALSE) -> 0 | F18: =VLOOKUP(A18,'TABLA DINAM PARCIAL 1'!A623:I1411,4,FALSE) -> 0 | G18: =VLOOKUP(A18,'TABLA DINAM PARCIAL 1'!A623:I1411,5,FALSE) -> 0 | H18: =VLOOKUP(A18,'TABLA DINAM PARCIAL 1'!A623:I1411,6,FALSE) -> 10 | I18: =VLOOKUP(A18,'TABLA DINAM PARCIAL 1'!A623:I1411,7,FALSE) -> 0 | J18: =VLOOKUP(A18,'TABLA DINAM PARCIAL 1'!A623:I1411,8,FALSE) -> 0 | K18: =VLOOKUP(A18,'TABLA DINAM PARCIAL 1'!A623:I1411,9,FALSE) -> 10 | L18: =SUM(D18:K18) -> 20 | M18: =VLOOKUP($A18,'TABLA DINAMICA PARCIAL 2'!$A$5:$T$772,2,FALSE) -> 0 | N18: =VLOOKUP($A18,'TABLA DINAMICA PARCIAL 2'!$A$5:$T$772,3,FALSE) -> 0 | O18: =VLOOKUP($A18,'TABLA DINAMICA PARCIAL 2'!$A$5:$T$772,4,FALSE) -> 0 | P18: =VLOOKUP($A18,'TABLA DINAMICA PARCIAL 2'!$A$5:$T$772,5,FALSE) -> 0 | Q18: =VLOOKUP($A18,'TABLA DINAMICA PARCIAL 2'!$A$5:$T$772,6,FALSE) -> 0 | R18: =VLOOKUP($A18,'TABLA DINAMICA PARCIAL 2'!$A$5:$T$772,7,FALSE) -> 0 | S18: =VLOOKUP($A18,'TABLA DINAMICA PARCIAL 2'!$A$5:$T$772,8,FALSE) -> 0 | T18: =VLOOKUP($A18,'TABLA DINAMICA PARCIAL 2'!$A$5:$T$772,9,FALSE) -> 10 | U18: =VLOOKUP($A18,'TABLA DINAMICA PARCIAL 2'!$A$5:$T$772,10,FALSE) -> 0 | V18: =VLOOKUP($A18,'TABLA DINAMICA PARCIAL 2'!$A$5:$T$772,11,FALSE) -> 0 | W18: =VLOOKUP($A18,'TABLA DINAMICA PARCIAL 2'!$A$5:$T$772,12,FALSE) -> 0 | X18: =VLOOKUP($A18,'TABLA DINAMICA PARCIAL 2'!$A$5:$T$772,13,FALSE) -> 0 | Y18: =VLOOKUP($A18,'TABLA DINAMICA PARCIAL 2'!$A$5:$T$772,14,FALSE) -> 0 | Z18: =VLOOKUP($A18,'TABLA DINAMICA PARCIAL 2'!$A$5:$T$772,15,FALSE) -> 0 | AA18: =VLOOKUP($A18,'TABLA DINAMICA PARCIAL 2'!$A$5:$T$772,16,FALSE) -> 0 | AB18: =VLOOKUP(I18,'TABLA DINAMICA PARCIAL 2'!I674:AB1445,17,FALSE) -> 0 | AC18: =VLOOKUP(I18,'TABLA DINAMICA PARCIAL 2'!I674:AB1445,18,FALSE) -> 0 | AD18: =VLOOKUP(I18,'TABLA DINAMICA PARCIAL 2'!I674:AB1445,19,FALSE) -> 0 | AE18: =SUM(M18:AD18) -> 10 | AF18: =VLOOKUP($A18,'TABLA DINAMICA PARCIAL 3'!$A$5:$I$768,2,FALSE) -> 0 | AG18: =VLOOKUP($A18,'TABLA DINAMICA PARCIAL 3'!$A$5:$I$768,3,FALSE) -> 0 | AH18: =VLOOKUP($A18,'TABLA DINAMICA PARCIAL 3'!$A$5:$I$768,4,FALSE) -> 10 | AI18: =VLOOKUP($A18,'TABLA DINAMICA PARCIAL 3'!$A$5:$I$768,5,FALSE) -> 0 | AJ18: =VLOOKUP($A18,'TABLA DINAMICA PARCIAL 3'!$A$5:$I$768,6,FALSE) -> 0 | AK18: =VLOOKUP($A18,'TABLA DINAMICA PARCIAL 3'!$A$5:$I$768,7,FALSE) -> 0 | AL18: =VLOOKUP($A18,'TABLA DINAMICA PARCIAL 3'!$A$5:$I$768,8,FALSE) -> 0 | AM18: =SUM(AF18:AL18) -> 10 | AN18: =VLOOKUP($A18,'TABLA DINAMICA PARCIAL 4'!$A$5:$F$760,2,FALSE) -> 10 | AO18: =VLOOKUP($A18,'TABLA DINAMICA PARCIAL 4'!$A$5:$F$760,3,FALSE) -> 0 | AP18: =VLOOKUP($A18,'TABLA DINAMICA PARCIAL 4'!$A$5:$F$760,4,FALSE) -> 0 | AQ18: =VLOOKUP($A18,'TABLA DINAMICA PARCIAL 4'!$A$5:$F$760,5,FALSE) -> 0 | AR18: =VLOOKUP($A18,'TABLA DINAMICA PARCIAL 4'!$A$5:$F$760,6,FALSE) -> 0 | AS18: =SUM(AN18:AR18) -> 10 | AT18: =VLOOKUP($A18,'USUARIOS Y GRUPO'!$A$2:$D$851,4,FALSE) -> P19-MAT1022-10
A19: 164709 | B19: Bernardi Zanatta | C19: Miguel | D19: =VLOOKUP($A19,'TABLA DINAM PARCIAL 1'!$A$5:$I$793,2,FALSE) -> 0 | E19: =VLOOKUP(A19,'TABLA DINAM PARCIAL 1'!A752:I1540,3,FALSE) -> 0 | F19: =VLOOKUP(A19,'TABLA DINAM PARCIAL 1'!A752:I1540,4,FALSE) -> 0 | G19: =VLOOKUP(A19,'TABLA DINAM PARCIAL 1'!A752:I1540,5,FALSE) -> 0 | H19: =VLOOKUP(A19,'TABLA DINAM PARCIAL 1'!A752:I1540,6,FALSE) -> 0 | I19: =VLOOKUP(A19,'TABLA DINAM PARCIAL 1'!A752:I1540,7,FALSE) -> 10 | J19: =VLOOKUP(A19,'TABLA DINAM PARCIAL 1'!A752:I1540,8,FALSE) -> 10 | K19: =VLOOKUP(A19,'TABLA DINAM PARCIAL 1'!A752:I1540,9,FALSE) -> 0 | L19: =SUM(D19:K19) -> 20 | M19: =VLOOKUP($A19,'TABLA DINAMICA PARCIAL 2'!$A$5:$T$772,2,FALSE) -> 0 | N19: =VLOOKUP($A19,'TABLA DINAMICA PARCIAL 2'!$A$5:$T$772,3,FALSE) -> 0 | O19: =VLOOKUP($A19,'TABLA DINAMICA PARCIAL 2'!$A$5:$T$772,4,FALSE) -> 0 | P19: =VLOOKUP($A19,'TABLA DINAMICA PARCIAL 2'!$A$5:$T$772,5,FALSE) -> 0 | Q19: =VLOOKUP($A19,'TABLA DINAMICA PARCIAL 2'!$A$5:$T$772,6,FALSE) -> 0 | R19: =VLOOKUP($A19,'TABLA DINAMICA PARCIAL 2'!$A$5:$T$772,7,FALSE) -> 0 | S19: =VLOOKUP($A19,'TABLA DINAMICA PARCIAL 2'!$A$5:$T$772,8,FALSE) -> 0 | T19: =VLOOKUP($A19,'TABLA DINAMICA PARCIAL 2'!$A$5:$T$772,9,FALSE) -> 0 | U19: =VLOOKUP($A19,'TABLA DINAMICA PARCIAL 2'!$A$5:$T$772,10,FALSE) -> 10 | V19: =VLOOKUP($A19,'TABLA DINAMICA PARCIAL 2'!$A$5:$T$772,11,FALSE) -> 0 | W19: =VLOOKUP($A19,'TABLA DINAMICA PARCIAL 2'!$A$5:$T$772,12,FALSE) -> 0 | X19: =VLOOKUP($A19,'TABLA DINAMICA PARCIAL 2'!$A$5:$T$772,13,FALSE) -> 0 | Y19: =VLOOKUP($A19,'TABLA DINAMICA PARCIAL 2'!$A$5:$T$772,14,FALSE) -> 0 | Z19: =VLOOKUP($A19,'TABLA DINAMICA PARCIAL 2'!$A$5:$T$772,15,FALSE) -> 0 | AA19: =VLOOKUP($A19,'TABLA DINAMICA PARCIAL 2'!$A$5:$T$772,16,FALSE) -> 0 | AB19: =VLOOKUP(I19,'TABLA DINAMICA PARCIAL 2'!I813:AB1584,17,FALSE) -> #N/A | AC19: =VLOOKUP(I19,'TABLA DINAMICA PARCIAL 2'!I813:AB1584,18,FALSE) -> #N/A | AD19: =VLOOKUP(I19,'TABLA DINAMICA PARCIAL 2'!I813:AB1584,19,FALSE) -> #N/A | AE19: =SUM(M19:AD19) -> #N/A | AF19: =VLOOKUP($A19,'TABLA DINAMICA PARCIAL 3'!$A$5:$I$768,2,FALSE) -> 0 | AG19: =VLOOKUP($A19,'TABLA DINAMICA PARCIAL 3'!$A$5:$I$768,3,FALSE) -> 0 | AH19: =VLOOKUP($A19,'TABLA DINAMICA PARCIAL 3'!$A$5:$I$768,4,FALSE) -> 0 | AI19: =VLOOKUP($A19,'TABLA DINAMICA PARCIAL 3'!$A$5:$I$768,5,FALSE) -> 0 | AJ19: =VLOOKUP($A19,'TABLA DINAMICA PARCIAL 3'!$A$5:$I$768,6,FALSE) -> 0 | AK19: =VLOOKUP($A19,'TABLA DINAMICA PARCIAL 3'!$A$5:$I$768,7,FALSE) -> 0 | AL19: =VLOOKUP($A19,'TABLA DINAMICA PARCIAL 3'!$A$5:$I$768,8,FALSE) -> 0 | AM19: =SUM(AF19:AL19) -> 0 | AN19: =VLOOKUP($A19,'TABLA DINAMICA PARCIAL 4'!$A$5:$F$760,2,FALSE) -> 0 | AO19: =VLOOKUP($A19,'TABLA DINAMICA PARCIAL 4'!$A$5:$F$760,3,FALSE) -> 10 | AP19: =VLOOKUP($A19,'TABLA DINAMICA PARCIAL 4'!$A$5:$F$760,4,FALSE) -> 0 | AQ19: =VLOOKUP($A19,'TABLA DINAMICA PARCIAL 4'!$A$5:$F$760,5,FALSE) -> 0 | AR19: =VLOOKUP($A19,'TABLA DINAMICA PARCIAL 4'!$A$5:$F$760,6,FALSE) -> 10 | AS19: =SUM(AN19:AR19) -> 20 | AT19: =VLOOKUP($A19,'USUARIOS Y GRUPO'!$A$2:$D$851,4,FALSE) -> P19-MAT1022-10
A20: 164720 | B20: Peña Lomelí | C20: Alondra | D20: =VLOOKUP($A20,'TABLA DINAM PARCIAL 1'!$A$5:$I$793,2,FALSE) -> 0 | E20: =VLOOKUP(A20,'TABLA DINAM PARCIAL 1'!A754:I1542,3,FALSE) -> 10 | F20: =VLOOKUP(A20,'TABLA DINAM PARCIAL 1'!A754:I1542,4,FALSE) -> 0 | G20: =VLOOKUP(A20,'TABLA DINAM PARCIAL 1'!A754:I1542,5,FALSE) -> 0 | H20: =VLOOKUP(A20,'TABLA DINAM PARCIAL 1'!A754:I1542,6,FALSE) -> 0 | I20: =VLOOKUP(A20,'TABLA DINAM PARCIAL 1'!A754:I1542,7,FALSE) -> 0 | J20: =VLOOKUP(A20,'TABLA DINAM PARCIAL 1'!A754:I1542,8,FALSE) -> 10 | K20: =VLOOKUP(A20,'TABLA DINAM PARCIAL 1'!A754:I1542,9,FALSE) -> 0 | L20: =SUM(D20:K20) -> 20 | M20: =VLOOKUP($A20,'TABLA DINAMICA PARCIAL 2'!$A$5:$T$772,2,FALSE) -> 0 | N20: =VLOOKUP($A20,'TABLA DINAMICA PARCIAL 2'!$A$5:$T$772,3,FALSE) -> 0 | O20: =VLOOKUP($A20,'TABLA DINAMICA PARCIAL 2'!$A$5:$T$772,4,FALSE) -> 0 | P20: =VLOOKUP($A20,'TABLA DINAMICA PARCIAL 2'!$A$5:$T$772,5,FALSE) -> 0 | Q20: =VLOOKUP($A20,'TABLA DINAMICA PARCIAL 2'!$A$5:$T$772,6,FALSE) -> 0 | R20: =VLOOKUP($A20,'TABLA DINAMICA PARCIAL 2'!$A$5:$T$772,7,FALSE) -> 0 | S20: =VLOOKUP($A20,'TABLA DINAMICA PARCIAL 2'!$A$5:$T$772,8,FALSE) -> 0 | T20: =VLOOKUP($A20,'TABLA DINAMICA PARCIAL 2'!$A$5:$T$772,9,FALSE) -> 0 | U20: =VLOOKUP($A20,'TABLA DINAMICA PARCIAL 2'!$A$5:$T$772,10,FALSE) -> 0 | V20: =VLOOKUP($A20,'TABLA DINAMICA PARCIAL 2'!$A$5:$T$772,11,FALSE) -> 0 | W20: =VLOOKUP($A20,'TABLA DINAMICA PARCIAL 2'!$A$5:$T$772,12,FALSE) -> 0 | X20: =VLOOKUP($A20,'TABLA DINAMICA PARCIAL 2'!$A$5:$T$772,13,FALSE) -> 0 | Y20: =VLOOKUP($A20,'TABLA DINAMICA PARCIAL 2'!$A$5:$T$772,14,FALSE) -> 0 | Z20: =VLOOKUP($A20,'TABLA DINAMICA PARCIAL 2'!$A$5:$T$772,15,FALSE) -> 0 | AA20: =VLOOKUP($A20,'TABLA DINAMICA PARCIAL 2'!$A$5:$T$772,16,FALSE) -> 0 | AB20: =VLOOKUP(I20,'TABLA DINAMICA PARCIAL 2'!I815:AB1586,17,FALSE) -> #N/A | AC20: =VLOOKUP(I20,'TABLA DINAMICA PARCIAL 2'!I815:AB1586,18,FALSE) -> #N/A | AD20: =VLOOKUP(I20,'TABLA DINAMICA PARCIAL 2'!I815:AB1586,19,FALSE) -> #N/A | AE20: =SUM(M20:AD20) -> #N/A | AF20: =VLOOKUP($A20,'TABLA DINAMICA PARCIAL 3'!$A$5:$I$768,2,FALSE) -> 10 | AG20: =VLOOKUP($A20,'TABLA DINAMICA PARCIAL 3'!$A$5:$I$768,3,FALSE) -> 0 | AH20: =VLOOKUP($A20,'TABLA DINAMICA PARCIAL 3'!$A$5:$I$768,4,FALSE) -> 10 | AI20: =VLOOKUP($A20,'TABLA DINAMICA PARCIAL 3'!$A$5:$I$768,5,FALSE) -> 0 | AJ20: =VLOOKUP($A20,'TABLA DINAMICA PARCIAL 3'!$A$5:$I$768,6,FALSE) -> 10 | AK20: =VLOOKUP($A20,'TABLA DINAMICA PARCIAL 3'!$A$5:$I$768,7,FALSE) -> 10 | AL20: =VLOOKUP($A20,'TABLA DINAMICA PARCIAL 3'!$A$5:$I$768,8,FALSE) -> 0 | AM20: =SUM(AF20:AL20) -> 40 | AN20: =VLOOKUP($A20,'TABLA DINAMICA PARCIAL 4'!$A$5:$F$760,2,FALSE) -> 10 | AO20: =VLOOKUP($A20,'TABLA DINAMICA PARCIAL 4'!$A$5:$F$760,3,FALSE) -> 0 | AP20: =VLOOKUP($A20,'TABLA DINAMICA PARCIAL 4'!$A$5:$F$760,4,FALSE) -> 0 | AQ20: =VLOOKUP($A20,'TABLA DINAMICA PARCIAL 4'!$A$5:$F$760,5,FALSE) -> 0 | AR20: =VLOOKUP($A20,'TABLA DINAMICA PARCIAL 4'!$A$5:$F$760,6,FALSE) -> 0 | AS20: =SUM(AN20:AR20) -> 10 | AT20: =VLOOKUP($A20,'USUARIOS Y GRUPO'!$A$2:$D$851,4,FALSE) -> P19-MAT1022-10
A21: 162496 | B21: López López | C21: Fernando | D21: =VLOOKUP($A21,'TABLA DINAM PARCIAL 1'!$A$5:$I$793,2,FALSE) -> 0 | E21: =VLOOKUP(A21,'TABLA DINAM PARCIAL 1'!A221:I1009,3,FALSE) -> 10 | F21: =VLOOKUP(A21,'TABLA DINAM PARCIAL 1'!A221:I1009,4,FALSE) -> 0 | G21: =VLOOKUP(A21,'TABLA DINAM PARCIAL 1'!A221:I1009,5,FALSE) -> 0 | H21: =VLOOKUP(A21,'TABLA DINAM PARCIAL 1'!A221:I1009,6,FALSE) -> 10 | I21: =VLOOKUP(A21,'TABLA DINAM PARCIAL 1'!A221:I1009,7,FALSE) -> 0 | J21: =VLOOKUP(A21,'TABLA DINAM PARCIAL 1'!A221:I1009,8,FALSE) -> 10 | K21: =VLOOKUP(A21,'TABLA DINAM PARCIAL 1'!A221:I1009,9,FALSE) -> 0 | L21: =SUM(D21:K21) -> 30 | M21: =VLOOKUP($A21,'TABLA DINAMICA PARCIAL 2'!$A$5:$T$772,2,FALSE) -> 0 | N21: =VLOOKUP($A21,'TABLA DINAMICA PARCIAL 2'!$A$5:$T$772,3,FALSE) -> 0 | O21: =VLOOKUP($A21,'TABLA DINAMICA PARCIAL 2'!$A$5:$T$772,4,FALSE) -> 0 | P21: =VLOOKUP($A21,'TABLA DINAMICA PARCIAL 2'!$A$5:$T$772,5,FALSE) -> 0 | Q21: =VLOOKUP($A21,'TABLA DINAMICA PARCIAL 2'!$A$5:$T$772,6,FALSE) -> 0 | R21: =VLOOKUP($A21,'TABLA DINAMICA PARCIAL 2'!$A$5:$T$772,7,FALSE) -> 0 | S21: =VLOOKUP($A21,'TABLA DINAMICA PARCIAL 2'!$A$5:$T$772,8,FALSE) -> 0 | T21: =VLOOKUP($A21,'TABLA DINAMICA PARCIAL 2'!$A$5:$T$772,9,FALSE) -> 10 | U21: =VLOOKUP($A21,'TABLA DINAMICA PARCIAL 2'!$A$5:$T$772,10,FALSE) -> 0 | V21: =VLOOKUP($A21,'TABLA DINAMICA PARCIAL 2'!$A$5:$T$772,11,FALSE) -> 0 | W21: =VLOOKUP($A21,'TABLA DINAMICA PARCIAL 2'!$A$5:$T$772,12,FALSE) -> 0 | X21: =VLOOKUP($A21,'TABLA DINAMICA PARCIAL 2'!$A$5:$T$772,13,FALSE) -> 0 | Y21: =VLOOKUP($A21,'TABLA DINAMICA PARCIAL 2'!$A$5:$T$772,14,FALSE) -> 0 | Z21: =VLOOKUP($A21,'TABLA DINAMICA PARCIAL 2'!$A$5:$T$772,15,FALSE) -> 0 | AA21: =VLOOKUP($A21,'TABLA DINAMICA PARCIAL 2'!$A$5:$T$772,16,FALSE) -> 0 | AB21: =VLOOKUP(I21,'TABLA DINAMICA PARCIAL 2'!I251:AB1022,17,FALSE) -> 0 | AC21: =VLOOKUP(I21,'TABLA DINAMICA PARCIAL 2'!I251:AB1022,18,FALSE) -> 0 | AD21: =VLOOKUP(I21,'TABLA DINAMICA PARCIAL 2'!I251:AB1022,19,FALSE) -> 0 | AE21: =SUM(M21:AD21) -> 10 | AF21: =VLOOKUP($A21,'TABLA DINAMICA PARCIAL 3'!$A$5:$I$768,2,FALSE) -> 0 | AG21: =VLOOKUP($A21,'TABLA DINAMICA PARCIAL 3'!$A$5:$I$768,3,FALSE) -> 0 | AH21: =VLOOKUP($A21,'TABLA DINAMICA PARCIAL 3'!$A$5:$I$768,4,FALSE) -> 0 | AI21: =VLOOKUP($A21,'TABLA DINAMICA PARCIAL 3'!$A$5:$I$768,5,FALSE) -> 10 | AJ21: =VLOOKUP($A21,'TABLA DINAMICA PARCIAL 3'!$A$5:$I$768,6,FALSE) -> 0 | AK21: =VLOOKUP($A21,'TABLA DINAMICA PARCIAL 3'!$A$5:$I$768,7,FALSE) -> 10 | AL21: =VLOOKUP($A21,'TABLA DINAMICA PARCIAL 3'!$A$5:$I$768,8,FALSE) -> 0 | AM21: =SUM(AF21:AL21) -> 20 | AN21: =VLOOKUP($A21,'TABLA DINAMICA PARCIAL 4'!$A$5:$F$760,2,FALSE) -> 0 | AO21: =VLOOKUP($A21,'TABLA DINAMICA PARCIAL 4'!$A$5:$F$760,3,FALSE) -> 0 | AP21: =VLOOKUP($A21,'TABLA DINAMICA PARCIAL 4'!$A$5:$F$760,4,FALSE) -> 0 | AQ21: =VLOOKUP($A21,'TABLA DINAMICA PARCIAL 4'!$A$5:$F$760,5,FALSE) -> 0 | AR21: =VLOOKUP($A21,'TABLA DINAMICA PARCIAL 4'!$A$5:$F$760,6,FALSE) -> 10 | AS21: =SUM(AN21:AR21) -> 10 | AT21: =VLOOKUP($A21,'USUARIOS Y GRUPO'!$A$2:$D$851,4,FALSE) -> P19-MAT1022-10
A22: 162517 | B22: Cabrera Mecott | C22: Denisse | D22: =VLOOKUP($A22,'TABLA DINAM PARCIAL 1'!$A$5:$I$793,2,FALSE) -> 10 | E22: =VLOOKUP(A22,'TABLA DINAM PARCIAL 1'!A226:I1014,3,FALSE) -> 0 | F22: =VLOOKUP(A22,'TABLA DINAM PARCIAL 1'!A226:I1014,4,FALSE) -> 0 | G22: =VLOOKUP(A22,'TABLA DINAM PARCIAL 1'!A226:I1014,5,FALSE) -> 10 | H22: =VLOOKUP(A22,'TABLA DINAM PARCIAL 1'!A226:I1014,6,FALSE) -> 0 | I22: =VLOOKUP(A22,'TABLA DINAM PARCIAL 1'!A226:I1014,7,FALSE) -> 0 | J22: =VLOOKUP(A22,'TABLA DINAM PARCIAL 1'!A226:I1014,8,FALSE) -> 10 | K22: =VLOOKUP(A22,'TABLA DINAM PARCIAL 1'!A226:I1014,9,FALSE) -> 0 | L22: =SUM(D22:K22) -> 30 | M22: =VLOOKUP($A22,'TABLA DINAMICA PARCIAL 2'!$A$5:$T$772,2,FALSE) -> 10 | N22: =VLOOKUP($A22,'TABLA DINAMICA PARCIAL 2'!$A$5:$T$772,3,FALSE) -> 0 | O22: =VLOOKUP($A22,'TABLA DINAMICA PARCIAL 2'!$A$5:$T$772,4,FALSE) -> 0 | P22: =VLOOKUP($A22,'TABLA DINAMICA PARCIAL 2'!$A$5:$T$772,5,FALSE) -> 0 | Q22: =VLOOKUP($A22,'TABLA DINAMICA PARCIAL 2'!$A$5:$T$772,6,FALSE) -> 0 | R22: =VLOOKUP($A22,'TABLA DINAMICA PARCIAL 2'!$A$5:$T$772,7,FALSE) -> 0 | S22: =VLOOKUP($A22,'TABLA DINAMICA PARCIAL 2'!$A$5:$T$772,8,FALSE) -> 0 | T22: =VLOOKUP($A22,'TABLA DINAMICA PARCIAL 2'!$A$5:$T$772,9,FALSE) -> 0 | U22: =VLOOKUP($A22,'TABLA DINAMICA PARCIAL 2'!$A$5:$T$772,10,FALSE) -> 0 | V22: =VLOOKUP($A22,'TABLA DINAMICA PARCIAL 2'!$A$5:$T$772,11,FALSE) -> 0 | W22: =VLOOKUP($A22,'TABLA DINAMICA PARCIAL 2'!$A$5:$T$772,12,FALSE) -> 0 | X22: =VLOOKUP($A22,'TABLA DINAMICA PARCIAL 2'!$A$5:$T$772,13,FALSE) -> 0 | Y22: =VLOOKUP($A22,'TABLA DINAMICA PARCIAL 2'!$A$5:$T$772,14,FALSE) -> 0 | Z22: =VLOOKUP($A22,'TABLA DINAMICA PARCIAL 2'!$A$5:$T$772,15,FALSE) -> 0 | AA22: =VLOOKUP($A22,'TABLA DINAMICA PARCIAL 2'!$A$5:$T$772,16,FALSE) -> 10 | AB22: =VLOOKUP(I22,'TABLA DINAMICA PARCIAL 2'!I256:AB1027,17,FALSE) -> 0 | AC22: =VLOOKUP(I22,'TABLA DINAMICA PARCIAL 2'!I256:AB1027,18,FALSE) -> 0 | AD22: =VLOOKUP(I22,'TABLA DINAMICA PARCIAL 2'!I256:AB1027,19,FALSE) -> 0 | AE22: =SUM(M22:AD22) -> 20 | AF22: =VLOOKUP($A22,'TABLA DINAMICA PARCIAL 3'!$A$5:$I$768,2,FALSE) -> 10 | AG22: =VLOOKUP($A22,'TABLA DINAMICA PARCIAL 3'!$A$5:$I$768,3,FALSE) -> 0 | AH22: =VLOOKUP($A22,'TABLA DINAMICA PARCIAL 3'!$A$5:$I$768,4,FALSE) -> 10 | AI22: =VLOOKUP($A22,'TABLA DINAMICA PARCIAL 3'!$A$5:$I$768,5,FALSE) -> 0 | AJ22: =VLOOKUP($A22,'TABLA DINAMICA PARCIAL 3'!$A$5:$I$768,6,FALSE) -> 10 | AK22: =VLOOKUP($A22,'TABLA DINAMICA PARCIAL 3'!$A$5:$I$768,7,FALSE) -> 10 | AL22: =VLOOKUP($A22,'TABLA DINAMICA PARCIAL 3'!$A$5:$I$768,8,FALSE) -> 0 | AM22: =SUM(AF22:AL22) -> 40 | AN22: =VLOOKUP($A22,'TABLA DINAMICA PARCIAL 4'!$A$5:$F$760,2,FALSE) -> 0 | AO22: =VLOOKUP($A22,'TABLA DINAMICA PARCIAL 4'!$A$5:$F$760,3,FALSE) -> 10 | AP22: =VLOOKUP($A22,'TABLA DINAMICA PARCIAL 4'!$A$5:$F$760,4,FALSE) -> 0 | AQ22: =VLOOKUP($A22,'TABLA DINAMICA PARCIAL 4'!$A$5:$F$760,5,FALSE) -> 0 | AR22: =VLOOKUP($A22,'TABLA DINAMICA PARCIAL 4'!$A$5:$F$760,6,FALSE) -> 0 | AS22: =SUM(AN22:AR22) -> 10 | AT22: =VLOOKUP($A22,'USUARIOS Y GRUPO'!$A$2:$D$851,4,FALSE) -> P19-MAT1022-10
A23: 162723 | B23: Carbajal Ordóñez | C23: Frida Elizabeth | D23: =VLOOKUP($A23,'TABLA DINAM PARCIAL 1'!$A$5:$I$793,2,FALSE) -> 10 | E23: =VLOOKUP(A23,'TABLA DINAM PARCIAL 1'!A266:I1054,3,FALSE) -> 0 | F23: =VLOOKUP(A23,'TABLA DINAM PARCIAL 1'!A266:I1054,4,FALSE) -> 10 | G23: =VLOOKUP(A23,'TABLA DINAM PARCIAL 1'!A266:I1054,5,FALSE) -> 0 | H23: =VLOOKUP(A23,'TABLA DINAM PARCIAL 1'!A266:I1054,6,FALSE) -> 0 | I23: =VLOOKUP(A23,'TABLA DINAM PARCIAL 1'!A266:I1054,7,FALSE) -> 0 | J23: =VLOOKUP(A23,'TABLA DINAM PARCIAL 1'!A266:I1054,8,FALSE) -> 0 | K23: =VLOOKUP(A23,'TABLA DINAM PARCIAL 1'!A266:I1054,9,FALSE) -> 10 | L23: =SUM(D23:K23) -> 30 | M23: =VLOOKUP($A23,'TABLA DINAMICA PARCIAL 2'!$A$5:$T$772,2,FALSE) -> 10 | N23: =VLOOKUP($A23,'TABLA DINAMICA PARCIAL 2'!$A$5:$T$772,3,FALSE) -> 0 | O23: =VLOOKUP($A23,'TABLA DINAMICA PARCIAL 2'!$A$5:$T$772,4,FALSE) -> 0 | P23: =VLOOKUP($A23,'TABLA DINAMICA PARCIAL 2'!$A$5:$T$772,5,FALSE) -> 0 | Q23: =VLOOKUP($A23,'TABLA DINAMICA PARCIAL 2'!$A$5:$T$772,6,FALSE) -> 0 | R23: =VLOOKUP($A23,'TABLA DINAMICA PARCIAL 2'!$A$5:$T$772,7,FALSE) -> 0 | S23: =VLOOKUP($A23,'TABLA DINAMICA PARCIAL 2'!$A$5:$T$772,8,FALSE) -> 0 | T23: =VLOOKUP($A23,'TABLA DINAMICA PARCIAL 2'!$A$5:$T$772,9,FALSE) -> 0 | U23: =VLOOKUP($A23,'TABLA DINAMICA PARCIAL 2'!$A$5:$T$772,10,FALSE) -> 0 | V23: =VLOOKUP($A23,'TABLA DINAMICA PARCIAL 2'!$A$5:$T$772,11,FALSE) -> 10 | W23: =VLOOKUP($A23,'TABLA DINAMICA PARCIAL 2'!$A$5:$T$772,12,FALSE) -> 0 | X23: =VLOOKUP($A23,'TABLA DINAMICA PARCIAL 2'!$A$5:$T$772,13,FALSE) -> 0 | Y23: =VLOOKUP($A23,'TABLA DINAMICA PARCIAL 2'!$A$5:$T$772,14,FALSE) -> 0 | Z23: =VLOOKUP($A23,'TABLA DINAMICA PARCIAL 2'!$A$5:$T$772,15,FALSE) -> 0 | AA23: =VLOOKUP($A23,'TABLA DINAMICA PARCIAL 2'!$A$5:$T$772,16,FALSE) -> 0 | AB23: =VLOOKUP(I23,'TABLA DINAMICA PARCIAL 2'!I298:AB1069,17,FALSE) -> 0 | AC23: =VLOOKUP(I23,'TABLA DINAMICA PARCIAL 2'!I298:AB1069,18,FALSE) -> 0 | AD23: =VLOOKUP(I23,'TABLA DINAMICA PARCIAL 2'!I298:AB1069,19,FALSE) -> 0 | AE23: =SUM(M23:AD23) -> 20 | AF23: =VLOOKUP($A23,'TABLA DINAMICA PARCIAL 3'!$A$5:$I$768,2,FALSE) -> 10 | AG23: =VLOOKUP($A23,'TABLA DINAMICA PARCIAL 3'!$A$5:$I$768,3,FALSE) -> 0 | AH23: =VLOOKUP($A23,'TABLA DINAMICA PARCIAL 3'!$A$5:$I$768,4,FALSE) -> 10 | AI23: =VLOOKUP($A23,'TABLA DINAMICA PARCIAL 3'!$A$5:$I$768,5,FALSE) -> 0 | AJ23: =VLOOKUP($A23,'TABLA DINAMICA PARCIAL 3'!$A$5:$I$768,6,FALSE) -> 0 | AK23: =VLOOKUP($A23,'TABLA DINAMICA PARCIAL 3'!$A$5:$I$768,7,FALSE) -> 10 | AL23: =VLOOKUP($A23,'TABLA DINAMICA PARCIAL 3'!$A$5:$I$768,8,FALSE) -> 0 | AM23: =SUM(AF23:AL23) -> 30 | AN23: =VLOOKUP($A23,'TABLA DINAMICA PARCIAL 4'!$A$5:$F$760,2,FALSE) -> 0 | AO23: =VLOOKUP($A23,'TABLA DINAMICA PARCIAL 4'!$A$5:$F$760,3,FALSE) -> 0 | AP23: =VLOOKUP($A23,'TABLA DINAMICA PARCIAL 4'!$A$5:$F$760,4,FALSE) -> 0 | AQ23: =VLOOKUP($A23,'TABLA DINAMICA PARCIAL 4'!$A$5:$F$760,5,FALSE) -> 0 | AR23: =VLOOKUP($A23,'TABLA DINAMICA PARCIAL 4'!$A$5:$F$760,6,FALSE) -> 0 | AS23: =SUM(AN23:AR23) -> 0 | AT23: =VLOOKUP($A23,'USUARIOS Y GRUPO'!$A$2:$D$851,4,FALSE) -> P19-MAT1022-10
A24: 162822 | B24: Castillo Conde | C24: Jessica Tsunami | D24: =VLOOKUP($A24,'TABLA DINAM PARCIAL 1'!$A$5:$I$793,2,FALSE) -> 10 | E24: =VLOOKUP(A24,'TABLA DINAM PARCIAL 1'!A295:I1083,3,FALSE) -> 0 | F24: =VLOOKUP(A24,'TABLA DINAM PARCIAL 1'!A295:I1083,4,FALSE) -> 0 | G24: =VLOOKUP(A24,'TABLA DINAM PARCIAL 1'!A295:I1083,5,FALSE) -> 10 | H24: =VLOOKUP(A24,'TABLA DINAM PARCIAL 1'!A295:I1083,6,FALSE) -> 0 | I24: =VLOOKUP(A24,'TABLA DINAM PARCIAL 1'!A295:I1083,7,FALSE) -> 0 | J24: =VLOOKUP(A24,'TABLA DINAM PARCIAL 1'!A295:I1083,8,FALSE) -> 0 | K24: =VLOOKUP(A24,'TABLA DINAM PARCIAL 1'!A295:I1083,9,FALSE) -> 10 | L24: =SUM(D24:K24) -> 30 | M24: =VLOOKUP($A24,'TABLA DINAMICA PARCIAL 2'!$A$5:$T$772,2,FALSE) -> 0 | N24: =VLOOKUP($A24,'TABLA DINAMICA PARCIAL 2'!$A$5:$T$772,3,FALSE) -> 0 | O24: =VLOOKUP($A24,'TABLA DINAMICA PARCIAL 2'!$A$5:$T$772,4,FALSE) -> 0 | P24: =VLOOKUP($A24,'TABLA DINAMICA PARCIAL 2'!$A$5:$T$772,5,FALSE) -> 10 | Q24: =VLOOKUP($A24,'TABLA DINAMICA PARCIAL 2'!$A$5:$T$772,6,FALSE) -> 0 | R24: =VLOOKUP($A24,'TABLA DINAMICA PARCIAL 2'!$A$5:$T$772,7,FALSE) -> 0 | S24: =VLOOKUP($A24,'TABLA DINAMICA PARCIAL 2'!$A$5:$T$772,8,FALSE) -> 0 | T24: =VLOOKUP($A24,'TABLA DINAMICA PARCIAL 2'!$A$5:$T$772,9,FALSE) -> 0 | U24: =VLOOKUP($A24,'TABLA DINAMICA PARCIAL 2'!$A$5:$T$772,10,FALSE) -> 10 | V24: =VLOOKUP($A24,'TABLA DINAMICA PARCIAL 2'!$A$5:$T$772,11,FALSE) -> 0 | W24: =VLOOKUP($A24,'TABLA DINAMICA PARCIAL 2'!$A$5:$T$772,12,FALSE) -> 0 | X24: =VLOOKUP($A24,'TABLA DINAMICA PARCIAL 2'!$A$5:$T$772,13,FALSE) -> 0 | Y24: =VLOOKUP($A24,'TABLA DINAMICA PARCIAL 2'!$A$5:$T$772,14,FALSE) -> 0 | Z24: =VLOOKUP($A24,'TABLA DINAMICA PARCIAL 2'!$A$5:$T$772,15,FALSE) -> 0 | AA24: =VLOOKUP($A24,'TABLA DINAMICA PARCIAL 2'!$A$5:$T$772,16,FALSE) -> 0 | AB24: =VLOOKUP(I24,'TABLA DINAMICA PARCIAL 2'!I327:AB1098,17,FALSE) -> 0 | AC24: =VLOOKUP(I24,'TABLA DINAMICA PARCIAL 2'!I327:AB1098,18,FALSE) -> 0 | AD24: =VLOOKUP(I24,'TABLA DINAMICA PARCIAL 2'!I327:AB1098,19,FALSE) -> 0 | AE24: =SUM(M24:AD24) -> 20 | AF24: =VLOOKUP($A24,'TABLA DINAMICA PARCIAL 3'!$A$5:$I$768,2,FALSE) -> 10 | AG24: =VLOOKUP($A24,'TABLA DINAMICA PARCIAL 3'!$A$5:$I$768,3,FALSE) -> 0 | AH24: =VLOOKUP($A24,'TABLA DINAMICA PARCIAL 3'!$A$5:$I$768,4,FALSE) -> 10 | AI24: =VLOOKUP($A24,'TABLA DINAMICA PARCIAL 3'!$A$5:$I$768,5,FALSE) -> 0 | AJ24: =VLOOKUP($A24,'TABLA DINAMICA PARCIAL 3'!$A$5:$I$768,6,FALSE) -> 10 | AK24: =VLOOKUP($A24,'TABLA DINAMICA PARCIAL 3'!$A$5:$I$768,7,FALSE) -> 10 | AL24: =VLOOKUP($A24,'TABLA DINAMICA PARCIAL 3'!$A$5:$I$768,8,FALSE) -> 0 | AM24: =SUM(AF24:AL24) -> 40 | AN24: =VLOOKUP($A24,'TABLA DINAMICA PARCIAL 4'!$A$5:$F$760,2,FALSE) -> 0 | AO24: =VLOOKUP($A24,'TABLA DINAMICA PARCIAL 4'!$A$5:$F$760,3,FALSE) -> 10 | AP24: =VLOOKUP($A24,'TABLA DINAMICA PARCIAL 4'!$A$5:$F$760,4,FALSE) -> 0 | AQ24: =VLOOKUP($A24,'TABLA DINAMICA PARCIAL 4'!$A$5:$F$760,5,FALSE) -> 10 | AR24: =VLOOKUP($A24,'TABLA DINAMICA PARCIAL 4'!$A$5:$F$760,6,FALSE) -> 0 | AS24: =SUM(AN24:AR24) -> 20 | AT24: =VLOOKUP($A24,'USUARIOS Y GRUPO'!$A$2:$D$851,4,FALSE) -> P19-MAT1022-10
A25: 163552 | B25: Tostado Blazquez | C25: Daniel | D25: =VLOOKUP($A25,'TABLA DINAM PARCIAL 1'!$A$5:$I$793,2,FALSE) -> 0 | E25: =VLOOKUP(A25,'TABLA DINAM PARCIAL 1'!A501:I1289,3,FALSE) -> 0 | F25: =VLOOKUP(A25,'TABLA DINAM PARCIAL 1'!A501:I1289,4,FALSE) -> 10 | G25: =VLOOKUP(A25,'TABLA DINAM PARCIAL 1'!A501:I1289,5,FALSE) -> 0 | H25: =VLOOKUP(A25,'TABLA DINAM PARCIAL 1'!A501:I1289,6,FALSE) -> 10 | I25: =VLOOKUP(A25,'TABLA DINAM PARCIAL 1'!A501:I1289,7,FALSE) -> 0 | J25: =VLOOKUP(A25,'TABLA DINAM PARCIAL 1'!A501:I1289,8,FALSE) -> 0 | K25: =VLOOKUP(A25,'TABLA DINAM PARCIAL 1'!A501:I1289,9,FALSE) -> 10 | L25: =SUM(D25:K25) -> 30 | M25: =VLOOKUP($A25,'TABLA DINAMICA PARCIAL 2'!$A$5:$T$772,2,FALSE) -> 0 | N25: =VLOOKUP($A25,'TABLA DINAMICA PARCIAL 2'!$A$5:$T$772,3,FALSE) -> 0 | O25: =VLOOKUP($A25,'TABLA DINAMICA PARCIAL 2'!$A$5:$T$772,4,FALSE) -> 0 | P25: =VLOOKUP($A25,'TABLA DINAMICA PARCIAL 2'!$A$5:$T$772,5,FALSE) -> 0 | Q25: =VLOOKUP($A25,'TABLA DINAMICA PARCIAL 2'!$A$5:$T$772,6,FALSE) -> 0 | R25: =VLOOKUP($A25,'TABLA DINAMICA PARCIAL 2'!$A$5:$T$772,7,FALSE) -> 0 | S25: =VLOOKUP($A25,'TABLA DINAMICA PARCIAL 2'!$A$5:$T$772,8,FALSE) -> 0 | T25: =VLOOKUP($A25,'TABLA DINAMICA PARCIAL 2'!$A$5:$T$772,9,FALSE) -> 0 | U25: =VLOOKUP($A25,'TABLA DINAMICA PARCIAL 2'!$A$5:$T$772,10,FALSE) -> 0 | V25: =VLOOKUP($A25,'TABLA DINAMICA PARCIAL 2'!$A$5:$T$772,11,FALSE) -> 0 | W25: =VLOOKUP($A25,'TABLA DINAMICA PARCIAL 2'!$A$5:$T$772,12,FALSE) -> 0 | X25: =VLOOKUP($A25,'TABLA DINAMICA PARCIAL 2'!$A$5:$T$772,13,FALSE) -> 0 | Y25: =VLOOKUP($A25,'TABLA DINAMICA PARCIAL 2'!$A$5:$T$772,14,FALSE) -> 0 | Z25: =VLOOKUP($A25,'TABLA DINAMICA PARCIAL 2'!$A$5:$T$772,15,FALSE) -> 0 | AA25: =VLOOKUP($A25,'TABLA DINAMICA PARCIAL 2'!$A$5:$T$772,16,FALSE) -> 10 | AB25: =VLOOKUP(I25,'TABLA DINAMICA PARCIAL 2'!I544:AB1315,17,FALSE) -> 0 | AC25: =VLOOKUP(I25,'TABLA DINAMICA PARCIAL 2'!I544:AB1315,18,FALSE) -> 0 | AD25: =VLOOKUP(I25,'TABLA DINAMICA PARCIAL 2'!I544:AB1315,19,FALSE) -> 0 | AE25: =SUM(M25:AD25) -> 10 | AF25: =VLOOKUP($A25,'TABLA DINAMICA PARCIAL 3'!$A$5:$I$768,2,FALSE) -> 0 | AG25: =VLOOKUP($A25,'TABLA DINAMICA PARCIAL 3'!$A$5:$I$768,3,FALSE) -> 0 | AH25: =VLOOKUP($A25,'TABLA DINAMICA PARCIAL 3'!$A$5:$I$768,4,FALSE) -> 0 | AI25: =VLOOKUP($A25,'TABLA DINAMICA PARCIAL 3'!$A$5:$I$768,5,FALSE) -> 0 | AJ25: =VLOOKUP($A25,'TABLA DINAMICA PARCIAL 3'!$A$5:$I$768,6,FALSE) -> 0 | AK25: =VLOOKUP($A25,'TABLA DINAMICA PARCIAL 3'!$A$5:$I$768,7,FALSE) -> 0 | AL25: =VLOOKUP($A25,'TABLA DINAMICA PARCIAL 3'!$A$5:$I$768,8,FALSE) -> 10 | AM25: =SUM(AF25:AL25) -> 10 | AN25: =VLOOKUP($A25,'TABLA DINAMICA PARCIAL 4'!$A$5:$F$760,2,FALSE) -> 0 | AO25: =VLOOKUP($A25,'TABLA DINAMICA PARCIAL 4'!$A$5:$F$760,3,FALSE) -> 0 | AP25: =VLOOKUP($A25,'TABLA DINAMICA PARCIAL 4'!$A$5:$F$760,4,FALSE) -> 0 | AQ25: =VLOOKUP($A25,'TABLA DINAMICA PARCIAL 4'!$A$5:$F$760,5,FALSE) -> 0 | AR25: =VLOOKUP($A25,'TABLA DINAMICA PARCIAL 4'!$A$5:$F$760,6,FALSE) -> 0 | AS25: =SUM(AN25:AR25) -> 0 | AT25: =VLOOKUP($A25,'USUARIOS Y GRUPO'!$A$2:$D$851,4,FALSE) -> P19-MAT1022-10
A26: 164334 | B26: Becerril Zepeda | C26: Sonia Daniela | D26: =VLOOKUP($A26,'TABLA DINAM PARCIAL 1'!$A$5:$I$793,2,FALSE) -> 0 | E26: =VLOOKUP(A26,'TABLA DINAM PARCIAL 1'!A684:I1472,3,FALSE) -> 10 | F26: =VLOOKUP(A26,'TABLA DINAM PARCIAL 1'!A684:I1472,4,FALSE) -> 0 | G26: =VLOOKUP(A26,'TABLA DINAM PARCIAL 1'!A684:I1472,5,FALSE) -> 0 | H26: =VLOOKUP(A26,'TABLA DINAM PARCIAL 1'!A684:I1472,6,FALSE) -> 10 | I26: =VLOOKUP(A26,'TABLA DINAM PARCIAL 1'!A684:I1472,7,FALSE) -> 0 | J26: =VLOOKUP(A26,'TABLA DINAM PARCIAL 1'!A684:I1472,8,FALSE) -> 10 | K26: =VLOOKUP(A26,'TABLA DINAM PARCIAL 1'!A684:I1472,9,FALSE) -> 0 | L26: =SUM(D26:K26) -> 30 | M26: =VLOOKUP($A26,'TABLA DINAMICA PARCIAL 2'!$A$5:$T$772,2,FALSE) -> 0 | N26: =VLOOKUP($A26,'TABLA DINAMICA PARCIAL 2'!$A$5:$T$772,3,FALSE) -> 0 | O26: =VLOOKUP($A26,'TABLA DINAMICA PARCIAL 2'!$A$5:$T$772,4,FALSE) -> 10 | P26: =VLOOKUP($A26,'TABLA DINAMICA PARCIAL 2'!$A$5:$T$772,5,FALSE) -> 0 | Q26: =VLOOKUP($A26,'TABLA DINAMICA PARCIAL 2'!$A$5:$T$772,6,FALSE) -> 0 | R26: =VLOOKUP($A26,'TABLA DINAMICA PARCIAL 2'!$A$5:$T$772,7,FALSE) -> 0 | S26: =VLOOKUP($A26,'TABLA DINAMICA PARCIAL 2'!$A$5:$T$772,8,FALSE) -> 0 | T26: =VLOOKUP($A26,'TABLA DINAMICA PARCIAL 2'!$A$5:$T$772,9,FALSE) -> 10 | U26: =VLOOKUP($A26,'TABLA DINAMICA PARCIAL 2'!$A$5:$T$772,10,FALSE) -> 0 | V26: =VLOOKUP($A26,'TABLA DINAMICA PARCIAL 2'!$A$5:$T$772,11,FALSE) -> 0 | W26: =VLOOKUP($A26,'TABLA DINAMICA PARCIAL 2'!$A$5:$T$772,12,FALSE) -> 0 | X26: =VLOOKUP($A26,'TABLA DINAMICA PARCIAL 2'!$A$5:$T$772,13,FALSE) -> 0 | Y26: =VLOOKUP($A26,'TABLA DINAMICA PARCIAL 2'!$A$5:$T$772,14,FALSE) -> 0 | Z26: =VLOOKUP($A26,'TABLA DINAMICA PARCIAL 2'!$A$5:$T$772,15,FALSE) -> 0 | AA26: =VLOOKUP($A26,'TABLA DINAMICA PARCIAL 2'!$A$5:$T$772,16,FALSE) -> 0 | AB26: =VLOOKUP(I26,'TABLA DINAMICA PARCIAL 2'!I737:AB1508,17,FALSE) -> 0 | AC26: =VLOOKUP(I26,'TABLA DINAMICA PARCIAL 2'!I737:AB1508,18,FALSE) -> 0 | AD26: =VLOOKUP(I26,'TABLA DINAMICA PARCIAL 2'!I737:AB1508,19,FALSE) -> 0 | AE26: =SUM(M26:AD26) -> 20 | AF26: =VLOOKUP($A26,'TABLA DINAMICA PARCIAL 3'!$A$5:$I$768,2,FALSE) -> 0 | AG26: =VLOOKUP($A26,'TABLA DINAMICA PARCIAL 3'!$A$5:$I$768,3,FALSE) -> 0 | AH26: =VLOOKUP($A26,'TABLA DINAMICA PARCIAL 3'!$A$5:$I$768,4,FALSE) -> 0 | AI26: =VLOOKUP($A26,'TABLA DINAMICA PARCIAL 3'!$A$5:$I$768,5,FALSE) -> 0 | AJ26: =VLOOKUP($A26,'TABLA DINAMICA PARCIAL 3'!$A$5:$I$768,6,FALSE) -> 10 | AK26: =VLOOKUP($A26,'TABLA DINAMICA PARCIAL 3'!$A$5:$I$768,7,FALSE) -> 0 | AL26: =VLOOKUP($A26,'TABLA DINAMICA PARCIAL 3'!$A$5:$I$768,8,FALSE) -> 10 | AM26: =SUM(AF26:AL26) -> 20 | AN26: =VLOOKUP($A26,'TABLA DINAMICA PARCIAL 4'!$A$5:$F$760,2,FALSE) -> 0 | AO26: =VLOOKUP($A26,'TABLA DINAMICA PARCIAL 4'!$A$5:$F$760,3,FALSE) -> 0 | AP26: =VLOOKUP($A26,'TABLA DINAMICA PARCIAL 4'!$A$5:$F$760,4,FALSE) -> 0 | AQ26: =VLOOKUP($A26,'TABLA DINAMICA PARCIAL 4'!$A$5:$F$760,5,FALSE) -> 0 | AR26: =VLOOKUP($A26,'TABLA DINAMICA PARCIAL 4'!$A$5:$F$760,6,FALSE) -> 0 | AS26: =SUM(AN26:AR26) -> 0 | AT26: =VLOOKUP($A26,'USUARIOS Y GRUPO'!$A$2:$D$851,4,FALSE) -> P19-MAT1022-10
A27: 162389 | B27: Santacruz Rojas | C27: Sandra Daniela | D27: =VLOOKUP($A27,'TABLA DINAM PARCIAL 1'!$A$5:$I$793,2,FALSE) -> 10 | E27: =VLOOKUP(A27,'TABLA DINAM PARCIAL 1'!A191:I979,3,FALSE) -> 10 | F27: =VLOOKUP(A27,'TABLA DINAM PARCIAL 1'!A191:I979,4,FALSE) -> 0 | G27: =VLOOKUP(A27,'TABLA DINAM PARCIAL 1'!A191:I979,5,FALSE) -> 0 | H27: =VLOOKUP(A27,'TABLA DINAM PARCIAL 1'!A191:I979,6,FALSE) -> 10 | I27: =VLOOKUP(A27,'TABLA DINAM PARCIAL 1'!A191:I979,7,FALSE) -> 0 | J27: =VLOOKUP(A27,'TABLA DINAM PARCIAL 1'!A191:I979,8,FALSE) -> 10 | K27: =VLOOKUP(A27,'TABLA DINAM PARCIAL 1'!A191:I979,9,FALSE) -> 0 | L27: =SUM(D27:K27) -> 40 | M27: =VLOOKUP($A27,'TABLA DINAMICA PARCIAL 2'!$A$5:$T$772,2,FALSE) -> 0 | N27: =VLOOKUP($A27,'TABLA DINAMICA PARCIAL 2'!$A$5:$T$772,3,FALSE) -> 0 | O27: =VLOOKUP($A27,'TABLA DINAMICA PARCIAL 2'!$A$5:$T$772,4,FALSE) -> 0 | P27: =VLOOKUP($A27,'TABLA DINAMICA PARCIAL 2'!$A$5:$T$772,5,FALSE) -> 0 | Q27: =VLOOKUP($A27,'TABLA DINAMICA PARCIAL 2'!$A$5:$T$772,6,FALSE) -> 10 | R27: =VLOOKUP($A27,'TABLA DINAMICA PARCIAL 2'!$A$5:$T$772,7,FALSE) -> 0 | S27: =VLOOKUP($A27,'TABLA DINAMICA PARCIAL 2'!$A$5:$T$772,8,FALSE) -> 0 | T27: =VLOOKUP($A27,'TABLA DINAMICA PARCIAL 2'!$A$5:$T$772,9,FALSE) -> 10 | U27: =VLOOKUP($A27,'TABLA DINAMICA PARCIAL 2'!$A$5:$T$772,10,FALSE) -> 0 | V27: =VLOOKUP($A27,'TABLA DINAMICA PARCIAL 2'!$A$5:$T$772,11,FALSE) -> 0 | W27: =VLOOKUP($A27,'TABLA DINAMICA PARCIAL 2'!$A$5:$T$772,12,FALSE) -> 0 | X27: =VLOOKUP($A27,'TABLA DINAMICA PARCIAL 2'!$A$5:$T$772,13,FALSE) -> 0 | Y27: =VLOOKUP($A27,'TABLA DINAMICA PARCIAL 2'!$A$5:$T$772,14,FALSE) -> 0 | Z27: =VLOOKUP($A27,'TABLA DINAMICA PARCIAL 2'!$A$5:$T$772,15,FALSE) -> 10 | AA27: =VLOOKUP($A27,'TABLA DINAMICA PARCIAL 2'!$A$5:$T$772,16,FALSE) -> 0 | AB27: =VLOOKUP(I27,'TABLA DINAMICA PARCIAL 2'!I220:AB991,17,FALSE) -> 0 | AC27: =VLOOKUP(I27,'TABLA DINAMICA PARCIAL 2'!I220:AB991,18,FALSE) -> 0 | AD27: =VLOOKUP(I27,'TABLA DINAMICA PARCIAL 2'!I220:AB991,19,FALSE) -> 0 | AE27: =SUM(M27:AD27) -> 30 | AF27: =VLOOKUP($A27,'TABLA DINAMICA PARCIAL 3'!$A$5:$I$768,2,FALSE) -> 0 | AG27: =VLOOKUP($A27,'TABLA DINAMICA PARCIAL 3'!$A$5:$I$768,3,FALSE) -> 0 | AH27: =VLOOKUP($A27,'TABLA DINAMICA PARCIAL 3'!$A$5:$I$768,4,FALSE) -> 0 | AI27: =VLOOKUP($A27,'TABLA DINAMICA PARCIAL 3'!$A$5:$I$768,5,FALSE) -> 0 | AJ27: =VLOOKUP($A27,'TABLA DINAMICA PARCIAL 3'!$A$5:$I$768,6,FALSE) -> 10 | AK27: =VLOOKUP($A27,'TABLA DINAMICA PARCIAL 3'!$A$5:$I$768,7,FALSE) -> 10 | AL27: =VLOOKUP($A27,'TABLA DINAMICA PARCIAL 3'!$A$5:$I$768,8,FALSE) -> 0 | AM27: =SUM(AF27:AL27) -> 20 | AN27: =VLOOKUP($A27,'TABLA DINAMICA PARCIAL 4'!$A$5:$F$760,2,FALSE) -> 0 | AO27: =VLOOKUP($A27,'TABLA DINAMICA PARCIAL 4'!$A$5:$F$760,3,FALSE) -> 0 | AP27: =VLOOKUP($A27,'TABLA DINAMICA PARCIAL 4'!$A$5:$F$760,4,FALSE) -> 10 | AQ27: =VLOOKUP($A27,'TABLA DINAMICA PARCIAL 4'!$A$5:$F$760,5,FALSE) -> 0 | AR27: =VLOOKUP($A27,'TABLA DINAMICA PARCIAL 4'!$A$5:$F$760,6,FALSE) -> 0 | AS27: =SUM(AN27:AR27) -> 10 | AT27: =VLOOKUP($A27,'USUARIOS Y GRUPO'!$A$2:$D$851,4,FALSE) -> P19-MAT1022-10
A28: 163285 | B28: Alarcón Arratia | C28: Alexa | D28: =VLOOKUP($A28,'TABLA DINAM PARCIAL 1'!$A$5:$I$793,2,FALSE) -> 10 | E28: =VLOOKUP(A28,'TABLA DINAM PARCIAL 1'!A423:I1211,3,FALSE) -> 0 | F28: =VLOOKUP(A28,'TABLA DINAM PARCIAL 1'!A423:I1211,4,FALSE) -> 0 | G28: =VLOOKUP(A28,'TABLA DINAM PARCIAL 1'!A423:I1211,5,FALSE) -> 10 | H28: =VLOOKUP(A28,'TABLA DINAM PARCIAL 1'!A423:I1211,6,FALSE) -> 10 | I28: =VLOOKUP(A28,'TABLA DINAM PARCIAL 1'!A423:I1211,7,FALSE) -> 0 | J28: =VLOOKUP(A28,'TABLA DINAM PARCIAL 1'!A423:I1211,8,FALSE) -> 10 | K28: =VLOOKUP(A28,'TABLA DINAM PARCIAL 1'!A423:I1211,9,FALSE) -> 0 | L28: =SUM(D28:K28) -> 40 | M28: =VLOOKUP($A28,'TABLA DINAMICA PARCIAL 2'!$A$5:$T$772,2,FALSE) -> 0 | N28: =VLOOKUP($A28,'TABLA DINAMICA PARCIAL 2'!$A$5:$T$772,3,FALSE) -> 0 | O28: =VLOOKUP($A28,'TABLA DINAMICA PARCIAL 2'!$A$5:$T$772,4,FALSE) -> 0 | P28: =VLOOKUP($A28,'TABLA DINAMICA PARCIAL 2'!$A$5:$T$772,5,FALSE) -> 0 | Q28: =VLOOKUP($A28,'TABLA DINAMICA PARCIAL 2'!$A$5:$T$772,6,FALSE) -> 0 | R28: =VLOOKUP($A28,'TABLA DINAMICA PARCIAL 2'!$A$5:$T$772,7,FALSE) -> 0 | S28: =VLOOKUP($A28,'TABLA DINAMICA PARCIAL 2'!$A$5:$T$772,8,FALSE) -> 0 | T28: =VLOOKUP($A28,'TABLA DINAMICA PARCIAL 2'!$A$5:$T$772,9,FALSE) -> 0 | U28: =VLOOKUP($A28,'TABLA DINAMICA PARCIAL 2'!$A$5:$T$772,10,FALSE) -> 0 | V28: =VLOOKUP($A28,'TABLA DINAMICA PARCIAL 2'!$A$5:$T$772,11,FALSE) -> 10 | W28: =VLOOKUP($A28,'TABLA DINAMICA PARCIAL 2'!$A$5:$T$772,12,FALSE) -> 0 | X28: =VLOOKUP($A28,'TABLA DINAMICA PARCIAL 2'!$A$5:$T$772,13,FALSE) -> 0 | Y28: =VLOOKUP($A28,'TABLA DINAMICA PARCIAL 2'!$A$5:$T$772,14,FALSE) -> 0 | Z28: =VLOOKUP($A28,'TABLA DINAMICA PARCIAL 2'!$A$5:$T$772,15,FALSE) -> 0 | AA28: =VLOOKUP($A28,'TABLA DINAMICA PARCIAL 2'!$A$5:$T$772,16,FALSE) -> 0 | AB28: =VLOOKUP(I28,'TABLA DINAMICA PARCIAL 2'!I462:AB1233,17,FALSE) -> 0 | AC28: =VLOOKUP(I28,'TABLA DINAMICA PARCIAL 2'!I462:AB1233,18,FALSE) -> 0 | AD28: =VLOOKUP(I28,'TABLA DINAMICA PARCIAL 2'!I462:AB1233,19,FALSE) -> 0 | AE28: =SUM(M28:AD28) -> 10 | AF28: =VLOOKUP($A28,'TABLA DINAMICA PARCIAL 3'!$A$5:$I$768,2,FALSE) -> 0 | AG28: =VLOOKUP($A28,'TABLA DINAMICA PARCIAL 3'!$A$5:$I$768,3,FALSE) -> 10 | AH28: =VLOOKUP($A28,'TABLA DINAMICA PARCIAL 3'!$A$5:$I$768,4,FALSE) -> 0 | AI28: =VLOOKUP($A28,'TABLA DINAMICA PARCIAL 3'!$A$5:$I$768,5,FALSE) -> 10 | AJ28: =VLOOKUP($A28,'TABLA DINAMICA PARCIAL 3'!$A$5:$I$768,6,FALSE) -> 10 | AK28: =VLOOKUP($A28,'TABLA DINAMICA PARCIAL 3'!$A$5:$I$768,7,FALSE) -> 0 | AL28: =VLOOKUP($A28,'TABLA DINAMICA PARCIAL 3'!$A$5:$I$768,8,FALSE) -> 0 | AM28: =SUM(AF28:AL28) -> 30 | AN28: =VLOOKUP($A28,'TABLA DINAMICA PARCIAL 4'!$A$5:$F$760,2,FALSE) -> 10 | AO28: =VLOOKUP($A28,'TABLA DINAMICA PARCIAL 4'!$A$5:$F$760,3,FALSE) -> 0 | AP28: =VLOOKUP($A28,'TABLA DINAMICA PARCIAL 4'!$A$5:$F$760,4,FALSE) -> 10 | AQ28: =VLOOKUP($A28,'TABLA DINAMICA PARCIAL 4'!$A$5:$F$760,5,FALSE) -> 0 | AR28: =VLOOKUP($A28,'TABLA DINAMICA PARCIAL 4'!$A$5:$F$760,6,FALSE) -> 0 | AS28: =SUM(AN28:AR28) -> 20 | AT28: =VLOOKUP($A28,'USUARIOS Y GRUPO'!$A$2:$D$851,4,FALSE) -> P19-MAT1022-10
A29: 163590 | B29: Juárez Treviño | C29: María Fernanda | D29: =VLOOKUP($A29,'TABLA DINAM PARCIAL 1'!$A$5:$I$793,2,FALSE) -> 10 | E29: =VLOOKUP(A29,'TABLA DINAM PARCIAL 1'!A510:I1298,3,FALSE) -> 0 | F29: =VLOOKUP(A29,'TABLA DINAM PARCIAL 1'!A510:I1298,4,FALSE) -> 10 | G29: =VLOOKUP(A29,'TABLA DINAM PARCIAL 1'!A510:I1298,5,FALSE) -> 0 | H29: =VLOOKUP(A29,'TABLA DINAM PARCIAL 1'!A510:I1298,6,FALSE) -> 10 | I29: =VLOOKUP(A29,'TABLA DINAM PARCIAL 1'!A510:I1298,7,FALSE) -> 0 | J29: =VLOOKUP(A29,'TABLA DINAM PARCIAL 1'!A510:I1298,8,FALSE) -> 10 | K29: =VLOOKUP(A29,'TABLA DINAM PARCIAL 1'!A510:I1298,9,FALSE) -> 0 | L29: =SUM(D29:K29) -> 40 | M29: =VLOOKUP($A29,'TABLA DINAMICA PARCIAL 2'!$A$5:$T$772,2,FALSE) -> 0 | N29: =VLOOKUP($A29,'TABLA DINAMICA PARCIAL 2'!$A$5:$T$772,3,FALSE) -> 0 | O29: =VLOOKUP($A29,'TABLA DINAMICA PARCIAL 2'!$A$5:$T$772,4,FALSE) -> 0 | P29: =VLOOKUP($A29,'TABLA DINAMICA PARCIAL 2'!$A$5:$T$772,5,FALSE) -> 0 | Q29: =VLOOKUP($A29,'TABLA DINAMICA PARCIAL 2'!$A$5:$T$772,6,FALSE) -> 0 | R29: =VLOOKUP($A29,'TABLA DINAMICA PARCIAL 2'!$A$5:$T$772,7,FALSE) -> 0 | S29: =VLOOKUP($A29,'TABLA DINAMICA PARCIAL 2'!$A$5:$T$772,8,FALSE) -> 10 | T29: =VLOOKUP($A29,'TABLA DINAMICA PARCIAL 2'!$A$5:$T$772,9,FALSE) -> 0 | U29: =VLOOKUP($A29,'TABLA DINAMICA PARCIAL 2'!$A$5:$T$772,10,FALSE) -> 0 | V29: =VLOOKUP($A29,'TABLA DINAMICA PARCIAL 2'!$A$5:$T$772,11,FALSE) -> 0 | W29: =VLOOKUP($A29,'TABLA DINAMICA PARCIAL 2'!$A$5:$T$772,12,FALSE) -> 0 | X29: =VLOOKUP($A29,'TABLA DINAMICA PARCIAL 2'!$A$5:$T$772,13,FALSE) -> 10 | Y29: =VLOOKUP($A29,'TABLA DINAMICA PARCIAL 2'!$A$5:$T$772,14,FALSE) -> 0 | Z29: =VLOOKUP($A29,'TABLA DINAMICA PARCIAL 2'!$A$5:$T$772,15,FALSE) -> 0 | AA29: =VLOOKUP($A29,'TABLA DINAMICA PARCIAL 2'!$A$5:$T$772,16,FALSE) -> 0 | AB29: =VLOOKUP(I29,'TABLA DINAMICA PARCIAL 2'!I554:AB1325,17,FALSE) -> 0 | AC29: =VLOOKUP(I29,'TABLA DINAMICA PARCIAL 2'!I554:AB1325,18,FALSE) -> 0 | AD29: =VLOOKUP(I29,'TABLA DINAMICA PARCIAL 2'!I554:AB1325,19,FALSE) -> 0 | AE29: =SUM(M29:AD29) -> 20 | AF29: =VLOOKUP($A29,'TABLA DINAMICA PARCIAL 3'!$A$5:$I$768,2,FALSE) -> 0 | AG29: =VLOOKUP($A29,'TABLA DINAMICA PARCIAL 3'!$A$5:$I$768,3,FALSE) -> 0 | AH29: =VLOOKUP($A29,'TABLA DINAMICA PARCIAL 3'!$A$5:$I$768,4,FALSE) -> 0 | AI29: =VLOOKUP($A29,'TABLA DINAMICA PARCIAL 3'!$A$5:$I$768,5,FALSE) -> 0 | AJ29: =VLOOKUP($A29,'TABLA DINAMICA PARCIAL 3'!$A$5:$I$768,6,FALSE) -> 0 | AK29: =VLOOKUP($A29,'TABLA DINAMICA PARCIAL 3'!$A$5:$I$768,7,FALSE) -> 0 | AL29: =VLOOKUP($A29,'TABLA DINAMICA PARCIAL 3'!$A$5:$I$768,8,FALSE) -> 10 | AM29: =SUM(AF29:AL29) -> 10 | AN29: =VLOOKUP($A29,'TABLA DINAMICA PARCIAL 4'!$A$5:$F$760,2,FALSE) -> 0 | AO29: =VLOOKUP($A29,'TABLA DINAMICA PARCIAL 4'!$A$5:$F$760,3,FALSE) -> 0 | AP29: =VLOOKUP($A29,'TABLA DINAMICA PARCIAL 4'!$A$5:$F$760,4,FALSE) -> 0 | AQ29: =VLOOKUP($A29,'TABLA DINAMICA PARCIAL 4'!$A$5:$F$760,5,FALSE) -> 10 | AR29: =VLOOKUP($A29,'TABLA DINAMICA PARCIAL 4'!$A$5:$F$760,6,FALSE) -> 0 | AS29: =SUM(AN29:AR29) -> 10 | AT29: =VLOOKUP($A29,'USUARIOS Y GRUPO'!$A$2:$D$851,4,FALSE) -> P19-MAT1022-10
A30: 163796 | B30: Santos Martínez | C30: Brandon | D30: =VLOOKUP($A30,'TABLA DINAM PARCIAL 1'!$A$5:$I$793,2,FALSE) -> 10 | E30: =VLOOKUP(A30,'TABLA DINAM PARCIAL 1'!A553:I1341,3,FALSE) -> 0 | F30: =VLOOKUP(A30,'TABLA DINAM PARCIAL 1'!A553:I1341,4,FALSE) -> 10 | G30: =VLOOKUP(A30,'TABLA DINAM PARCIAL 1'!A553:I1341,5,FALSE) -> 0 | H30: =VLOOKUP(A30,'TABLA DINAM PARCIAL 1'!A553:I1341,6,FALSE) -> 10 | I30: =VLOOKUP(A30,'TABLA DINAM PARCIAL 1'!A553:I1341,7,FALSE) -> 0 | J30: =VLOOKUP(A30,'TABLA DINAM PARCIAL 1'!A553:I1341,8,FALSE) -> 10 | K30: =VLOOKUP(A30,'TABLA DINAM PARCIAL 1'!A553:I1341,9,FALSE) -> 0 | L30: =SUM(D30:K30) -> 40 | M30: =VLOOKUP($A30,'TABLA DINAMICA PARCIAL 2'!$A$5:$T$772,2,FALSE) -> 0 | N30: =VLOOKUP($A30,'TABLA DINAMICA PARCIAL 2'!$A$5:$T$772,3,FALSE) -> 0 | O30: =VLOOKUP($A30,'TABLA DINAMICA PARCIAL 2'!$A$5:$T$772,4,FALSE) -> 0 | P30: =VLOOKUP($A30,'TABLA DINAMICA PARCIAL 2'!$A$5:$T$772,5,FALSE) -> 0 | Q30: =VLOOKUP($A30,'TABLA DINAMICA PARCIAL 2'!$A$5:$T$772,6,FALSE) -> 10 | R30: =VLOOKUP($A30,'TABLA DINAMICA PARCIAL 2'!$A$5:$T$772,7,FALSE) -> 0 | S30: =VLOOKUP($A30,'TABLA DINAMICA PARCIAL 2'!$A$5:$T$772,8,FALSE) -> 10 | T30: =VLOOKUP($A30,'TABLA DINAMICA PARCIAL 2'!$A$5:$T$772,9,FALSE) -> 0 | U30: =VLOOKUP($A30,'TABLA DINAMICA PARCIAL 2'!$A$5:$T$772,10,FALSE) -> 0 | V30: =VLOOKUP($A30,'TABLA DINAMICA PARCIAL 2'!$A$5:$T$772,11,FALSE) -> 0 | W30: =VLOOKUP($A30,'TABLA DINAMICA PARCIAL 2'!$A$5:$T$772,12,FALSE) -> 0 | X30: =VLOOKUP($A30,'TABLA DINAMICA PARCIAL 2'!$A$5:$T$772,13,FALSE) -> 0 | Y30: =VLOOKUP($A30,'TABLA DINAMICA PARCIAL 2'!$A$5:$T$772,14,FALSE) -> 10 | Z30: =VLOOKUP($A30,'TABLA DINAMICA PARCIAL 2'!$A$5:$T$772,15,FALSE) -> 0 | AA30: =VLOOKUP($A30,'TABLA DINAMICA PARCIAL 2'!$A$5:$T$772,16,FALSE) -> 0 | AB30: =VLOOKUP(I30,'TABLA DINAMICA PARCIAL 2'!I600:AB1371,17,FALSE) -> 0 | AC30: =VLOOKUP(I30,'TABLA DINAMICA PARCIAL 2'!I600:AB1371,18,FALSE) -> 0 | AD30: =VLOOKUP(I30,'TABLA DINAMICA PARCIAL 2'!I600:AB1371,19,FALSE) -> 0 | AE30: =SUM(M30:AD30) -> 30 | AF30: =VLOOKUP($A30,'TABLA DINAMICA PARCIAL 3'!$A$5:$I$768,2,FALSE) -> 0 | AG30: =VLOOKUP($A30,'TABLA DINAMICA PARCIAL 3'!$A$5:$I$768,3,FALSE) -> 0 | AH30: =VLOOKUP($A30,'TABLA DINAMICA PARCIAL 3'!$A$5:$I$768,4,FALSE) -> 0 | AI30: =VLOOKUP($A30,'TABLA DINAMICA PARCIAL 3'!$A$5:$I$768,5,FALSE) -> 0 | AJ30: =VLOOKUP($A30,'TABLA DINAMICA PARCIAL 3'!$A$5:$I$768,6,FALSE) -> 10 | AK30: =VLOOKUP($A30,'TABLA DINAMICA PARCIAL 3'!$A$5:$I$768,7,FALSE) -> 10 | AL30: =VLOOKUP($A30,'TABLA DINAMICA PARCIAL 3'!$A$5:$I$768,8,FALSE) -> 0 | AM30: =SUM(AF30:AL30) -> 20 | AN30: =VLOOKUP($A30,'TABLA DINAMICA PARCIAL 4'!$A$5:$F$760,2,FALSE) -> 0 | AO30: =VLOOKUP($A30,'TABLA DINAMICA PARCIAL 4'!$A$5:$F$760,3,FALSE) -> 0 | AP30: =VLOOKUP($A30,'TABLA DINAMICA PARCIAL 4'!$A$5:$F$760,4,FALSE) -> 0 | AQ30: =VLOOKUP($A30,'TABLA DINAMICA PARCIAL 4'!$A$5:$F$760,5,FALSE) -> 0 | AR30: =VLOOKUP($A30,'TABLA DINAMICA PARCIAL 4'!$A$5:$F$760,6,FALSE) -> 0 | AS30: =SUM(AN30:AR30) -> 0 | AT30: =VLOOKUP($A30,'USUARIOS Y GRUPO'!$A$2:$D$851,4,FALSE) -> P19-MAT1022-10
A31: 163509 | B31: Silva García | C31: Cristóbal | D31: =VLOOKUP($A31,'TABLA DINAM PARCIAL 1'!$A$5:$I$793,2,FALSE) -> #N/A | L31: =SUM(D31:K31) -> #N/A | M31: =VLOOKUP($A31,'TABLA DINAMICA PARCIAL 2'!$A$5:$T$772,2,FALSE) -> #N/A | N31: =VLOOKUP($A31,'TABLA DINAMICA PARCIAL 2'!$A$5:$T$772,3,FALSE) -> #N/A | O31: =VLOOKUP($A31,'TABLA DINAMICA PARCIAL 2'!$A$5:$T$772,4,FALSE) -> #N/A | P31: =VLOOKUP($A31,'TABLA DINAMICA PARCIAL 2'!$A$5:$T$772,5,FALSE) -> #N/A | Q31: =VLOOKUP($A31,'TABLA DINAMICA PARCIAL 2'!$A$5:$T$772,6,FALSE) -> #N/A | R31: =VLOOKUP($A31,'TABLA DINAMICA PARCIAL 2'!$A$5:$T$772,7,FALSE) -> #N/A | S31: =VLOOKUP($A31,'TABLA DINAMICA PARCIAL 2'!$A$5:$T$772,8,FALSE) -> #N/A | T31: =VLOOKUP($A31,'TABLA DINAMICA PARCIAL 2'!$A$5:$T$772,9,FALSE) -> #N/A | U31: =VLOOKUP($A31,'TABLA DINAMICA PARCIAL 2'!$A$5:$T$772,10,FALSE) -> #N/A | V31: =VLOOKUP($A31,'TABLA DINAMICA PARCIAL 2'!$A$5:$T$772,11,FALSE) -> #N/A | W31: =VLOOKUP($A31,'TABLA DINAMICA PARCIAL 2'!$A$5:$T$772,12,FALSE) -> #N/A | X31: =VLOOKUP($A31,'TABLA DINAMICA PARCIAL 2'!$A$5:$T$772,13,FALSE) -> #N/A | Y31: =VLOOKUP($A31,'TABLA DINAMICA PARCIAL 2'!$A$5:$T$772,14,FALSE) -> #N/A | Z31: =VLOOKUP($A31,'TABLA DINAMICA PARCIAL 2'!$A$5:$T$772,15,FALSE) -> #N/A | AA31: =VLOOKUP($A31,'TABLA DINAMICA PARCIAL 2'!$A$5:$T$772,16,FALSE) -> #N/A | AB31: =VLOOKUP(I31,'TABLA DINAMICA PARCIAL 2'!I530:AB1301,17,FALSE) -> 0 | AC31: =VLOOKUP(I31,'TABLA DINAMICA PARCIAL 2'!I530:AB1301,18,FALSE) -> 0 | AD31: =VLOOKUP(I31,'TABLA DINAMICA PARCIAL 2'!I530:AB1301,19,FALSE) -> 0 | AE31: =SUM(M31:AD31) -> #N/A | AF31: =VLOOKUP($A31,'TABLA DINAMICA PARCIAL 3'!$A$5:$I$768,2,FALSE) -> #N/A | AG31: =VLOOKUP($A31,'TABLA DINAMICA PARCIAL 3'!$A$5:$I$768,3,FALSE) -> #N/A | AH31: =VLOOKUP($A31,'TABLA DINAMICA PARCIAL 3'!$A$5:$I$768,4,FALSE) -> #N/A | AI31: =VLOOKUP($A31,'TABLA DINAMICA PARCIAL 3'!$A$5:$I$768,5,FALSE) -> #N/A | AJ31: =VLOOKUP($A31,'TABLA DINAMICA PARCIAL 3'!$A$5:$I$768,6,FALSE) -> #N/A | AK31: =VLOOKUP($A31,'TABLA DINAMICA PARCIAL 3'!$A$5:$I$768,7,FALSE) -> #N/A | AL31: =VLOOKUP($A31,'TABLA DINAMICA PARCIAL 3'!$A$5:$I$768,8,FALSE) -> #N/A | AM31: =SUM(AF31:AL31) -> #N/A | AN31: =VLOOKUP($A31,'TABLA DINAMICA PARCIAL 4'!$A$5:$F$760,2,FALSE) -> #N/A | AO31: =VLOOKUP($A31,'TABLA DINAMICA PARCIAL 4'!$A$5:$F$760,3,FALSE) -> #N/A | AP31: =VLOOKUP($A31,'TABLA DINAMICA PARCIAL 4'!$A$5:$F$760,4,FALSE) -> #N/A | AQ31: =VLOOKUP($A31,'TABLA DINAMICA PARCIAL 4'!$A$5:$F$760,5,FALSE) -> #N/A | AR31: =VLOOKUP($A31,'TABLA DINAMICA PARCIAL 4'!$A$5:$F$760,6,FALSE) -> #N/A | AS31: =SUM(AN31:AR31) -> #N/A | AT31: =VLOOKUP($A31,'USUARIOS Y GRUPO'!$A$2:$D$851,4,FALSE) -> P19-MAT1022-10
A32: 163981 | B32: Salazar Vázquez | C32: Gustavo Adolfo | D32: =VLOOKUP($A32,'TABLA DINAM PARCIAL 1'!$A$5:$I$793,2,FALSE) -> #N/A | L32: =SUM(D32:K32) -> #N/A | M32: =VLOOKUP($A32,'TABLA DINAMICA PARCIAL 2'!$A$5:$T$772,2,FALSE) -> #N/A | N32: =VLOOKUP($A32,'TABLA DINAMICA PARCIAL 2'!$A$5:$T$772,3,FALSE) -> #N/A | O32: =VLOOKUP($A32,'TABLA DINAMICA PARCIAL 2'!$A$5:$T$772,4,FALSE) -> #N/A | P32: =VLOOKUP($A32,'TABLA DINAMICA PARCIAL 2'!$A$5:$T$772,5,FALSE) -> #N/A | Q32: =VLOOKUP($A32,'TABLA DINAMICA PARCIAL 2'!$A$5:$T$772,6,FALSE) -> #N/A | R32: =VLOOKUP($A32,'TABLA DINAMICA PARCIAL 2'!$A$5:$T$772,7,FALSE) -> #N/A | S32: =VLOOKUP($A32,'TABLA DINAMICA PARCIAL 2'!$A$5:$T$772,8,FALSE) -> #N/A | T32: =VLOOKUP($A32,'TABLA DINAMICA PARCIAL 2'!$A$5:$T$772,9,FALSE) -> #N/A | U32: =VLOOKUP($A32,'TABLA DINAMICA PARCIAL 2'!$A$5:$T$772,10,FALSE) -> #N/A | V32: =VLOOKUP($A32,'TABLA DINAMICA PARCIAL 2'!$A$5:$T$772,11,FALSE) -> #N/A | W32: =VLOOKUP($A32,'TABLA DINAMICA PARCIAL 2'!$A$5:$T$772,12,FALSE) -> #N/A | X32: =VLOOKUP($A32,'TABLA DINAMICA PARCIAL 2'!$A$5:$T$772,13,FALSE) -> #N/A | Y32: =VLOOKUP($A32,'TABLA DINAMICA PARCIAL 2'!$A$5:$T$772,14,FALSE) -> #N/A | Z32: =VLOOKUP($A32,'TABLA DINAMICA PARCIAL 2'!$A$5:$T$772,15,FALSE) -> #N/A | AA32: =VLOOKUP($A32,'TABLA DINAMICA PARCIAL 2'!$A$5:$T$772,16,FALSE) -> #N/A | AB32: =VLOOKUP(I32,'TABLA DINAMICA PARCIAL 2'!I639:AB1410,17,FALSE) -> 0 | AC32: =VLOOKUP(I32,'TABLA DINAMICA PARCIAL 2'!I639:AB1410,18,FALSE) -> 0 | AD32: =VLOOKUP(I32,'TABLA DINAMICA PARCIAL 2'!I639:AB1410,19,FALSE) -> 0 | AE32: =SUM(M32:AD32) -> #N/A | AF32: =VLOOKUP($A32,'TABLA DINAMICA PARCIAL 3'!$A$5:$I$768,2,FALSE) -> #N/A | AG32: =VLOOKUP($A32,'TABLA DINAMICA PARCIAL 3'!$A$5:$I$768,3,FALSE) -> #N/A | AH32: =VLOOKUP($A32,'TABLA DINAMICA PARCIAL 3'!$A$5:$I$768,4,FALSE) -> #N/A | AI32: =VLOOKUP($A32,'TABLA DINAMICA PARCIAL 3'!$A$5:$I$768,5,FALSE) -> #N/A | AJ32: =VLOOKUP($A32,'TABLA DINAMICA PARCIAL 3'!$A$5:$I$768,6,FALSE) -> #N/A | AK32: =VLOOKUP($A32,'TABLA DINAMICA PARCIAL 3'!$A$5:$I$768,7,FALSE) -> #N/A | AL32: =VLOOKUP($A32,'TABLA DINAMICA PARCIAL 3'!$A$5:$I$768,8,FALSE) -> #N/A | AM32: =SUM(AF32:AL32) -> #N/A | AN32: =VLOOKUP($A32,'TABLA DINAMICA PARCIAL 4'!$A$5:$F$760,2,FALSE) -> #N/A | AO32: =VLOOKUP($A32,'TABLA DINAMICA PARCIAL 4'!$A$5:$F$760,3,FALSE) -> #N/A | AP32: =VLOOKUP($A32,'TABLA DINAMICA PARCIAL 4'!$A$5:$F$760,4,FALSE) -> #N/A | AQ32: =VLOOKUP($A32,'TABLA DINAMICA PARCIAL 4'!$A$5:$F$760,5,FALSE) -> #N/A | AR32: =VLOOKUP($A32,'TABLA DINAMICA PARCIAL 4'!$A$5:$F$760,6,FALSE) -> #N/A | AS32: =SUM(AN32:AR32) -> #N/A | AT32: =VLOOKUP($A32,'USUARIOS Y GRUPO'!$A$2:$D$851,4,FALSE) -> P19-MAT1022-10
A33: 164160 | B33: Hernández Flores | C33: Juan Carlos | D33: =VLOOKUP($A33,'TABLA DINAM PARCIAL 1'!$A$5:$I$793,2,FALSE) -> 0 | E33: =VLOOKUP(A33,'TABLA DINAM PARCIAL 1'!A641:I1429,3,FALSE) -> 0 | F33: =VLOOKUP(A33,'TABLA DINAM PARCIAL 1'!A641:I1429,4,FALSE) -> 0 | G33: =VLOOKUP(A33,'TABLA DINAM PARCIAL 1'!A641:I1429,5,FALSE) -> 0 | H33: =VLOOKUP(A33,'TABLA DINAM PARCIAL 1'!A641:I1429,6,FALSE) -> 0 | I33: =VLOOKUP(A33,'TABLA DINAM PARCIAL 1'!A641:I1429,7,FALSE) -> 0 | J33: =VLOOKUP(A33,'TABLA DINAM PARCIAL 1'!A641:I1429,8,FALSE) -> 0 | K33: =VLOOKUP(A33,'TABLA DINAM PARCIAL 1'!A641:I1429,9,FALSE) -> 0 | L33: =SUM(D33:K33) -> 0 | M33: =VLOOKUP($A33,'TABLA DINAMICA PARCIAL 2'!$A$5:$T$772,2,FALSE) -> 0 | N33: =VLOOKUP($A33,'TABLA DINAMICA PARCIAL 2'!$A$5:$T$772,3,FALSE) -> 0 | O33: =VLOOKUP($A33,'TABLA DINAMICA PARCIAL 2'!$A$5:$T$772,4,FALSE) -> 0 | P33: =VLOOKUP($A33,'TABLA DINAMICA PARCIAL 2'!$A$5:$T$772,5,FALSE) -> 0 | Q33: =VLOOKUP($A33,'TABLA DINAMICA PARCIAL 2'!$A$5:$T$772,6,FALSE) -> 0 | R33: =VLOOKUP($A33,'TABLA DINAMICA PARCIAL 2'!$A$5:$T$772,7,FALSE) -> 10 | S33: =VLOOKUP($A33,'TABLA DINAMICA PARCIAL 2'!$A$5:$T$772,8,FALSE) -> 0 | T33: =VLOOKUP($A33,'TABLA DINAMICA PARCIAL 2'!$A$5:$T$772,9,FALSE) -> 0 | U33: =VLOOKUP($A33,'TABLA DINAMICA PARCIAL 2'!$A$5:$T$772,10,FALSE) -> 0 | V33: =VLOOKUP($A33,'TABLA DINAMICA PARCIAL 2'!$A$5:$T$772,11,FALSE) -> 0 | W33: =VLOOKUP($A33,'TABLA DINAMICA PARCIAL 2'!$A$5:$T$772,12,FALSE) -> 0 | X33: =VLOOKUP($A33,'TABLA DINAMICA PARCIAL 2'!$A$5:$T$772,13,FALSE) -> 0 | Y33: =VLOOKUP($A33,'TABLA DINAMICA PARCIAL 2'!$A$5:$T$772,14,FALSE) -> 0 | Z33: =VLOOKUP($A33,'TABLA DINAMICA PARCIAL 2'!$A$5:$T$772,15,FALSE) -> 0 | AA33: =VLOOKUP($A33,'TABLA DINAMICA PARCIAL 2'!$A$5:$T$772,16,FALSE) -> 0 | AB33: =VLOOKUP(I33,'TABLA DINAMICA PARCIAL 2'!I692:AB1463,17,FALSE) -> 0 | AC33: =VLOOKUP(I33,'TABLA DINAMICA PARCIAL 2'!I692:AB1463,18,FALSE) -> 0 | AD33: =VLOOKUP(I33,'TABLA DINAMICA PARCIAL 2'!I692:AB1463,19,FALSE) -> 0 | AE33: =SUM(M33:AD33) -> 10 | AF33: =VLOOKUP($A33,'TABLA DINAMICA PARCIAL 3'!$A$5:$I$768,2,FALSE) -> 0 | AG33: =VLOOKUP($A33,'TABLA DINAMICA PARCIAL 3'!$A$5:$I$768,3,FALSE) -> 0 | AH33: =VLOOKUP($A33,'TABLA DINAMICA PARCIAL 3'!$A$5:$I$768,4,FALSE) -> 0 | AI33: =VLOOKUP($A33,'TABLA DINAMICA PARCIAL 3'!$A$5:$I$768,5,FALSE) -> 0 | AJ33: =VLOOKUP($A33,'TABLA DINAMICA PARCIAL 3'!$A$5:$I$768,6,FALSE) -> 10 | AK33: =VLOOKUP($A33,'TABLA DINAMICA PARCIAL 3'!$A$5:$I$768,7,FALSE) -> 0 | AL33: =VLOOKUP($A33,'TABLA DINAMICA PARCIAL 3'!$A$5:$I$768,8,FALSE) -> 0 | AM33: =SUM(AF33:AL33) -> 10 | AN33: =VLOOKUP($A33,'TABLA DINAMICA PARCIAL 4'!$A$5:$F$760,2,FALSE) -> 0 | AO33: =VLOOKUP($A33,'TABLA DINAMICA PARCIAL 4'!$A$5:$F$760,3,FALSE) -> 10 | AP33: =VLOOKUP($A33,'TABLA DINAMICA PARCIAL 4'!$A$5:$F$760,4,FALSE) -> 0 | AQ33: =VLOOKUP($A33,'TABLA DINAMICA PARCIAL 4'!$A$5:$F$760,5,FALSE) -> 0 | AR33: =VLOOKUP($A33,'TABLA DINAMICA PARCIAL 4'!$A$5:$F$760,6,FALSE) -> 0 | AS33: =SUM(AN33:AR33) -> 10 | AT33: =VLOOKUP($A33,'USUARIOS Y GRUPO'!$A$2:$D$851,4,FALSE) -> P19-MAT1022-11
A34: 162130 | B34: Moreno Serrano | C34: José Daniel | D34: =VLOOKUP($A34,'TABLA DINAM PARCIAL 1'!$A$5:$I$793,2,FALSE) -> 0 | E34: =VLOOKUP(A34,'TABLA DINAM PARCIAL 1'!A150:I938,3,FALSE) -> 0 | F34: =VLOOKUP(A34,'TABLA DINAM PARCIAL 1'!A150:I938,4,FALSE) -> 0 | G34: =VLOOKUP(A34,'TABLA DINAM PARCIAL 1'!A150:I938,5,FALSE) -> 0 | H34: =VLOOKUP(A34,'TABLA DINAM PARCIAL 1'!A150:I938,6,FALSE) -> 0 | I34: =VLOOKUP(A34,'TABLA DINAM PARCIAL 1'!A150:I938,7,FALSE) -> 0 | J34: =VLOOKUP(A34,'TABLA DINAM PARCIAL 1'!A150:I938,8,FALSE) -> 10 | K34: =VLOOKUP(A34,'TABLA DINAM PARCIAL 1'!A150:I938,9,FALSE) -> 0 | L34: =SUM(D34:K34) -> 10 | M34: =VLOOKUP($A34,'TABLA DINAMICA PARCIAL 2'!$A$5:$T$772,2,FALSE) -> 10 | N34: =VLOOKUP($A34,'TABLA DINAMICA PARCIAL 2'!$A$5:$T$772,3,FALSE) -> 0 | O34: =VLOOKUP($A34,'TABLA DINAMICA PARCIAL 2'!$A$5:$T$772,4,FALSE) -> 0 | P34: =VLOOKUP($A34,'TABLA DINAMICA PARCIAL 2'!$A$5:$T$772,5,FALSE) -> 0 | Q34: =VLOOKUP($A34,'TABLA DINAMICA PARCIAL 2'!$A$5:$T$772,6,FALSE) -> 0 | R34: =VLOOKUP($A34,'TABLA DINAMICA PARCIAL 2'!$A$5:$T$772,7,FALSE) -> 0 | S34: =VLOOKUP($A34,'TABLA DINAMICA PARCIAL 2'!$A$5:$T$772,8,FALSE) -> 10 | T34: =VLOOKUP($A34,'TABLA DINAMICA PARCIAL 2'!$A$5:$T$772,9,FALSE) -> 0 | U34: =VLOOKUP($A34,'TABLA DINAMICA PARCIAL 2'!$A$5:$T$772,10,FALSE) -> 0 | V34: =VLOOKUP($A34,'TABLA DINAMICA PARCIAL 2'!$A$5:$T$772,11,FALSE) -> 0 | W34: =VLOOKUP($A34,'TABLA DINAMICA PARCIAL 2'!$A$5:$T$772,12,FALSE) -> 0 | X34: =VLOOKUP($A34,'TABLA DINAMICA PARCIAL 2'!$A$5:$T$772,13,FALSE) -> 0 | Y34: =VLOOKUP($A34,'TABLA DINAMICA PARCIAL 2'!$A$5:$T$772,14,FALSE) -> 0 | Z34: =VLOOKUP($A34,'TABLA DINAMICA PARCIAL 2'!$A$5:$T$772,15,FALSE) -> 0 | AA34: =VLOOKUP($A34,'TABLA DINAMICA PARCIAL 2'!$A$5:$T$772,16,FALSE) -> 0 | AB34: =VLOOKUP(I34,'TABLA DINAMICA PARCIAL 2'!I179:AB950,17,FALSE) -> 0 | AC34: =VLOOKUP(I34,'TABLA DINAMICA PARCIAL 2'!I179:AB950,18,FALSE) -> 0 | AD34: =VLOOKUP(I34,'TABLA DINAMICA PARCIAL 2'!I179:AB950,19,FALSE) -> 0 | AE34: =SUM(M34:AD34) -> 20 | AF34: =VLOOKUP($A34,'TABLA DINAMICA PARCIAL 3'!$A$5:$I$768,2,FALSE) -> 10 | AG34: =VLOOKUP($A34,'TABLA DINAMICA PARCIAL 3'!$A$5:$I$768,3,FALSE) -> 0 | AH34: =VLOOKUP($A34,'TABLA DINAMICA PARCIAL 3'!$A$5:$I$768,4,FALSE) -> 10 | AI34: =VLOOKUP($A34,'TABLA DINAMICA PARCIAL 3'!$A$5:$I$768,5,FALSE) -> 0 | AJ34: =VLOOKUP($A34,'TABLA DINAMICA PARCIAL 3'!$A$5:$I$768,6,FALSE) -> 0 | AK34: =VLOOKUP($A34,'TABLA DINAMICA PARCIAL 3'!$A$5:$I$768,7,FALSE) -> 0 | AL34: =VLOOKUP($A34,'TABLA DINAMICA PARCIAL 3'!$A$5:$I$768,8,FALSE) -> 10 | AM34: =SUM(AF34:AL34) -> 30 | AN34: =VLOOKUP($A34,'TABLA DINAMICA PARCIAL 4'!$A$5:$F$760,2,FALSE) -> 0 | AO34: =VLOOKUP($A34,'TABLA DINAMICA PARCIAL 4'!$A$5:$F$760,3,FALSE) -> 10 | AP34: =VLOOKUP($A34,'TABLA DINAMICA PARCIAL 4'!$A$5:$F$760,4,FALSE) -> 0 | AQ34: =VLOOKUP($A34,'TABLA DINAMICA PARCIAL 4'!$A$5:$F$760,5,FALSE) -> 10 | AR34: =VLOOKUP($A34,'TABLA DINAMICA PARCIAL 4'!$A$5:$F$760,6,FALSE) -> 0 | AS34: =SUM(AN34:AR34) -> 20 | AT34: =VLOOKUP($A34,'USUARIOS Y GRUPO'!$A$2:$D$851,4,FALSE) -> P19-MAT1022-11
A35: 164464 | B35: Melchor Gutiérrez | C35: Valeria | D35: =VLOOKUP($A35,'TABLA DINAM PARCIAL 1'!$A$5:$I$793,2,FALSE) -> 10 | E35: =VLOOKUP(A35,'TABLA DINAM PARCIAL 1'!A715:I1503,3,FALSE) -> 0 | F35: =VLOOKUP(A35,'TABLA DINAM PARCIAL 1'!A715:I1503,4,FALSE) -> 0 | G35: =VLOOKUP(A35,'TABLA DINAM PARCIAL 1'!A715:I1503,5,FALSE) -> 0 | H35: =VLOOKUP(A35,'TABLA DINAM PARCIAL 1'!A715:I1503,6,FALSE) -> 0 | I35: =VLOOKUP(A35,'TABLA DINAM PARCIAL 1'!A715:I1503,7,FALSE) -> 0 | J35: =VLOOKUP(A35,'TABLA DINAM PARCIAL 1'!A715:I1503,8,FALSE) -> 0 | K35: =VLOOKUP(A35,'TABLA DINAM PARCIAL 1'!A715:I1503,9,FALSE) -> 0 | L35: =SUM(D35:K35) -> 10 | M35: =VLOOKUP($A35,'TABLA DINAMICA PARCIAL 2'!$A$5:$T$772,2,FALSE) -> 0 | N35: =VLOOKUP($A35,'TABLA DINAMICA PARCIAL 2'!$A$5:$T$772,3,FALSE) -> 0 | O35: =VLOOKUP($A35,'TABLA DINAMICA PARCIAL 2'!$A$5:$T$772,4,FALSE) -> 0 | P35: =VLOOKUP($A35,'TABLA DINAMICA PARCIAL 2'!$A$5:$T$772,5,FALSE) -> 0 | Q35: =VLOOKUP($A35,'TABLA DINAMICA PARCIAL 2'!$A$5:$T$772,6,FALSE) -> 0 | R35: =VLOOKUP($A35,'TABLA DINAMICA PARCIAL 2'!$A$5:$T$772,7,FALSE) -> 10 | S35: =VLOOKUP($A35,'TABLA DINAMICA PARCIAL 2'!$A$5:$T$772,8,FALSE) -> 0 | T35: =VLOOKUP($A35,'TABLA DINAMICA PARCIAL 2'!$A$5:$T$772,9,FALSE) -> 0 | U35: =VLOOKUP($A35,'TABLA DINAMICA PARCIAL 2'!$A$5:$T$772,10,FALSE) -> 0 | V35: =VLOOKUP($A35,'TABLA DINAMICA PARCIAL 2'!$A$5:$T$772,11,FALSE) -> 0 | W35: =VLOOKUP($A35,'TABLA DINAMICA PARCIAL 2'!$A$5:$T$772,12,FALSE) -> 0 | X35: =VLOOKUP($A35,'TABLA DINAMICA PARCIAL 2'!$A$5:$T$772,13,FALSE) -> 0 | Y35: =VLOOKUP($A35,'TABLA DINAMICA PARCIAL 2'!$A$5:$T$772,14,FALSE) -> 0 | Z35: =VLOOKUP($A35,'TABLA DINAMICA PARCIAL 2'!$A$5:$T$772,15,FALSE) -> 0 | AA35: =VLOOKUP($A35,'TABLA DINAMICA PARCIAL 2'!$A$5:$T$772,16,FALSE) -> 0 | AB35: =VLOOKUP(I35,'TABLA DINAMICA PARCIAL 2'!I769:AB1540,17,FALSE) -> #N/A | AC35: =VLOOKUP(I35,'TABLA DINAMICA PARCIAL 2'!I769:AB1540,18,FALSE) -> #N/A | AD35: =VLOOKUP(I35,'TABLA DINAMICA PARCIAL 2'!I769:AB1540,19,FALSE) -> #N/A | AE35: =SUM(M35:AD35) -> #N/A | AF35: =VLOOKUP($A35,'TABLA DINAMICA PARCIAL 3'!$A$5:$I$768,2,FALSE) -> 0 | AG35: =VLOOKUP($A35,'TABLA DINAMICA PARCIAL 3'!$A$5:$I$768,3,FALSE) -> 10 | AH35: =VLOOKUP($A35,'TABLA DINAMICA PARCIAL 3'!$A$5:$I$768,4,FALSE) -> 0 | AI35: =VLOOKUP($A35,'TABLA DINAMICA PARCIAL 3'!$A$5:$I$768,5,FALSE) -> 0 | AJ35: =VLOOKUP($A35,'TABLA DINAMICA PARCIAL 3'!$A$5:$I$768,6,FALSE) -> 0 | AK35: =VLOOKUP($A35,'TABLA DINAMICA PARCIAL 3'!$A$5:$I$768,7,FALSE) -> 0 | AL35: =VLOOKUP($A35,'TABLA DINAMICA PARCIAL 3'!$A$5:$I$768,8,FALSE) -> 0 | AM35: =SUM(AF35:AL35) -> 10 | AN35: =VLOOKUP($A35,'TABLA DINAMICA PARCIAL 4'!$A$5:$F$760,2,FALSE) -> 0 | AO35: =VLOOKUP($A35,'TABLA DINAMICA PARCIAL 4'!$A$5:$F$760,3,FALSE) -> 10 | AP35: =VLOOKUP($A35,'TABLA DINAMICA PARCIAL 4'!$A$5:$F$760,4,FALSE) -> 0 | AQ35: =VLOOKUP($A35,'TABLA DINAMICA PARCIAL 4'!$A$5:$F$760,5,FALSE) -> 0 | AR35: =VLOOKUP($A35,'TABLA DINAMICA PARCIAL 4'!$A$5:$F$760,6,FALSE) -> 0 | AS35: =SUM(AN35:AR35) -> 10 | AT35: =VLOOKUP($A35,'USUARIOS Y GRUPO'!$A$2:$D$851,4,FALSE) -> P19-MAT1022-11
A36: 164505 | B36: Navarro Vasseur | C36: Ivanna | D36: =VLOOKUP($A36,'TABLA DINAM PARCIAL 1'!$A$5:$I$793,2,FALSE) -> 0 | E36: =VLOOKUP(A36,'TABLA DINAM PARCIAL 1'!A725:I1513,3,FALSE) -> 0 | F36: =VLOOKUP(A36,'TABLA DINAM PARCIAL 1'!A725:I1513,4,FALSE) -> 0 | G36: =VLOOKUP(A36,'TABLA DINAM PARCIAL 1'!A725:I1513,5,FALSE) -> 0 | H36: =VLOOKUP(A36,'TABLA DINAM PARCIAL 1'!A725:I1513,6,FALSE) -> 0 | I36: =VLOOKUP(A36,'TABLA DINAM PARCIAL 1'!A725:I1513,7,FALSE) -> 0 | J36: =VLOOKUP(A36,'TABLA DINAM PARCIAL 1'!A725:I1513,8,FALSE) -> 10 | K36: =VLOOKUP(A36,'TABLA DINAM PARCIAL 1'!A725:I1513,9,FALSE) -> 0 | L36: =SUM(D36:K36) -> 10 | M36: =VLOOKUP($A36,'TABLA DINAMICA PARCIAL 2'!$A$5:$T$772,2,FALSE) -> 10 | N36: =VLOOKUP($A36,'TABLA DINAMICA PARCIAL 2'!$A$5:$T$772,3,FALSE) -> 0 | O36: =VLOOKUP($A36,'TABLA DINAMICA PARCIAL 2'!$A$5:$T$772,4,FALSE) -> 0 | P36: =VLOOKUP($A36,'TABLA DINAMICA PARCIAL 2'!$A$5:$T$772,5,FALSE) -> 0 | Q36: =VLOOKUP($A36,'TABLA DINAMICA PARCIAL 2'!$A$5:$T$772,6,FALSE) -> 0 | R36: =VLOOKUP($A36,'TABLA DINAMICA PARCIAL 2'!$A$5:$T$772,7,FALSE) -> 0 | S36: =VLOOKUP($A36,'TABLA DINAMICA PARCIAL 2'!$A$5:$T$772,8,FALSE) -> 0 | T36: =VLOOKUP($A36,'TABLA DINAMICA PARCIAL 2'!$A$5:$T$772,9,FALSE) -> 0 | U36: =VLOOKUP($A36,'TABLA DINAMICA PARCIAL 2'!$A$5:$T$772,10,FALSE) -> 10 | V36: =VLOOKUP($A36,'TABLA DINAMICA PARCIAL 2'!$A$5:$T$772,11,FALSE) -> 0 | W36: =VLOOKUP($A36,'TABLA DINAMICA PARCIAL 2'!$A$5:$T$772,12,FALSE) -> 0 | X36: =VLOOKUP($A36,'TABLA DINAMICA PARCIAL 2'!$A$5:$T$772,13,FALSE) -> 0 | Y36: =VLOOKUP($A36,'TABLA DINAMICA PARCIAL 2'!$A$5:$T$772,14,FALSE) -> 0 | Z36: =VLOOKUP($A36,'TABLA DINAMICA PARCIAL 2'!$A$5:$T$772,15,FALSE) -> 10 | AA36: =VLOOKUP($A36,'TABLA DINAMICA PARCIAL 2'!$A$5:$T$772,16,FALSE) -> 0 | AB36: =VLOOKUP(I36,'TABLA DINAMICA PARCIAL 2'!I780:AB1551,17,FALSE) -> #N/A | AC36: =VLOOKUP(I36,'TABLA DINAMICA PARCIAL 2'!I780:AB1551,18,FALSE) -> #N/A | AD36: =VLOOKUP(I36,'TABLA DINAMICA PARCIAL 2'!I780:AB1551,19,FALSE) -> #N/A | AE36: =SUM(M36:AD36) -> #N/A | AF36: =VLOOKUP($A36,'TABLA DINAMICA PARCIAL 3'!$A$5:$I$768,2,FALSE) -> 10 | AG36: =VLOOKUP($A36,'TABLA DINAMICA PARCIAL 3'!$A$5:$I$768,3,FALSE) -> 0 | AH36: =VLOOKUP($A36,'TABLA DINAMICA PARCIAL 3'!$A$5:$I$768,4,FALSE) -> 0 | AI36: =VLOOKUP($A36,'TABLA DINAMICA PARCIAL 3'!$A$5:$I$768,5,FALSE) -> 0 | AJ36: =VLOOKUP($A36,'TABLA DINAMICA PARCIAL 3'!$A$5:$I$768,6,FALSE) -> 10 | AK36: =VLOOKUP($A36,'TABLA DINAMICA PARCIAL 3'!$A$5:$I$768,7,FALSE) -> 0 | AL36: =VLOOKUP($A36,'TABLA DINAMICA PARCIAL 3'!$A$5:$I$768,8,FALSE) -> 10 | AM36: =SUM(AF36:AL36) -> 30 | AN36: =VLOOKUP($A36,'TABLA DINAMICA PARCIAL 4'!$A$5:$F$760,2,FALSE) -> 10 | AO36: =VLOOKUP($A36,'TABLA DINAMICA PARCIAL 4'!$A$5:$F$760,3,FALSE) -> 0 | AP36: =VLOOKUP($A36,'TABLA DINAMICA PARCIAL 4'!$A$5:$F$760,4,FALSE) -> 10 | AQ36: =VLOOKUP($A36,'TABLA DINAMICA PARCIAL 4'!$A$5:$F$760,5,FALSE) -> 0 | AR36: =VLOOKUP($A36,'TABLA DINAMICA PARCIAL 4'!$A$5:$F$760,6,FALSE) -> 0 | AS36: =SUM(AN36:AR36) -> 20 | AT36: =VLOOKUP($A36,'USUARIOS Y GRUPO'!$A$2:$D$851,4,FALSE) -> P19-MAT1022-11
A37: 164836 | B37: Rodríguez Franco | C37: Bruno | D37: =VLOOKUP($A37,'TABLA DINAM PARCIAL 1'!$A$5:$I$793,2,FALSE) -> 0 | E37: =VLOOKUP(A37,'TABLA DINAM PARCIAL 1'!A769:I1557,3,FALSE) -> 0 | F37: =VLOOKUP(A37,'TABLA DINAM PARCIAL 1'!A769:I1557,4,FALSE) -> 0 | G37: =VLOOKUP(A37,'TABLA DINAM PARCIAL 1'!A769:I1557,5,FALSE) -> 0 | H37: =VLOOKUP(A37,'TABLA DINAM PARCIAL 1'!A769:I1557,6,FALSE) -> 0 | I37: =VLOOKUP(A37,'TABLA DINAM PARCIAL 1'!A769:I1557,7,FALSE) -> 0 | J37: =VLOOKUP(A37,'TABLA DINAM PARCIAL 1'!A769:I1557,8,FALSE) -> 10 | K37: =VLOOKUP(A37,'TABLA DINAM PARCIAL 1'!A769:I1557,9,FALSE) -> 0 | L37: =SUM(D37:K37) -> 10 | M37: =VLOOKUP($A37,'TABLA DINAMICA PARCIAL 2'!$A$5:$T$772,2,FALSE) -> 0 | N37: =VLOOKUP($A37,'TABLA DINAMICA PARCIAL 2'!$A$5:$T$772,3,FALSE) -> 0 | O37: =VLOOKUP($A37,'TABLA DINAMICA PARCIAL 2'!$A$5:$T$772,4,FALSE) -> 0 | P37: =VLOOKUP($A37,'TABLA DINAMICA PARCIAL 2'!$A$5:$T$772,5,FALSE) -> 0 | Q37: =VLOOKUP($A37,'TABLA DINAMICA PARCIAL 2'!$A$5:$T$772,6,FALSE) -> 0 | R37: =VLOOKUP($A37,'TABLA DINAMICA PARCIAL 2'!$A$5:$T$772,7,FALSE) -> 0 | S37: =VLOOKUP($A37,'TABLA DINAMICA PARCIAL 2'!$A$5:$T$772,8,FALSE) -> 0 | T37: =VLOOKUP($A37,'TABLA DINAMICA PARCIAL 2'!$A$5:$T$772,9,FALSE) -> 0 | U37: =VLOOKUP($A37,'TABLA DINAMICA PARCIAL 2'!$A$5:$T$772,10,FALSE) -> 0 | V37: =VLOOKUP($A37,'TABLA DINAMICA PARCIAL 2'!$A$5:$T$772,11,FALSE) -> 0 | W37: =VLOOKUP($A37,'TABLA DINAMICA PARCIAL 2'!$A$5:$T$772,12,FALSE) -> 0 | X37: =VLOOKUP($A37,'TABLA DINAMICA PARCIAL 2'!$A$5:$T$772,13,FALSE) -> 0 | Y37: =VLOOKUP($A37,'TABLA DINAMICA PARCIAL 2'!$A$5:$T$772,14,FALSE) -> 10 | Z37: =VLOOKUP($A37,'TABLA DINAMICA PARCIAL 2'!$A$5:$T$772,15,FALSE) -> 0 | AA37: =VLOOKUP($A37,'TABLA DINAMICA PARCIAL 2'!$A$5:$T$772,16,FALSE) -> 0 | AB37: =VLOOKUP(I37,'TABLA DINAMICA PARCIAL 2'!I831:AB1602,17,FALSE) -> #N/A | AC37: =VLOOKUP(I37,'TABLA DINAMICA PARCIAL 2'!I831:AB1602,18,FALSE) -> #N/A | AD37: =VLOOKUP(I37,'TABLA DINAMICA PARCIAL 2'!I831:AB1602,19,FALSE) -> #N/A | AE37: =SUM(M37:AD37) -> #N/A | AF37: =VLOOKUP($A37,'TABLA DINAMICA PARCIAL 3'!$A$5:$I$768,2,FALSE) -> #N/A | AG37: =VLOOKUP($A37,'TABLA DINAMICA PARCIAL 3'!$A$5:$I$768,3,FALSE) -> #N/A | AH37: =VLOOKUP($A37,'TABLA DINAMICA PARCIAL 3'!$A$5:$I$768,4,FALSE) -> #N/A | AI37: =VLOOKUP($A37,'TABLA DINAMICA PARCIAL 3'!$A$5:$I$768,5,FALSE) -> #N/A | AJ37: =VLOOKUP($A37,'TABLA DINAMICA PARCIAL 3'!$A$5:$I$768,6,FALSE) -> #N/A | AK37: =VLOOKUP($A37,'TABLA DINAMICA PARCIAL 3'!$A$5:$I$768,7,FALSE) -> #N/A | AL37: =VLOOKUP($A37,'TABLA DINAMICA PARCIAL 3'!$A$5:$I$768,8,FALSE) -> #N/A | AM37: =SUM(AF37:AL37) -> #N/A | AN37: =VLOOKUP($A37,'TABLA DINAMICA PARCIAL 4'!$A$5:$F$760,2,FALSE) -> #N/A | AO37: =VLOOKUP($A37,'TABLA DINAMICA PARCIAL 4'!$A$5:$F$760,3,FALSE) -> #N/A | AP37: =VLOOKUP($A37,'TABLA DINAMICA PARCIAL 4'!$A$5:$F$760,4,FALSE) -> #N/A | AQ37: =VLOOKUP($A37,'TABLA DINAMICA PARCIAL 4'!$A$5:$F$760,5,FALSE) -> #N/A | AR37: =VLOOKUP($A37,'TABLA DINAMICA PARCIAL 4'!$A$5:$F$760,6,FALSE) -> #N/A | AS37: =SUM(AN37:AR37) -> #N/A | AT37: =VLOOKUP($A37,'USUARIOS Y GRUPO'!$A$2:$D$851,4,FALSE) -> P19-MAT1022-11
A38: 160003 | B38: Arrojo Ponce | C38: José | D38: =VLOOKUP($A38,'TABLA DINAM PARCIAL 1'!$A$5:$I$793,2,FALSE) -> 0 | E38: =VLOOKUP($A38,'TABLA DINAM PARCIAL 1'!$A$5:$I$793,3,FALSE) -> 0 | F38: =VLOOKUP($A38,'TABLA DINAM PARCIAL 1'!$A$5:$I$793,4,FALSE) -> 0 | G38: =VLOOKUP($A38,'TABLA DINAM PARCIAL 1'!$A$5:$I$793,5,FALSE) -> 10 | H38: =VLOOKUP($A38,'TABLA DINAM PARCIAL 1'!$A$5:$I$793,6,FALSE) -> 0 | I38: =VLOOKUP($A38,'TABLA DINAM PARCIAL 1'!$A$5:$I$793,7,FALSE) -> 0 | J38: =VLOOKUP($A38,'TABLA DINAM PARCIAL 1'!$A$5:$I$793,8,FALSE) -> 10 | K38: =VLOOKUP($A38,'TABLA DINAM PARCIAL 1'!$A$5:$I$793,9,FALSE) -> 0 | L38: =SUM(D38:K38) -> 20 | M38: =VLOOKUP($A38,'TABLA DINAMICA PARCIAL 2'!$A$5:$T$772,2,FALSE) -> 0 | N38: =VLOOKUP($A38,'TABLA DINAMICA PARCIAL 2'!$A$5:$T$772,3,FALSE) -> 0 | O38: =VLOOKUP($A38,'TABLA DINAMICA PARCIAL 2'!$A$5:$T$772,4,FALSE) -> 0 | P38: =VLOOKUP($A38,'TABLA DINAMICA PARCIAL 2'!$A$5:$T$772,5,FALSE) -> 0 | Q38: =VLOOKUP($A38,'TABLA DINAMICA PARCIAL 2'!$A$5:$T$772,6,FALSE) -> 0 | R38: =VLOOKUP($A38,'TABLA DINAMICA PARCIAL 2'!$A$5:$T$772,7,FALSE) -> 0 | S38: =VLOOKUP($A38,'TABLA DINAMICA PARCIAL 2'!$A$5:$T$772,8,FALSE) -> 0 | T38: =VLOOKUP($A38,'TABLA DINAMICA PARCIAL 2'!$A$5:$T$772,9,FALSE) -> 0 | U38: =VLOOKUP($A38,'TABLA DINAMICA PARCIAL 2'!$A$5:$T$772,10,FALSE) -> 0 | V38: =VLOOKUP($A38,'TABLA DINAMICA PARCIAL 2'!$A$5:$T$772,11,FALSE) -> 0 | W38: =VLOOKUP($A38,'TABLA DINAMICA PARCIAL 2'!$A$5:$T$772,12,FALSE) -> 0 | X38: =VLOOKUP($A38,'TABLA DINAMICA PARCIAL 2'!$A$5:$T$772,13,FALSE) -> 0 | Y38: =VLOOKUP($A38,'TABLA DINAMICA PARCIAL 2'!$A$5:$T$772,14,FALSE) -> 0 | Z38: =VLOOKUP($A38,'TABLA DINAMICA PARCIAL 2'!$A$5:$T$772,15,FALSE) -> 0 | AA38: =VLOOKUP($A38,'TABLA DINAMICA PARCIAL 2'!$A$5:$T$772,16,FALSE) -> 0 | AB38: =VLOOKUP(I38,'TABLA DINAMICA PARCIAL 2'!I65:AB836,17,FALSE) -> 0 | AC38: =VLOOKUP(I38,'TABLA DINAMICA PARCIAL 2'!I65:AB836,18,FALSE) -> 0 | AD38: =VLOOKUP(I38,'TABLA DINAMICA PARCIAL 2'!I65:AB836,19,FALSE) -> 0 | AE38: =SUM(M38:AD38) -> 0 | AF38: =VLOOKUP($A38,'TABLA DINAMICA PARCIAL 3'!$A$5:$I$768,2,FALSE) -> 10 | AG38: =VLOOKUP($A38,'TABLA DINAMICA PARCIAL 3'!$A$5:$I$768,3,FALSE) -> 0 | AH38: =VLOOKUP($A38,'TABLA DINAMICA PARCIAL 3'!$A$5:$I$768,4,FALSE) -> 0 | AI38: =VLOOKUP($A38,'TABLA DINAMICA PARCIAL 3'!$A$5:$I$768,5,FALSE) -> 0 | AJ38: =VLOOKUP($A38,'TABLA DINAMICA PARCIAL 3'!$A$5:$I$768,6,FALSE) -> 0 | AK38: =VLOOKUP($A38,'TABLA DINAMICA PARCIAL 3'!$A$5:$I$768,7,FALSE) -> 0 | AL38: =VLOOKUP($A38,'TABLA DINAMICA PARCIAL 3'!$A$5:$I$768,8,FALSE) -> 10 | AM38: =SUM(AF38:AL38) -> 20 | AN38: =VLOOKUP($A38,'TABLA DINAMICA PARCIAL 4'!$A$5:$F$760,2,FALSE) -> 10 | AO38: =VLOOKUP($A38,'TABLA DINAMICA PARCIAL 4'!$A$5:$F$760,3,FALSE) -> 0 | AP38: =VLOOKUP($A38,'TABLA DINAMICA PARCIAL 4'!$A$5:$F$760,4,FALSE) -> 0 | AQ38: =VLOOKUP($A38,'TABLA DINAMICA PARCIAL 4'!$A$5:$F$760,5,FALSE) -> 0 | AR38: =VLOOKUP($A38,'TABLA DINAMICA PARCIAL 4'!$A$5:$F$760,6,FALSE) -> 0 | AS38: =SUM(AN38:AR38) -> 10 | AT38: =VLOOKUP($A38,'USUARIOS Y GRUPO'!$A$2:$D$851,4,FALSE) -> P19-MAT1022-11
A39: 162488 | B39: López Rosales | C39: José Alejandro | D39: =VLOOKUP($A39,'TABLA DINAM PARCIAL 1'!$A$5:$I$793,2,FALSE) -> 0 | E39: =VLOOKUP(A39,'TABLA DINAM PARCIAL 1'!A218:I1006,3,FALSE) -> 0 | F39: =VLOOKUP(A39,'TABLA DINAM PARCIAL 1'!A218:I1006,4,FALSE) -> 0 | G39: =VLOOKUP(A39,'TABLA DINAM PARCIAL 1'!A218:I1006,5,FALSE) -> 0 | H39: =VLOOKUP(A39,'TABLA DINAM PARCIAL 1'!A218:I1006,6,FALSE) -> 10 | I39: =VLOOKUP(A39,'TABLA DINAM PARCIAL 1'!A218:I1006,7,FALSE) -> 0 | J39: =VLOOKUP(A39,'TABLA DINAM PARCIAL 1'!A218:I1006,8,FALSE) -> 10 | K39: =VLOOKUP(A39,'TABLA DINAM PARCIAL 1'!A218:I1006,9,FALSE) -> 0 | L39: =SUM(D39:K39) -> 20 | M39: =VLOOKUP($A39,'TABLA DINAMICA PARCIAL 2'!$A$5:$T$772,2,FALSE) -> 0 | N39: =VLOOKUP($A39,'TABLA DINAMICA PARCIAL 2'!$A$5:$T$772,3,FALSE) -> 0 | O39: =VLOOKUP($A39,'TABLA DINAMICA PARCIAL 2'!$A$5:$T$772,4,FALSE) -> 0 | P39: =VLOOKUP($A39,'TABLA DINAMICA PARCIAL 2'!$A$5:$T$772,5,FALSE) -> 0 | Q39: =VLOOKUP($A39,'TABLA DINAMICA PARCIAL 2'!$A$5:$T$772,6,FALSE) -> 0 | R39: =VLOOKUP($A39,'TABLA DINAMICA PARCIAL 2'!$A$5:$T$772,7,FALSE) -> 0 | S39: =VLOOKUP($A39,'TABLA DINAMICA PARCIAL 2'!$A$5:$T$772,8,FALSE) -> 0 | T39: =VLOOKUP($A39,'TABLA DINAMICA PARCIAL 2'!$A$5:$T$772,9,FALSE) -> 0 | U39: =VLOOKUP($A39,'TABLA DINAMICA PARCIAL 2'!$A$5:$T$772,10,FALSE) -> 10 | V39: =VLOOKUP($A39,'TABLA DINAMICA PARCIAL 2'!$A$5:$T$772,11,FALSE) -> 0 | W39: =VLOOKUP($A39,'TABLA DINAMICA PARCIAL 2'!$A$5:$T$772,12,FALSE) -> 10 | X39: =VLOOKUP($A39,'TABLA DINAMICA PARCIAL 2'!$A$5:$T$772,13,FALSE) -> 0 | Y39: =VLOOKUP($A39,'TABLA DINAMICA PARCIAL 2'!$A$5:$T$772,14,FALSE) -> 0 | Z39: =VLOOKUP($A39,'TABLA DINAMICA PARCIAL 2'!$A$5:$T$772,15,FALSE) -> 0 | AA39: =VLOOKUP($A39,'TABLA DINAMICA PARCIAL 2'!$A$5:$T$772,16,FALSE) -> 0 | AB39: =VLOOKUP(I39,'TABLA DINAMICA PARCIAL 2'!I248:AB1019,17,FALSE) -> 0 | AC39: =VLOOKUP(I39,'TABLA DINAMICA PARCIAL 2'!I248:AB1019,18,FALSE) -> 0 | AD39: =VLOOKUP(I39,'TABLA DINAMICA PARCIAL 2'!I248:AB1019,19,FALSE) -> 0 | AE39: =SUM(M39:AD39) -> 20 | AF39: =VLOOKUP($A39,'TABLA DINAMICA PARCIAL 3'!$A$5:$I$768,2,FALSE) -> 0 | AG39: =VLOOKUP($A39,'TABLA DINAMICA PARCIAL 3'!$A$5:$I$768,3,FALSE) -> 0 | AH39: =VLOOKUP($A39,'TABLA DINAMICA PARCIAL 3'!$A$5:$I$768,4,FALSE) -> 10 | AI39: =VLOOKUP($A39,'TABLA DINAMICA PARCIAL 3'!$A$5:$I$768,5,FALSE) -> 0 | AJ39: =VLOOKUP($A39,'TABLA DINAMICA PARCIAL 3'!$A$5:$I$768,6,FALSE) -> 0 | AK39: =VLOOKUP($A39,'TABLA DINAMICA PARCIAL 3'!$A$5:$I$768,7,FALSE) -> 0 | AL39: =VLOOKUP($A39,'TABLA DINAMICA PARCIAL 3'!$A$5:$I$768,8,FALSE) -> 0 | AM39: =SUM(AF39:AL39) -> 10 | AN39: =VLOOKUP($A39,'TABLA DINAMICA PARCIAL 4'!$A$5:$F$760,2,FALSE) -> 0 | AO39: =VLOOKUP($A39,'TABLA DINAMICA PARCIAL 4'!$A$5:$F$760,3,FALSE) -> 10 | AP39: =VLOOKUP($A39,'TABLA DINAMICA PARCIAL 4'!$A$5:$F$760,4,FALSE) -> 0 | AQ39: =VLOOKUP($A39,'TABLA DINAMICA PARCIAL 4'!$A$5:$F$760,5,FALSE) -> 10 | AR39: =VLOOKUP($A39,'TABLA DINAMICA PARCIAL 4'!$A$5:$F$760,6,FALSE) -> 10 | AS39: =SUM(AN39:AR39) -> 30 | AT39: =VLOOKUP($A39,'USUARIOS Y GRUPO'!$A$2:$D$851,4,FALSE) -> P19-MAT1022-11
A40: 162847 | B40: Zerón Cabrera | C40: Guadalupe | D40: =VLOOKUP($A40,'TABLA DINAM PARCIAL 1'!$A$5:$I$793,2,FALSE) -> 10 | E40: =VLOOKUP(A40,'TABLA DINAM PARCIAL 1'!A302:I1090,3,FALSE) -> 0 | F40: =VLOOKUP(A40,'TABLA DINAM PARCIAL 1'!A302:I1090,4,FALSE) -> 10 | G40: =VLOOKUP(A40,'TABLA DINAM PARCIAL 1'!A302:I1090,5,FALSE) -> 0 | H40: =VLOOKUP(A40,'TABLA DINAM PARCIAL 1'!A302:I1090,6,FALSE) -> 0 | I40: =VLOOKUP(A40,'TABLA DINAM PARCIAL 1'!A302:I1090,7,FALSE) -> 0 | J40: =VLOOKUP(A40,'TABLA DINAM PARCIAL 1'!A302:I1090,8,FALSE) -> 0 | K40: =VLOOKUP(A40,'TABLA DINAM PARCIAL 1'!A302:I1090,9,FALSE) -> 0 | L40: =SUM(D40:K40) -> 20 | M40: =VLOOKUP($A40,'TABLA DINAMICA PARCIAL 2'!$A$5:$T$772,2,FALSE) -> 0 | N40: =VLOOKUP($A40,'TABLA DINAMICA PARCIAL 2'!$A$5:$T$772,3,FALSE) -> 0 | O40: =VLOOKUP($A40,'TABLA DINAMICA PARCIAL 2'!$A$5:$T$772,4,FALSE) -> 0 | P40: =VLOOKUP($A40,'TABLA DINAMICA PARCIAL 2'!$A$5:$T$772,5,FALSE) -> 0 | Q40: =VLOOKUP($A40,'TABLA DINAMICA PARCIAL 2'!$A$5:$T$772,6,FALSE) -> 0 | R40: =VLOOKUP($A40,'TABLA DINAMICA PARCIAL 2'!$A$5:$T$772,7,FALSE) -> 0 | S40: =VLOOKUP($A40,'TABLA DINAMICA PARCIAL 2'!$A$5:$T$772,8,FALSE) -> 0 | T40: =VLOOKUP($A40,'TABLA DINAMICA PARCIAL 2'!$A$5:$T$772,9,FALSE) -> 0 | U40: =VLOOKUP($A40,'TABLA DINAMICA PARCIAL 2'!$A$5:$T$772,10,FALSE) -> 0 | V40: =VLOOKUP($A40,'TABLA DINAMICA PARCIAL 2'!$A$5:$T$772,11,FALSE) -> 0 | W40: =VLOOKUP($A40,'TABLA DINAMICA PARCIAL 2'!$A$5:$T$772,12,FALSE) -> 10 | X40: =VLOOKUP($A40,'TABLA DINAMICA PARCIAL 2'!$A$5:$T$772,13,FALSE) -> 0 | Y40: =VLOOKUP($A40,'TABLA DINAMICA PARCIAL 2'!$A$5:$T$772,14,FALSE) -> 0 | Z40: =VLOOKUP($A40,'TABLA DINAMICA PARCIAL 2'!$A$5:$T$772,15,FALSE) -> 0 | AA40: =VLOOKUP($A40,'TABLA DINAMICA PARCIAL 2'!$A$5:$T$772,16,FALSE) -> 0 | AB40: =VLOOKUP(I40,'TABLA DINAMICA PARCIAL 2'!I335:AB1106,17,FALSE) -> 0 | AC40: =VLOOKUP(I40,'TABLA DINAMICA PARCIAL 2'!I335:AB1106,18,FALSE) -> 0 | AD40: =VLOOKUP(I40,'TABLA DINAMICA PARCIAL 2'!I335:AB1106,19,FALSE) -> 0 | AE40: =SUM(M40:AD40) -> 10 | AF40: =VLOOKUP($A40,'TABLA DINAMICA PARCIAL 3'!$A$5:$I$768,2,FALSE) -> 10 | AG40: =VLOOKUP($A40,'TABLA DINAMICA PARCIAL 3'!$A$5:$I$768,3,FALSE) -> 0 | AH40: =VLOOKUP($A40,'TABLA DINAMICA PARCIAL 3'!$A$5:$I$768,4,FALSE) -> 10 | AI40: =VLOOKUP($A40,'TABLA DINAMICA PARCIAL 3'!$A$5:$I$768,5,FALSE) -> 0 | AJ40: =VLOOKUP($A40,'TABLA DINAMICA PARCIAL 3'!$A$5:$I$768,6,FALSE) -> 0 | AK40: =VLOOKUP($A40,'TABLA DINAMICA PARCIAL 3'!$A$5:$I$768,7,FALSE) -> 10 | AL40: =VLOOKUP($A40,'TABLA DINAMICA PARCIAL 3'!$A$5:$I$768,8,FALSE) -> 0 | AM40: =SUM(AF40:AL40) -> 30 | AN40: =VLOOKUP($A40,'TABLA DINAMICA PARCIAL 4'!$A$5:$F$760,2,FALSE) -> 0 | AO40: =VLOOKUP($A40,'TABLA DINAMICA PARCIAL 4'!$A$5:$F$760,3,FALSE) -> 0 | AP40: =VLOOKUP($A40,'TABLA DINAMICA PARCIAL 4'!$A$5:$F$760,4,FALSE) -> 0 | AQ40: =VLOOKUP($A40,'TABLA DINAMICA PARCIAL 4'!$A$5:$F$760,5,FALSE) -> 0 | AR40: =VLOOKUP($A40,'TABLA DINAMICA PARCIAL 4'!$A$5:$F$760,6,FALSE) -> 0 | AS40: =SUM(AN40:AR40) -> 0 | AT40: =VLOOKUP($A40,'USUARIOS Y GRUPO'!$A$2:$D$851,4,FALSE) -> P19-MAT1022-11
A41: 162952 | B41: Sánchez Félix | C41: Gabriela | D41: =VLOOKUP($A41,'TABLA DINAM PARCIAL 1'!$A$5:$I$793,2,FALSE) -> 10 | E41: =VLOOKUP(A41,'TABLA DINAM PARCIAL 1'!A332:I1120,3,FALSE) -> 0 | F41: =VLOOKUP(A41,'TABLA DINAM PARCIAL 1'!A332:I1120,4,FALSE) -> 0 | G41: =VLOOKUP(A41,'TABLA DINAM PARCIAL 1'!A332:I1120,5,FALSE) -> 0 | H41: =VLOOKUP(A41,'TABLA DINAM PARCIAL 1'!A332:I1120,6,FALSE) -> 0 | I41: =VLOOKUP(A41,'TABLA DINAM PARCIAL 1'!A332:I1120,7,FALSE) -> 0 | J41: =VLOOKUP(A41,'TABLA DINAM PARCIAL 1'!A332:I1120,8,FALSE) -> 10 | K41: =VLOOKUP(A41,'TABLA DINAM PARCIAL 1'!A332:I1120,9,FALSE) -> 0 | L41: =SUM(D41:K41) -> 20 | M41: =VLOOKUP($A41,'TABLA DINAMICA PARCIAL 2'!$A$5:$T$772,2,FALSE) -> 0 | N41: =VLOOKUP($A41,'TABLA DINAMICA PARCIAL 2'!$A$5:$T$772,3,FALSE) -> 0 | O41: =VLOOKUP($A41,'TABLA DINAMICA PARCIAL 2'!$A$5:$T$772,4,FALSE) -> 0 | P41: =VLOOKUP($A41,'TABLA DINAMICA PARCIAL 2'!$A$5:$T$772,5,FALSE) -> 0 | Q41: =VLOOKUP($A41,'TABLA DINAMICA PARCIAL 2'!$A$5:$T$772,6,FALSE) -> 0 | R41: =VLOOKUP($A41,'TABLA DINAMICA PARCIAL 2'!$A$5:$T$772,7,FALSE) -> 0 | S41: =VLOOKUP($A41,'TABLA DINAMICA PARCIAL 2'!$A$5:$T$772,8,FALSE) -> 0 | T41: =VLOOKUP($A41,'TABLA DINAMICA PARCIAL 2'!$A$5:$T$772,9,FALSE) -> 0 | U41: =VLOOKUP($A41,'TABLA DINAMICA PARCIAL 2'!$A$5:$T$772,10,FALSE) -> 0 | V41: =VLOOKUP($A41,'TABLA DINAMICA PARCIAL 2'!$A$5:$T$772,11,FALSE) -> 0 | W41: =VLOOKUP($A41,'TABLA DINAMICA PARCIAL 2'!$A$5:$T$772,12,FALSE) -> 0 | X41: =VLOOKUP($A41,'TABLA DINAMICA PARCIAL 2'!$A$5:$T$772,13,FALSE) -> 0 | Y41: =VLOOKUP($A41,'TABLA DINAMICA PARCIAL 2'!$A$5:$T$772,14,FALSE) -> 0 | Z41: =VLOOKUP($A41,'TABLA DINAMICA PARCIAL 2'!$A$5:$T$772,15,FALSE) -> 0 | AA41: =VLOOKUP($A41,'TABLA DINAMICA PARCIAL 2'!$A$5:$T$772,16,FALSE) -> 0 | AB41: =VLOOKUP(I41,'TABLA DINAMICA PARCIAL 2'!I368:AB1139,17,FALSE) -> 0 | AC41: =VLOOKUP(I41,'TABLA DINAMICA PARCIAL 2'!I368:AB1139,18,FALSE) -> 0 | AD41: =VLOOKUP(I41,'TABLA DINAMICA PARCIAL 2'!I368:AB1139,19,FALSE) -> 0 | AE41: =SUM(M41:AD41) -> 0 | AF41: =VLOOKUP($A41,'TABLA DINAMICA PARCIAL 3'!$A$5:$I$768,2,FALSE) -> 10 | AG41: =VLOOKUP($A41,'TABLA DINAMICA PARCIAL 3'!$A$5:$I$768,3,FALSE) -> 0 | AH41: =VLOOKUP($A41,'TABLA DINAMICA PARCIAL 3'!$A$5:$I$768,4,FALSE) -> 10 | AI41: =VLOOKUP($A41,'TABLA DINAMICA PARCIAL 3'!$A$5:$I$768,5,FALSE) -> 0 | AJ41: =VLOOKUP($A41,'TABLA DINAMICA PARCIAL 3'!$A$5:$I$768,6,FALSE) -> 0 | AK41: =VLOOKUP($A41,'TABLA DINAMICA PARCIAL 3'!$A$5:$I$768,7,FALSE) -> 0 | AL41: =VLOOKUP($A41,'TABLA DINAMICA PARCIAL 3'!$A$5:$I$768,8,FALSE) -> 0 | AM41: =SUM(AF41:AL41) -> 20 | AN41: =VLOOKUP($A41,'TABLA DINAMICA PARCIAL 4'!$A$5:$F$760,2,FALSE) -> 0 | AO41: =VLOOKUP($A41,'TABLA DINAMICA PARCIAL 4'!$A$5:$F$760,3,FALSE) -> 0 | AP41: =VLOOKUP($A41,'TABLA DINAMICA PARCIAL 4'!$A$5:$F$760,4,FALSE) -> 10 | AQ41: =VLOOKUP($A41,'TABLA DINAMICA PARCIAL 4'!$A$5:$F$760,5,FALSE) -> 0 | AR41: =VLOOKUP($A41,'TABLA DINAMICA PARCIAL 4'!$A$5:$F$760,6,FALSE) -> 10 | AS41: =SUM(AN41:AR41) -> 20 | AT41: =VLOOKUP($A41,'USUARIOS Y GRUPO'!$A$2:$D$851,4,FALSE) -> P19-MAT1022-11
A42: 163255 | B42: Dorantes Islas | C42: Juan Manuel | D42: =VLOOKUP($A42,'TABLA DINAM PARCIAL 1'!$A$5:$I$793,2,FALSE) -> 0 | E42: =VLOOKUP(A42,'TABLA DINAM PARCIAL 1'!A414:I1202,3,FALSE) -> 0 | F42: =VLOOKUP(A42,'TABLA DINAM PARCIAL 1'!A414:I1202,4,FALSE) -> 0 | G42: =VLOOKUP(A42,'TABLA DINAM PARCIAL 1'!A414:I1202,5,FALSE) -> 0 | H42: =VLOOKUP(A42,'TABLA DINAM PARCIAL 1'!A414:I1202,6,FALSE) -> 10 | I42: =VLOOKUP(A42,'TABLA DINAM PARCIAL 1'!A414:I1202,7,FALSE) -> 0 | J42: =VLOOKUP(A42,'TABLA DINAM PARCIAL 1'!A414:I1202,8,FALSE) -> 0 | K42: =VLOOKUP(A42,'TABLA DINAM PARCIAL 1'!A414:I1202,9,FALSE) -> 10 | L42: =SUM(D42:K42) -> 20 | M42: =VLOOKUP($A42,'TABLA DINAMICA PARCIAL 2'!$A$5:$T$772,2,FALSE) -> 0 | N42: =VLOOKUP($A42,'TABLA DINAMICA PARCIAL 2'!$A$5:$T$772,3,FALSE) -> 0 | O42: =VLOOKUP($A42,'TABLA DINAMICA PARCIAL 2'!$A$5:$T$772,4,FALSE) -> 0 | P42: =VLOOKUP($A42,'TABLA DINAMICA PARCIAL 2'!$A$5:$T$772,5,FALSE) -> 0 | Q42: =VLOOKUP($A42,'TABLA DINAMICA PARCIAL 2'!$A$5:$T$772,6,FALSE) -> 0 | R42: =VLOOKUP($A42,'TABLA DINAMICA PARCIAL 2'!$A$5:$T$772,7,FALSE) -> 0 | S42: =VLOOKUP($A42,'TABLA DINAMICA PARCIAL 2'!$A$5:$T$772,8,FALSE) -> 0 | T42: =VLOOKUP($A42,'TABLA DINAMICA PARCIAL 2'!$A$5:$T$772,9,FALSE) -> 0 | U42: =VLOOKUP($A42,'TABLA DINAMICA PARCIAL 2'!$A$5:$T$772,10,FALSE) -> 0 | V42: =VLOOKUP($A42,'TABLA DINAMICA PARCIAL 2'!$A$5:$T$772,11,FALSE) -> 10 | W42: =VLOOKUP($A42,'TABLA DINAMICA PARCIAL 2'!$A$5:$T$772,12,FALSE) -> 0 | X42: =VLOOKUP($A42,'TABLA DINAMICA PARCIAL 2'!$A$5:$T$772,13,FALSE) -> 0 | Y42: =VLOOKUP($A42,'TABLA DINAMICA PARCIAL 2'!$A$5:$T$772,14,FALSE) -> 0 | Z42: =VLOOKUP($A42,'TABLA DINAMICA PARCIAL 2'!$A$5:$T$772,15,FALSE) -> 0 | AA42: =VLOOKUP($A42,'TABLA DINAMICA PARCIAL 2'!$A$5:$T$772,16,FALSE) -> 0 | AB42: =VLOOKUP(I42,'TABLA DINAMICA PARCIAL 2'!I452:AB1223,17,FALSE) -> 0 | AC42: =VLOOKUP(I42,'TABLA DINAMICA PARCIAL 2'!I452:AB1223,18,FALSE) -> 0 | AD42: =VLOOKUP(I42,'TABLA DINAMICA PARCIAL 2'!I452:AB1223,19,FALSE) -> 0 | AE42: =SUM(M42:AD42) -> 10 | AF42: =VLOOKUP($A42,'TABLA DINAMICA PARCIAL 3'!$A$5:$I$768,2,FALSE) -> 0 | AG42: =VLOOKUP($A42,'TABLA DINAMICA PARCIAL 3'!$A$5:$I$768,3,FALSE) -> 0 | AH42: =VLOOKUP($A42,'TABLA DINAMICA PARCIAL 3'!$A$5:$I$768,4,FALSE) -> 0 | AI42: =VLOOKUP($A42,'TABLA DINAMICA PARCIAL 3'!$A$5:$I$768,5,FALSE) -> 0 | AJ42: =VLOOKUP($A42,'TABLA DINAMICA PARCIAL 3'!$A$5:$I$768,6,FALSE) -> 0 | AK42: =VLOOKUP($A42,'TABLA DINAMICA PARCIAL 3'!$A$5:$I$768,7,FALSE) -> 10 | AL42: =VLOOKUP($A42,'TABLA DINAMICA PARCIAL 3'!$A$5:$I$768,8,FALSE) -> 0 | AM42: =SUM(AF42:AL42) -> 10 | AN42: =VLOOKUP($A42,'TABLA DINAMICA PARCIAL 4'!$A$5:$F$760,2,FALSE) -> 0 | AO42: =VLOOKUP($A42,'TABLA DINAMICA PARCIAL 4'!$A$5:$F$760,3,FALSE) -> 0 | AP42: =VLOOKUP($A42,'TABLA DINAMICA PARCIAL 4'!$A$5:$F$760,4,FALSE) -> 0 | AQ42: =VLOOKUP($A42,'TABLA DINAMICA PARCIAL 4'!$A$5:$F$760,5,FALSE) -> 0 | AR42: =VLOOKUP($A42,'TABLA DINAMICA PARCIAL 4'!$A$5:$F$760,6,FALSE) -> 0 | AS42: =SUM(AN42:AR42) -> 0 | AT42: =VLOOKUP($A42,'USUARIOS Y GRUPO'!$A$2:$D$851,4,FALSE) -> P19-MAT1022-11
A43: 163275 | B43: Zúñiga Juárez | C43: Luis Fernando | D43: =VLOOKUP($A43,'TABLA DINAM PARCIAL 1'!$A$5:$I$793,2,FALSE) -> 0 | E43: =VLOOKUP(A43,'TABLA DINAM PARCIAL 1'!A420:I1208,3,FALSE) -> 0 | F43: =VLOOKUP(A43,'TABLA DINAM PARCIAL 1'!A420:I1208,4,FALSE) -> 10 | G43: =VLOOKUP(A43,'TABLA DINAM PARCIAL 1'!A420:I1208,5,FALSE) -> 0 | H43: =VLOOKUP(A43,'TABLA DINAM PARCIAL 1'!A420:I1208,6,FALSE) -> 0 | I43: =VLOOKUP(A43,'TABLA DINAM PARCIAL 1'!A420:I1208,7,FALSE) -> 0 | J43: =VLOOKUP(A43,'TABLA DINAM PARCIAL 1'!A420:I1208,8,FALSE) -> 0 | K43: =VLOOKUP(A43,'TABLA DINAM PARCIAL 1'!A420:I1208,9,FALSE) -> 10 | L43: =SUM(D43:K43) -> 20 | M43: =VLOOKUP($A43,'TABLA DINAMICA PARCIAL 2'!$A$5:$T$772,2,FALSE) -> 0 | N43: =VLOOKUP($A43,'TABLA DINAMICA PARCIAL 2'!$A$5:$T$772,3,FALSE) -> 0 | O43: =VLOOKUP($A43,'TABLA DINAMICA PARCIAL 2'!$A$5:$T$772,4,FALSE) -> 0 | P43: =VLOOKUP($A43,'TABLA DINAMICA PARCIAL 2'!$A$5:$T$772,5,FALSE) -> 0 | Q43: =VLOOKUP($A43,'TABLA DINAMICA PARCIAL 2'!$A$5:$T$772,6,FALSE) -> 0 | R43: =VLOOKUP($A43,'TABLA DINAMICA PARCIAL 2'!$A$5:$T$772,7,FALSE) -> 0 | S43: =VLOOKUP($A43,'TABLA DINAMICA PARCIAL 2'!$A$5:$T$772,8,FALSE) -> 0 | T43: =VLOOKUP($A43,'TABLA DINAMICA PARCIAL 2'!$A$5:$T$772,9,FALSE) -> 0 | U43: =VLOOKUP($A43,'TABLA DINAMICA PARCIAL 2'!$A$5:$T$772,10,FALSE) -> 0 | V43: =VLOOKUP($A43,'TABLA DINAMICA PARCIAL 2'!$A$5:$T$772,11,FALSE) -> 0 | W43: =VLOOKUP($A43,'TABLA DINAMICA PARCIAL 2'!$A$5:$T$772,12,FALSE) -> 0 | X43: =VLOOKUP($A43,'TABLA DINAMICA PARCIAL 2'!$A$5:$T$772,13,FALSE) -> 0 | Y43: =VLOOKUP($A43,'TABLA DINAMICA PARCIAL 2'!$A$5:$T$772,14,FALSE) -> 0 | Z43: =VLOOKUP($A43,'TABLA DINAMICA PARCIAL 2'!$A$5:$T$772,15,FALSE) -> 0 | AA43: =VLOOKUP($A43,'TABLA DINAMICA PARCIAL 2'!$A$5:$T$772,16,FALSE) -> 0 | AB43: =VLOOKUP(I43,'TABLA DINAMICA PARCIAL 2'!I458:AB1229,17,FALSE) -> 0 | AC43: =VLOOKUP(I43,'TABLA DINAMICA PARCIAL 2'!I458:AB1229,18,FALSE) -> 0 | AD43: =VLOOKUP(I43,'TABLA DINAMICA PARCIAL 2'!I458:AB1229,19,FALSE) -> 0 | AE43: =SUM(M43:AD43) -> 0 | AF43: =VLOOKUP($A43,'TABLA DINAMICA PARCIAL 3'!$A$5:$I$768,2,FALSE) -> 0 | AG43: =VLOOKUP($A43,'TABLA DINAMICA PARCIAL 3'!$A$5:$I$768,3,FALSE) -> 10 | AH43: =VLOOKUP($A43,'TABLA DINAMICA PARCIAL 3'!$A$5:$I$768,4,FALSE) -> 0 | AI43: =VLOOKUP($A43,'TABLA DINAMICA PARCIAL 3'!$A$5:$I$768,5,FALSE) -> 0 | AJ43: =VLOOKUP($A43,'TABLA DINAMICA PARCIAL 3'!$A$5:$I$768,6,FALSE) -> 0 | AK43: =VLOOKUP($A43,'TABLA DINAMICA PARCIAL 3'!$A$5:$I$768,7,FALSE) -> 0 | AL43: =VLOOKUP($A43,'TABLA DINAMICA PARCIAL 3'!$A$5:$I$768,8,FALSE) -> 10 | AM43: =SUM(AF43:AL43) -> 20 | AN43: =VLOOKUP($A43,'TABLA DINAMICA PARCIAL 4'!$A$5:$F$760,2,FALSE) -> 0 | AO43: =VLOOKUP($A43,'TABLA DINAMICA PARCIAL 4'!$A$5:$F$760,3,FALSE) -> 0 | AP43: =VLOOKUP($A43,'TABLA DINAMICA PARCIAL 4'!$A$5:$F$760,4,FALSE) -> 0 | AQ43: =VLOOKUP($A43,'TABLA DINAMICA PARCIAL 4'!$A$5:$F$760,5,FALSE) -> 10 | AR43: =VLOOKUP($A43,'TABLA DINAMICA PARCIAL 4'!$A$5:$F$760,6,FALSE) -> 0 | AS43: =SUM(AN43:AR43) -> 10 | AT43: =VLOOKUP($A43,'USUARIOS Y GRUPO'!$A$2:$D$851,4,FALSE) -> P19-MAT1022-11
A44: 163784 | B44: Antonio Gutiérrez | C44: Alessandra | D44: =VLOOKUP($A44,'TABLA DINAM PARCIAL 1'!$A$5:$I$793,2,FALSE) -> 0 | E44: =VLOOKUP(A44,'TABLA DINAM PARCIAL 1'!A551:I1339,3,FALSE) -> 10 | F44: =VLOOKUP(A44,'TABLA DINAM PARCIAL 1'!A551:I1339,4,FALSE) -> 0 | G44: =VLOOKUP(A44,'TABLA DINAM PARCIAL 1'!A551:I1339,5,FALSE) -> 0 | H44: =VLOOKUP(A44,'TABLA DINAM PARCIAL 1'!A551:I1339,6,FALSE) -> 0 | I44: =VLOOKUP(A44,'TABLA DINAM PARCIAL 1'!A551:I1339,7,FALSE) -> 0 | J44: =VLOOKUP(A44,'TABLA DINAM PARCIAL 1'!A551:I1339,8,FALSE) -> 0 | K44: =VLOOKUP(A44,'TABLA DINAM PARCIAL 1'!A551:I1339,9,FALSE) -> 10 | L44: =SUM(D44:K44) -> 20 | M44: =VLOOKUP($A44,'TABLA DINAMICA PARCIAL 2'!$A$5:$T$772,2,FALSE) -> 0 | N44: =VLOOKUP($A44,'TABLA DINAMICA PARCIAL 2'!$A$5:$T$772,3,FALSE) -> 0 | O44: =VLOOKUP($A44,'TABLA DINAMICA PARCIAL 2'!$A$5:$T$772,4,FALSE) -> 0 | P44: =VLOOKUP($A44,'TABLA DINAMICA PARCIAL 2'!$A$5:$T$772,5,FALSE) -> 0 | Q44: =VLOOKUP($A44,'TABLA DINAMICA PARCIAL 2'!$A$5:$T$772,6,FALSE) -> 0 | R44: =VLOOKUP($A44,'TABLA DINAMICA PARCIAL 2'!$A$5:$T$772,7,FALSE) -> 0 | S44: =VLOOKUP($A44,'TABLA DINAMICA PARCIAL 2'!$A$5:$T$772,8,FALSE) -> 0 | T44: =VLOOKUP($A44,'TABLA DINAMICA PARCIAL 2'!$A$5:$T$772,9,FALSE) -> 0 | U44: =VLOOKUP($A44,'TABLA DINAMICA PARCIAL 2'!$A$5:$T$772,10,FALSE) -> 0 | V44: =VLOOKUP($A44,'TABLA DINAMICA PARCIAL 2'!$A$5:$T$772,11,FALSE) -> 10 | W44: =VLOOKUP($A44,'TABLA DINAMICA PARCIAL 2'!$A$5:$T$772,12,FALSE) -> 0 | X44: =VLOOKUP($A44,'TABLA DINAMICA PARCIAL 2'!$A$5:$T$772,13,FALSE) -> 0 | Y44: =VLOOKUP($A44,'TABLA DINAMICA PARCIAL 2'!$A$5:$T$772,14,FALSE) -> 10 | Z44: =VLOOKUP($A44,'TABLA DINAMICA PARCIAL 2'!$A$5:$T$772,15,FALSE) -> 0 | AA44: =VLOOKUP($A44,'TABLA DINAMICA PARCIAL 2'!$A$5:$T$772,16,FALSE) -> 0 | AB44: =VLOOKUP(I44,'TABLA DINAMICA PARCIAL 2'!I597:AB1368,17,FALSE) -> 0 | AC44: =VLOOKUP(I44,'TABLA DINAMICA PARCIAL 2'!I597:AB1368,18,FALSE) -> 0 | AD44: =VLOOKUP(I44,'TABLA DINAMICA PARCIAL 2'!I597:AB1368,19,FALSE) -> 0 | AE44: =SUM(M44:AD44) -> 20 | AF44: =VLOOKUP($A44,'TABLA DINAMICA PARCIAL 3'!$A$5:$I$768,2,FALSE) -> 0 | AG44: =VLOOKUP($A44,'TABLA DINAMICA PARCIAL 3'!$A$5:$I$768,3,FALSE) -> 0 | AH44: =VLOOKUP($A44,'TABLA DINAMICA PARCIAL 3'!$A$5:$I$768,4,FALSE) -> 10 | AI44: =VLOOKUP($A44,'TABLA DINAMICA PARCIAL 3'!$A$5:$I$768,5,FALSE) -> 0 | AJ44: =VLOOKUP($A44,'TABLA DINAMICA PARCIAL 3'!$A$5:$I$768,6,FALSE) -> 10 | AK44: =VLOOKUP($A44,'TABLA DINAMICA PARCIAL 3'!$A$5:$I$768,7,FALSE) -> 0 | AL44: =VLOOKUP($A44,'TABLA DINAMICA PARCIAL 3'!$A$5:$I$768,8,FALSE) -> 0 | AM44: =SUM(AF44:AL44) -> 20 | AN44: =VLOOKUP($A44,'TABLA DINAMICA PARCIAL 4'!$A$5:$F$760,2,FALSE) -> 0 | AO44: =VLOOKUP($A44,'TABLA DINAMICA PARCIAL 4'!$A$5:$F$760,3,FALSE) -> 0 | AP44: =VLOOKUP($A44,'TABLA DINAMICA PARCIAL 4'!$A$5:$F$760,4,FALSE) -> 0 | AQ44: =VLOOKUP($A44,'TABLA DINAMICA PARCIAL 4'!$A$5:$F$760,5,FALSE) -> 0 | AR44: =VLOOKUP($A44,'TABLA DINAMICA PARCIAL 4'!$A$5:$F$760,6,FALSE) -> 0 | AS44: =SUM(AN44:AR44) -> 0 | AT44: =VLOOKUP($A44,'USUARIOS Y GRUPO'!$A$2:$D$851,4,FALSE) -> P19-MAT1022-11
A45: 164162 | B45: Puch Bustamante | C45: André Luis | D45: =VLOOKUP($A45,'TABLA DINAM PARCIAL 1'!$A$5:$I$793,2,FALSE) -> 0 | E45: =VLOOKUP(A45,'TABLA DINAM PARCIAL 1'!A642:I1430,3,FALSE) -> 0 | F45: =VLOOKUP(A45,'TABLA DINAM PARCIAL 1'!A642:I1430,4,FALSE) -> 0 | G45: =VLOOKUP(A45,'TABLA DINAM PARCIAL 1'!A642:I1430,5,FALSE) -> 0 | H45: =VLOOKUP(A45,'TABLA DINAM PARCIAL 1'!A642:I1430,6,FALSE) -> 10 | I45: =VLOOKUP(A45,'TABLA DINAM PARCIAL 1'!A642:I1430,7,FALSE) -> 0 | J45: =VLOOKUP(A45,'TABLA DINAM PARCIAL 1'!A642:I1430,8,FALSE) -> 10 | K45: =VLOOKUP(A45,'TABLA DINAM PARCIAL 1'!A642:I1430,9,FALSE) -> 0 | L45: =SUM(D45:K45) -> 20 | M45: =VLOOKUP($A45,'TABLA DINAMICA PARCIAL 2'!$A$5:$T$772,2,FALSE) -> 10 | N45: =VLOOKUP($A45,'TABLA DINAMICA PARCIAL 2'!$A$5:$T$772,3,FALSE) -> 0 | O45: =VLOOKUP($A45,'TABLA DINAMICA PARCIAL 2'!$A$5:$T$772,4,FALSE) -> 0 | P45: =VLOOKUP($A45,'TABLA DINAMICA PARCIAL 2'!$A$5:$T$772,5,FALSE) -> 0 | Q45: =VLOOKUP($A45,'TABLA DINAMICA PARCIAL 2'!$A$5:$T$772,6,FALSE) -> 0 | R45: =VLOOKUP($A45,'TABLA DINAMICA PARCIAL 2'!$A$5:$T$772,7,FALSE) -> 0 | S45: =VLOOKUP($A45,'TABLA DINAMICA PARCIAL 2'!$A$5:$T$772,8,FALSE) -> 10 | T45: =VLOOKUP($A45,'TABLA DINAMICA PARCIAL 2'!$A$5:$T$772,9,FALSE) -> 0 | U45: =VLOOKUP($A45,'TABLA DINAMICA PARCIAL 2'!$A$5:$T$772,10,FALSE) -> 0 | V45: =VLOOKUP($A45,'TABLA DINAMICA PARCIAL 2'!$A$5:$T$772,11,FALSE) -> 0 | W45: =VLOOKUP($A45,'TABLA DINAMICA PARCIAL 2'!$A$5:$T$772,12,FALSE) -> 10 | X45: =VLOOKUP($A45,'TABLA DINAMICA PARCIAL 2'!$A$5:$T$772,13,FALSE) -> 0 | Y45: =VLOOKUP($A45,'TABLA DINAMICA PARCIAL 2'!$A$5:$T$772,14,FALSE) -> 0 | Z45: =VLOOKUP($A45,'TABLA DINAMICA PARCIAL 2'!$A$5:$T$772,15,FALSE) -> 0 | AA45: =VLOOKUP($A45,'TABLA DINAMICA PARCIAL 2'!$A$5:$T$772,16,FALSE) -> 0 | AB45: =VLOOKUP(I45,'TABLA DINAMICA PARCIAL 2'!I693:AB1464,17,FALSE) -> 0 | AC45: =VLOOKUP(I45,'TABLA DINAMICA PARCIAL 2'!I693:AB1464,18,FALSE) -> 0 | AD45: =VLOOKUP(I45,'TABLA DINAMICA PARCIAL 2'!I693:AB1464,19,FALSE) -> 0 | AE45: =SUM(M45:AD45) -> 30 | AF45: =VLOOKUP($A45,'TABLA DINAMICA PARCIAL 3'!$A$5:$I$768,2,FALSE) -> 10 | AG45: =VLOOKUP($A45,'TABLA DINAMICA PARCIAL 3'!$A$5:$I$768,3,FALSE) -> 0 | AH45: =VLOOKUP($A45,'TABLA DINAMICA PARCIAL 3'!$A$5:$I$768,4,FALSE) -> 0 | AI45: =VLOOKUP($A45,'TABLA DINAMICA PARCIAL 3'!$A$5:$I$768,5,FALSE) -> 0 | AJ45: =VLOOKUP($A45,'TABLA DINAMICA PARCIAL 3'!$A$5:$I$768,6,FALSE) -> 10 | AK45: =VLOOKUP($A45,'TABLA DINAMICA PARCIAL 3'!$A$5:$I$768,7,FALSE) -> 0 | AL45: =VLOOKUP($A45,'TABLA DINAMICA PARCIAL 3'!$A$5:$I$768,8,FALSE) -> 10 | AM45: =SUM(AF45:AL45) -> 30 | AN45: =VLOOKUP($A45,'TABLA DINAMICA PARCIAL 4'!$A$5:$F$760,2,FALSE) -> 10 | AO45: =VLOOKUP($A45,'TABLA DINAMICA PARCIAL 4'!$A$5:$F$760,3,FALSE) -> 10 | AP45: =VLOOKUP($A45,'TABLA DINAMICA PARCIAL 4'!$A$5:$F$760,4,FALSE) -> 0 | AQ45: =VLOOKUP($A45,'TABLA DINAMICA PARCIAL 4'!$A$5:$F$760,5,FALSE) -> 10 | AR45: =VLOOKUP($A45,'TABLA DINAMICA PARCIAL 4'!$A$5:$F$760,6,FALSE) -> 0 | AS45: =SUM(AN45:AR45) -> 30 | AT45: =VLOOKUP($A45,'USUARIOS Y GRUPO'!$A$2:$D$851,4,FALSE) -> P19-MAT1022-11
A46: 164311 | B46: Aguilar Ruíz | C46: Monserrat | D46: =VLOOKUP($A46,'TABLA DINAM PARCIAL 1'!$A$5:$I$793,2,FALSE) -> 0 | E46: =VLOOKUP(A46,'TABLA DINAM PARCIAL 1'!A677:I1465,3,FALSE) -> 10 | F46: =VLOOKUP(A46,'TABLA DINAM PARCIAL 1'!A677:I1465,4,FALSE) -> 0 | G46: =VLOOKUP(A46,'TABLA DINAM PARCIAL 1'!A677:I1465,5,FALSE) -> 0 | H46: =VLOOKUP(A46,'TABLA DINAM PARCIAL 1'!A677:I1465,6,FALSE) -> 0 | I46: =VLOOKUP(A46,'TABLA DINAM PARCIAL 1'!A677:I1465,7,FALSE) -> 0 | J46: =VLOOKUP(A46,'TABLA DINAM PARCIAL 1'!A677:I1465,8,FALSE) -> 10 | K46: =VLOOKUP(A46,'TABLA DINAM PARCIAL 1'!A677:I1465,9,FALSE) -> 0 | L46: =SUM(D46:K46) -> 20 | M46: =VLOOKUP($A46,'TABLA DINAMICA PARCIAL 2'!$A$5:$T$772,2,FALSE) -> 0 | N46: =VLOOKUP($A46,'TABLA DINAMICA PARCIAL 2'!$A$5:$T$772,3,FALSE) -> 0 | O46: =VLOOKUP($A46,'TABLA DINAMICA PARCIAL 2'!$A$5:$T$772,4,FALSE) -> 0 | P46: =VLOOKUP($A46,'TABLA DINAMICA PARCIAL 2'!$A$5:$T$772,5,FALSE) -> 0 | Q46: =VLOOKUP($A46,'TABLA DINAMICA PARCIAL 2'!$A$5:$T$772,6,FALSE) -> 0 | R46: =VLOOKUP($A46,'TABLA DINAMICA PARCIAL 2'!$A$5:$T$772,7,FALSE) -> 0 | S46: =VLOOKUP($A46,'TABLA DINAMICA PARCIAL 2'!$A$5:$T$772,8,FALSE) -> 0 | T46: =VLOOKUP($A46,'TABLA DINAMICA PARCIAL 2'!$A$5:$T$772,9,FALSE) -> 10 | U46: =VLOOKUP($A46,'TABLA DINAMICA PARCIAL 2'!$A$5:$T$772,10,FALSE) -> 0 | V46: =VLOOKUP($A46,'TABLA DINAMICA PARCIAL 2'!$A$5:$T$772,11,FALSE) -> 0 | W46: =VLOOKUP($A46,'TABLA DINAMICA PARCIAL 2'!$A$5:$T$772,12,FALSE) -> 0 | X46: =VLOOKUP($A46,'TABLA DINAMICA PARCIAL 2'!$A$5:$T$772,13,FALSE) -> 0 | Y46: =VLOOKUP($A46,'TABLA DINAMICA PARCIAL 2'!$A$5:$T$772,14,FALSE) -> 0 | Z46: =VLOOKUP($A46,'TABLA DINAMICA PARCIAL 2'!$A$5:$T$772,15,FALSE) -> 0 | AA46: =VLOOKUP($A46,'TABLA DINAMICA PARCIAL 2'!$A$5:$T$772,16,FALSE) -> 10 | AB46: =VLOOKUP(I46,'TABLA DINAMICA PARCIAL 2'!I729:AB1500,17,FALSE) -> 0 | AC46: =VLOOKUP(I46,'TABLA DINAMICA PARCIAL 2'!I729:AB1500,18,FALSE) -> 0 | AD46: =VLOOKUP(I46,'TABLA DINAMICA PARCIAL 2'!I729:AB1500,19,FALSE) -> 0 | AE46: =SUM(M46:AD46) -> 20 | AF46: =VLOOKUP($A46,'TABLA DINAMICA PARCIAL 3'!$A$5:$I$768,2,FALSE) -> 0 | AG46: =VLOOKUP($A46,'TABLA DINAMICA PARCIAL 3'!$A$5:$I$768,3,FALSE) -> 10 | AH46: =VLOOKUP($A46,'TABLA DINAMICA PARCIAL 3'!$A$5:$I$768,4,FALSE) -> 0 | AI46: =VLOOKUP($A46,'TABLA DINAMICA PARCIAL 3'!$A$5:$I$768,5,FALSE) -> 0 | AJ46: =VLOOKUP($A46,'TABLA DINAMICA PARCIAL 3'!$A$5:$I$768,6,FALSE) -> 0 | AK46: =VLOOKUP($A46,'TABLA DINAMICA PARCIAL 3'!$A$5:$I$768,7,FALSE) -> 10 | AL46: =VLOOKUP($A46,'TABLA DINAMICA PARCIAL 3'!$A$5:$I$768,8,FALSE) -> 0 | AM46: =SUM(AF46:AL46) -> 20 | AN46: =VLOOKUP($A46,'TABLA DINAMICA PARCIAL 4'!$A$5:$F$760,2,FALSE) -> 0 | AO46: =VLOOKUP($A46,'TABLA DINAMICA PARCIAL 4'!$A$5:$F$760,3,FALSE) -> 0 | AP46: =VLOOKUP($A46,'TABLA DINAMICA PARCIAL 4'!$A$5:$F$760,4,FALSE) -> 0 | AQ46: =VLOOKUP($A46,'TABLA DINAMICA PARCIAL 4'!$A$5:$F$760,5,FALSE) -> 0 | AR46: =VLOOKUP($A46,'TABLA DINAMICA PARCIAL 4'!$A$5:$F$760,6,FALSE) -> 0 | AS46: =SUM(AN46:AR46) -> 0 | AT46: =VLOOKUP($A46,'USUARIOS Y GRUPO'!$A$2:$D$851,4,FALSE) -> P19-MAT1022-11
A47: 164617 | B47: Ahuactzin Fernández | C47: Antonio Daniel | D47: =VLOOKUP($A47,'TABLA DINAM PARCIAL 1'!$A$5:$I$793,2,FALSE) -> 0 | E47: =VLOOKUP(A47,'TABLA DINAM PARCIAL 1'!A743:I1531,3,FALSE) -> 10 | F47: =VLOOKUP(A47,'TABLA DINAM PARCIAL 1'!A743:I1531,4,FALSE) -> 0 | G47: =VLOOKUP(A47,'TABLA DINAM PARCIAL 1'!A743:I1531,5,FALSE) -> 0 | H47: =VLOOKUP(A47,'TABLA DINAM PARCIAL 1'!A743:I1531,6,FALSE) -> 10 | I47: =VLOOKUP(A47,'TABLA DINAM PARCIAL 1'!A743:I1531,7,FALSE) -> 0 | J47: =VLOOKUP(A47,'TABLA DINAM PARCIAL 1'!A743:I1531,8,FALSE) -> 0 | K47: =VLOOKUP(A47,'TABLA DINAM PARCIAL 1'!A743:I1531,9,FALSE) -> 0 | L47: =SUM(D47:K47) -> 20 | M47: =VLOOKUP($A47,'TABLA DINAMICA PARCIAL 2'!$A$5:$T$772,2,FALSE) -> 0 | N47: =VLOOKUP($A47,'TABLA DINAMICA PARCIAL 2'!$A$5:$T$772,3,FALSE) -> 0 | O47: =VLOOKUP($A47,'TABLA DINAMICA PARCIAL 2'!$A$5:$T$772,4,FALSE) -> 10 | P47: =VLOOKUP($A47,'TABLA DINAMICA PARCIAL 2'!$A$5:$T$772,5,FALSE) -> 0 | Q47: =VLOOKUP($A47,'TABLA DINAMICA PARCIAL 2'!$A$5:$T$772,6,FALSE) -> 0 | R47: =VLOOKUP($A47,'TABLA DINAMICA PARCIAL 2'!$A$5:$T$772,7,FALSE) -> 0 | S47: =VLOOKUP($A47,'TABLA DINAMICA PARCIAL 2'!$A$5:$T$772,8,FALSE) -> 0 | T47: =VLOOKUP($A47,'TABLA DINAMICA PARCIAL 2'!$A$5:$T$772,9,FALSE) -> 0 | U47: =VLOOKUP($A47,'TABLA DINAMICA PARCIAL 2'!$A$5:$T$772,10,FALSE) -> 0 | V47: =VLOOKUP($A47,'TABLA DINAMICA PARCIAL 2'!$A$5:$T$772,11,FALSE) -> 0 | W47: =VLOOKUP($A47,'TABLA DINAMICA PARCIAL 2'!$A$5:$T$772,12,FALSE) -> 0 | X47: =VLOOKUP($A47,'TABLA DINAMICA PARCIAL 2'!$A$5:$T$772,13,FALSE) -> 0 | Y47: =VLOOKUP($A47,'TABLA DINAMICA PARCIAL 2'!$A$5:$T$772,14,FALSE) -> 0 | Z47: =VLOOKUP($A47,'TABLA DINAMICA PARCIAL 2'!$A$5:$T$772,15,FALSE) -> 10 | AA47: =VLOOKUP($A47,'TABLA DINAMICA PARCIAL 2'!$A$5:$T$772,16,FALSE) -> 0 | AB47: =VLOOKUP(I47,'TABLA DINAMICA PARCIAL 2'!I799:AB1570,17,FALSE) -> #N/A | AC47: =VLOOKUP(I47,'TABLA DINAMICA PARCIAL 2'!I799:AB1570,18,FALSE) -> #N/A | AD47: =VLOOKUP(I47,'TABLA DINAMICA PARCIAL 2'!I799:AB1570,19,FALSE) -> #N/A | AE47: =SUM(M47:AD47) -> #N/A | AF47: =VLOOKUP($A47,'TABLA DINAMICA PARCIAL 3'!$A$5:$I$768,2,FALSE) -> 0 | AG47: =VLOOKUP($A47,'TABLA DINAMICA PARCIAL 3'!$A$5:$I$768,3,FALSE) -> 10 | AH47: =VLOOKUP($A47,'TABLA DINAMICA PARCIAL 3'!$A$5:$I$768,4,FALSE) -> 0 | AI47: =VLOOKUP($A47,'TABLA DINAMICA PARCIAL 3'!$A$5:$I$768,5,FALSE) -> 10 | AJ47: =VLOOKUP($A47,'TABLA DINAMICA PARCIAL 3'!$A$5:$I$768,6,FALSE) -> 0 | AK47: =VLOOKUP($A47,'TABLA DINAMICA PARCIAL 3'!$A$5:$I$768,7,FALSE) -> 10 | AL47: =VLOOKUP($A47,'TABLA DINAMICA PARCIAL 3'!$A$5:$I$768,8,FALSE) -> 0 | AM47: =SUM(AF47:AL47) -> 30 | AN47: =VLOOKUP($A47,'TABLA DINAMICA PARCIAL 4'!$A$5:$F$760,2,FALSE) -> 0 | AO47: =VLOOKUP($A47,'TABLA DINAMICA PARCIAL 4'!$A$5:$F$760,3,FALSE) -> 0 | AP47: =VLOOKUP($A47,'TABLA DINAMICA PARCIAL 4'!$A$5:$F$760,4,FALSE) -> 0 | AQ47: =VLOOKUP($A47,'TABLA DINAMICA PARCIAL 4'!$A$5:$F$760,5,FALSE) -> 0 | AR47: =VLOOKUP($A47,'TABLA DINAMICA PARCIAL 4'!$A$5:$F$760,6,FALSE) -> 0 | AS47: =SUM(AN47:AR47) -> 0 | AT47: =VLOOKUP($A47,'USUARIOS Y GRUPO'!$A$2:$D$851,4,FALSE) -> P19-MAT1022-11
A48: 164802 | B48: Vasquez Garcia | C48: Abisai Elihu | D48: =VLOOKUP($A48,'TABLA DINAM PARCIAL 1'!$A$5:$I$793,2,FALSE) -> 0 | E48: =VLOOKUP(A48,'TABLA DINAM PARCIAL 1'!A760:I1548,3,FALSE) -> 0 | F48: =VLOOKUP(A48,'TABLA DINAM PARCIAL 1'!A760:I1548,4,FALSE) -> 10 | G48: =VLOOKUP(A48,'TABLA DINAM PARCIAL 1'!A760:I1548,5,FALSE) -> 0 | H48: =VLOOKUP(A48,'TABLA DINAM PARCIAL 1'!A760:I1548,6,FALSE) -> 0 | I48: =VLOOKUP(A48,'TABLA DINAM PARCIAL 1'!A760:I1548,7,FALSE) -> 0 | J48: =VLOOKUP(A48,'TABLA DINAM PARCIAL 1'!A760:I1548,8,FALSE) -> 10 | K48: =VLOOKUP(A48,'TABLA DINAM PARCIAL 1'!A760:I1548,9,FALSE) -> 0 | L48: =SUM(D48:K48) -> 20 | M48: =VLOOKUP($A48,'TABLA DINAMICA PARCIAL 2'!$A$5:$T$772,2,FALSE) -> 0 | N48: =VLOOKUP($A48,'TABLA DINAMICA PARCIAL 2'!$A$5:$T$772,3,FALSE) -> 0 | O48: =VLOOKUP($A48,'TABLA DINAMICA PARCIAL 2'!$A$5:$T$772,4,FALSE) -> 0 | P48: =VLOOKUP($A48,'TABLA DINAMICA PARCIAL 2'!$A$5:$T$772,5,FALSE) -> 0 | Q48: =VLOOKUP($A48,'TABLA DINAMICA PARCIAL 2'!$A$5:$T$772,6,FALSE) -> 0 | R48: =VLOOKUP($A48,'TABLA DINAMICA PARCIAL 2'!$A$5:$T$772,7,FALSE) -> 0 | S48: =VLOOKUP($A48,'TABLA DINAMICA PARCIAL 2'!$A$5:$T$772,8,FALSE) -> 0 | T48: =VLOOKUP($A48,'TABLA DINAMICA PARCIAL 2'!$A$5:$T$772,9,FALSE) -> 10 | U48: =VLOOKUP($A48,'TABLA DINAMICA PARCIAL 2'!$A$5:$T$772,10,FALSE) -> 0 | V48: =VLOOKUP($A48,'TABLA DINAMICA PARCIAL 2'!$A$5:$T$772,11,FALSE) -> 0 | W48: =VLOOKUP($A48,'TABLA DINAMICA PARCIAL 2'!$A$5:$T$772,12,FALSE) -> 0 | X48: =VLOOKUP($A48,'TABLA DINAMICA PARCIAL 2'!$A$5:$T$772,13,FALSE) -> 0 | Y48: =VLOOKUP($A48,'TABLA DINAMICA PARCIAL 2'!$A$5:$T$772,14,FALSE) -> 0 | Z48: =VLOOKUP($A48,'TABLA DINAMICA PARCIAL 2'!$A$5:$T$772,15,FALSE) -> 0 | AA48: =VLOOKUP($A48,'TABLA DINAMICA PARCIAL 2'!$A$5:$T$772,16,FALSE) -> 0 | AB48: =VLOOKUP(I48,'TABLA DINAMICA PARCIAL 2'!I821:AB1592,17,FALSE) -> #N/A | AC48: =VLOOKUP(I48,'TABLA DINAMICA PARCIAL 2'!I821:AB1592,18,FALSE) -> #N/A | AD48: =VLOOKUP(I48,'TABLA DINAMICA PARCIAL 2'!I821:AB1592,19,FALSE) -> #N/A | AE48: =SUM(M48:AD48) -> #N/A | AF48: =VLOOKUP($A48,'TABLA DINAMICA PARCIAL 3'!$A$5:$I$768,2,FALSE) -> 0 | AG48: =VLOOKUP($A48,'TABLA DINAMICA PARCIAL 3'!$A$5:$I$768,3,FALSE) -> 0 | AH48: =VLOOKUP($A48,'TABLA DINAMICA PARCIAL 3'!$A$5:$I$768,4,FALSE) -> 10 | AI48: =VLOOKUP($A48,'TABLA DINAMICA PARCIAL 3'!$A$5:$I$768,5,FALSE) -> 0 | AJ48: =VLOOKUP($A48,'TABLA DINAMICA PARCIAL 3'!$A$5:$I$768,6,FALSE) -> 10 | AK48: =VLOOKUP($A48,'TABLA DINAMICA PARCIAL 3'!$A$5:$I$768,7,FALSE) -> 0 | AL48: =VLOOKUP($A48,'TABLA DINAMICA PARCIAL 3'!$A$5:$I$768,8,FALSE) -> 10 | AM48: =SUM(AF48:AL48) -> 30 | AN48: =VLOOKUP($A48,'TABLA DINAMICA PARCIAL 4'!$A$5:$F$760,2,FALSE) -> 0 | AO48: =VLOOKUP($A48,'TABLA DINAMICA PARCIAL 4'!$A$5:$F$760,3,FALSE) -> 10 | AP48: =VLOOKUP($A48,'TABLA DINAMICA PARCIAL 4'!$A$5:$F$760,4,FALSE) -> 0 | AQ48: =VLOOKUP($A48,'TABLA DINAMICA PARCIAL 4'!$A$5:$F$760,5,FALSE) -> 0 | AR48: =VLOOKUP($A48,'TABLA DINAMICA PARCIAL 4'!$A$5:$F$760,6,FALSE) -> 10 | AS48: =SUM(AN48:AR48) -> 20 | AT48: =VLOOKUP($A48,'USUARIOS Y GRUPO'!$A$2:$D$851,4,FALSE) -> P19-MAT1022-11
A49: 162951 | B49: Romero López | C49: María Fernanda | D49: =VLOOKUP($A49,'TABLA DINAM PARCIAL 1'!$A$5:$I$793,2,FALSE) -> 10 | E49: =VLOOKUP(A49,'TABLA DINAM PARCIAL 1'!A331:I1119,3,FALSE) -> 10 | F49: =VLOOKUP(A49,'TABLA DINAM PARCIAL 1'!A331:I1119,4,FALSE) -> 0 | G49: =VLOOKUP(A49,'TABLA DINAM PARCIAL 1'!A331:I1119,5,FALSE) -> 0 | H49: =VLOOKUP(A49,'TABLA DINAM PARCIAL 1'!A331:I1119,6,FALSE) -> 10 | I49: =VLOOKUP(A49,'TABLA DINAM PARCIAL 1'!A331:I1119,7,FALSE) -> 0 | J49: =VLOOKUP(A49,'TABLA DINAM PARCIAL 1'!A331:I1119,8,FALSE) -> 0 | K49: =VLOOKUP(A49,'TABLA DINAM PARCIAL 1'!A331:I1119,9,FALSE) -> 0 | L49: =SUM(D49:K49) -> 30 | M49: =VLOOKUP($A49,'TABLA DINAMICA PARCIAL 2'!$A$5:$T$772,2,FALSE) -> 0 | N49: =VLOOKUP($A49,'TABLA DINAMICA PARCIAL 2'!$A$5:$T$772,3,FALSE) -> 0 | O49: =VLOOKUP($A49,'TABLA DINAMICA PARCIAL 2'!$A$5:$T$772,4,FALSE) -> 0 | P49: =VLOOKUP($A49,'TABLA DINAMICA PARCIAL 2'!$A$5:$T$772,5,FALSE) -> 0 | Q49: =VLOOKUP($A49,'TABLA DINAMICA PARCIAL 2'!$A$5:$T$772,6,FALSE) -> 0 | R49: =VLOOKUP($A49,'TABLA DINAMICA PARCIAL 2'!$A$5:$T$772,7,FALSE) -> 0 | S49: =VLOOKUP($A49,'TABLA DINAMICA PARCIAL 2'!$A$5:$T$772,8,FALSE) -> 0 | T49: =VLOOKUP($A49,'TABLA DINAMICA PARCIAL 2'!$A$5:$T$772,9,FALSE) -> 0 | U49: =VLOOKUP($A49,'TABLA DINAMICA PARCIAL 2'!$A$5:$T$772,10,FALSE) -> 10 | V49: =VLOOKUP($A49,'TABLA DINAMICA PARCIAL 2'!$A$5:$T$772,11,FALSE) -> 0 | W49: =VLOOKUP($A49,'TABLA DINAMICA PARCIAL 2'!$A$5:$T$772,12,FALSE) -> 0 | X49: =VLOOKUP($A49,'TABLA DINAMICA PARCIAL 2'!$A$5:$T$772,13,FALSE) -> 0 | Y49: =VLOOKUP($A49,'TABLA DINAMICA PARCIAL 2'!$A$5:$T$772,14,FALSE) -> 0 | Z49: =VLOOKUP($A49,'TABLA DINAMICA PARCIAL 2'!$A$5:$T$772,15,FALSE) -> 0 | AA49: =VLOOKUP($A49,'TABLA DINAMICA PARCIAL 2'!$A$5:$T$772,16,FALSE) -> 0 | AB49: =VLOOKUP(I49,'TABLA DINAMICA PARCIAL 2'!I367:AB1138,17,FALSE) -> 0 | AC49: =VLOOKUP(I49,'TABLA DINAMICA PARCIAL 2'!I367:AB1138,18,FALSE) -> 0 | AD49: =VLOOKUP(I49,'TABLA DINAMICA PARCIAL 2'!I367:AB1138,19,FALSE) -> 0 | AE49: =SUM(M49:AD49) -> 10 | AF49: =VLOOKUP($A49,'TABLA DINAMICA PARCIAL 3'!$A$5:$I$768,2,FALSE) -> 0 | AG49: =VLOOKUP($A49,'TABLA DINAMICA PARCIAL 3'!$A$5:$I$768,3,FALSE) -> 10 | AH49: =VLOOKUP($A49,'TABLA DINAMICA PARCIAL 3'!$A$5:$I$768,4,FALSE) -> 10 | AI49: =VLOOKUP($A49,'TABLA DINAMICA PARCIAL 3'!$A$5:$I$768,5,FALSE) -> 0 | AJ49: =VLOOKUP($A49,'TABLA DINAMICA PARCIAL 3'!$A$5:$I$768,6,FALSE) -> 0 | AK49: =VLOOKUP($A49,'TABLA DINAMICA PARCIAL 3'!$A$5:$I$768,7,FALSE) -> 0 | AL49: =VLOOKUP($A49,'TABLA DINAMICA PARCIAL 3'!$A$5:$I$768,8,FALSE) -> 0 | AM49: =SUM(AF49:AL49) -> 20 | AN49: =VLOOKUP($A49,'TABLA DINAMICA PARCIAL 4'!$A$5:$F$760,2,FALSE) -> 0 | AO49: =VLOOKUP($A49,'TABLA DINAMICA PARCIAL 4'!$A$5:$F$760,3,FALSE) -> 0 | AP49: =VLOOKUP($A49,'TABLA DINAMICA PARCIAL 4'!$A$5:$F$760,4,FALSE) -> 0 | AQ49: =VLOOKUP($A49,'TABLA DINAMICA PARCIAL 4'!$A$5:$F$760,5,FALSE) -> 0 | AR49: =VLOOKUP($A49,'TABLA DINAMICA PARCIAL 4'!$A$5:$F$760,6,FALSE) -> 10 | AS49: =SUM(AN49:AR49) -> 10 | AT49: =VLOOKUP($A49,'USUARIOS Y GRUPO'!$A$2:$D$851,4,FALSE) -> P19-MAT1022-11
A50: 162998 | B50: Carrasco Cruz | C50: Jonathan Daniel | D50: =VLOOKUP($A50,'TABLA DINAM PARCIAL 1'!$A$5:$I$793,2,FALSE) -> 10 | E50: =VLOOKUP(A50,'TABLA DINAM PARCIAL 1'!A345:I1133,3,FALSE) -> 0 | F50: =VLOOKUP(A50,'TABLA DINAM PARCIAL 1'!A345:I1133,4,FALSE) -> 10 | G50: =VLOOKUP(A50,'TABLA DINAM PARCIAL 1'!A345:I1133,5,FALSE) -> 0 | H50: =VLOOKUP(A50,'TABLA DINAM PARCIAL 1'!A345:I1133,6,FALSE) -> 10 | I50: =VLOOKUP(A50,'TABLA DINAM PARCIAL 1'!A345:I1133,7,FALSE) -> 0 | J50: =VLOOKUP(A50,'TABLA DINAM PARCIAL 1'!A345:I1133,8,FALSE) -> 0 | K50: =VLOOKUP(A50,'TABLA DINAM PARCIAL 1'!A345:I1133,9,FALSE) -> 0 | L50: =SUM(D50:K50) -> 30 | M50: =VLOOKUP($A50,'TABLA DINAMICA PARCIAL 2'!$A$5:$T$772,2,FALSE) -> 0 | N50: =VLOOKUP($A50,'TABLA DINAMICA PARCIAL 2'!$A$5:$T$772,3,FALSE) -> 0 | O50: =VLOOKUP($A50,'TABLA DINAMICA PARCIAL 2'!$A$5:$T$772,4,FALSE) -> 0 | P50: =VLOOKUP($A50,'TABLA DINAMICA PARCIAL 2'!$A$5:$T$772,5,FALSE) -> 0 | Q50: =VLOOKUP($A50,'TABLA DINAMICA PARCIAL 2'!$A$5:$T$772,6,FALSE) -> 0 | R50: =VLOOKUP($A50,'TABLA DINAMICA PARCIAL 2'!$A$5:$T$772,7,FALSE) -> 0 | S50: =VLOOKUP($A50,'TABLA DINAMICA PARCIAL 2'!$A$5:$T$772,8,FALSE) -> 0 | T50: =VLOOKUP($A50,'TABLA DINAMICA PARCIAL 2'!$A$5:$T$772,9,FALSE) -> 10 | U50: =VLOOKUP($A50,'TABLA DINAMICA PARCIAL 2'!$A$5:$T$772,10,FALSE) -> 0 | V50: =VLOOKUP($A50,'TABLA DINAMICA PARCIAL 2'!$A$5:$T$772,11,FALSE) -> 0 | W50: =VLOOKUP($A50,'TABLA DINAMICA PARCIAL 2'!$A$5:$T$772,12,FALSE) -> 0 | X50: =VLOOKUP($A50,'TABLA DINAMICA PARCIAL 2'!$A$5:$T$772,13,FALSE) -> 0 | Y50: =VLOOKUP($A50,'TABLA DINAMICA PARCIAL 2'!$A$5:$T$772,14,FALSE) -> 0 | Z50: =VLOOKUP($A50,'TABLA DINAMICA PARCIAL 2'!$A$5:$T$772,15,FALSE) -> 0 | AA50: =VLOOKUP($A50,'TABLA DINAMICA PARCIAL 2'!$A$5:$T$772,16,FALSE) -> 0 | AB50: =VLOOKUP(I50,'TABLA DINAMICA PARCIAL 2'!I382:AB1153,17,FALSE) -> 0 | AC50: =VLOOKUP(I50,'TABLA DINAMICA PARCIAL 2'!I382:AB1153,18,FALSE) -> 0 | AD50: =VLOOKUP(I50,'TABLA DINAMICA PARCIAL 2'!I382:AB1153,19,FALSE) -> 0 | AE50: =SUM(M50:AD50) -> 10 | AF50: =VLOOKUP($A50,'TABLA DINAMICA PARCIAL 3'!$A$5:$I$768,2,FALSE) -> 10 | AG50: =VLOOKUP($A50,'TABLA DINAMICA PARCIAL 3'!$A$5:$I$768,3,FALSE) -> 0 | AH50: =VLOOKUP($A50,'TABLA DINAMICA PARCIAL 3'!$A$5:$I$768,4,FALSE) -> 10 | AI50: =VLOOKUP($A50,'TABLA DINAMICA PARCIAL 3'!$A$5:$I$768,5,FALSE) -> 0 | AJ50: =VLOOKUP($A50,'TABLA DINAMICA PARCIAL 3'!$A$5:$I$768,6,FALSE) -> 0 | AK50: =VLOOKUP($A50,'TABLA DINAMICA PARCIAL 3'!$A$5:$I$768,7,FALSE) -> 0 | AL50: =VLOOKUP($A50,'TABLA DINAMICA PARCIAL 3'!$A$5:$I$768,8,FALSE) -> 0 | AM50: =SUM(AF50:AL50) -> 20 | AN50: =VLOOKUP($A50,'TABLA DINAMICA PARCIAL 4'!$A$5:$F$760,2,FALSE) -> 0 | AO50: =VLOOKUP($A50,'TABLA DINAMICA PARCIAL 4'!$A$5:$F$760,3,FALSE) -> 0 | AP50: =VLOOKUP($A50,'TABLA DINAMICA PARCIAL 4'!$A$5:$F$760,4,FALSE) -> 0 | AQ50: =VLOOKUP($A50,'TABLA DINAMICA PARCIAL 4'!$A$5:$F$760,5,FALSE) -> 0 | AR50: =VLOOKUP($A50,'TABLA DINAMICA PARCIAL 4'!$A$5:$F$760,6,FALSE) -> 0 | AS50: =SUM(AN50:AR50) -> 0 | AT50: =VLOOKUP($A50,'USUARIOS Y GRUPO'!$A$2:$D$851,4,FALSE) -> P19-MAT1022-11
A51: 163438 | B51: Morales Téllez | C51: Katia Elyded | D51: =VLOOKUP($A51,'TABLA DINAM PARCIAL 1'!$A$5:$I$793,2,FALSE) -> 10 | E51: =VLOOKUP(A51,'TABLA DINAM PARCIAL 1'!A473:I1261,3,FALSE) -> 0 | F51: =VLOOKUP(A51,'TABLA DINAM PARCIAL 1'!A473:I1261,4,FALSE) -> 0 | G51: =VLOOKUP(A51,'TABLA DINAM PARCIAL 1'!A473:I1261,5,FALSE) -> 10 | H51: =VLOOKUP(A51,'TABLA DINAM PARCIAL 1'!A473:I1261,6,FALSE) -> 10 | I51: =VLOOKUP(A51,'TABLA DINAM PARCIAL 1'!A473:I1261,7,FALSE) -> 0 | J51: =VLOOKUP(A51,'TABLA DINAM PARCIAL 1'!A473:I1261,8,FALSE) -> 0 | K51: =VLOOKUP(A51,'TABLA DINAM PARCIAL 1'!A473:I1261,9,FALSE) -> 0 | L51: =SUM(D51:K51) -> 30 | M51: =VLOOKUP($A51,'TABLA DINAMICA PARCIAL 2'!$A$5:$T$772,2,FALSE) -> 0 | N51: =VLOOKUP($A51,'TABLA DINAMICA PARCIAL 2'!$A$5:$T$772,3,FALSE) -> 0 | O51: =VLOOKUP($A51,'TABLA DINAMICA PARCIAL 2'!$A$5:$T$772,4,FALSE) -> 0 | P51: =VLOOKUP($A51,'TABLA DINAMICA PARCIAL 2'!$A$5:$T$772,5,FALSE) -> 0 | Q51: =VLOOKUP($A51,'TABLA DINAMICA PARCIAL 2'!$A$5:$T$772,6,FALSE) -> 0 | R51: =VLOOKUP($A51,'TABLA DINAMICA PARCIAL 2'!$A$5:$T$772,7,FALSE) -> 0 | S51: =VLOOKUP($A51,'TABLA DINAMICA PARCIAL 2'!$A$5:$T$772,8,FALSE) -> 0 | T51: =VLOOKUP($A51,'TABLA DINAMICA PARCIAL 2'!$A$5:$T$772,9,FALSE) -> 10 | U51: =VLOOKUP($A51,'TABLA DINAMICA PARCIAL 2'!$A$5:$T$772,10,FALSE) -> 0 | V51: =VLOOKUP($A51,'TABLA DINAMICA PARCIAL 2'!$A$5:$T$772,11,FALSE) -> 0 | W51: =VLOOKUP($A51,'TABLA DINAMICA PARCIAL 2'!$A$5:$T$772,12,FALSE) -> 0 | X51: =VLOOKUP($A51,'TABLA DINAMICA PARCIAL 2'!$A$5:$T$772,13,FALSE) -> 10 | Y51: =VLOOKUP($A51,'TABLA DINAMICA PARCIAL 2'!$A$5:$T$772,14,FALSE) -> 0 | Z51: =VLOOKUP($A51,'TABLA DINAMICA PARCIAL 2'!$A$5:$T$772,15,FALSE) -> 0 | AA51: =VLOOKUP($A51,'TABLA DINAMICA PARCIAL 2'!$A$5:$T$772,16,FALSE) -> 0 | AB51: =VLOOKUP(I51,'TABLA DINAMICA PARCIAL 2'!I513:AB1284,17,FALSE) -> 0 | AC51: =VLOOKUP(I51,'TABLA DINAMICA PARCIAL 2'!I513:AB1284,18,FALSE) -> 0 | AD51: =VLOOKUP(I51,'TABLA DINAMICA PARCIAL 2'!I513:AB1284,19,FALSE) -> 0 | AE51: =SUM(M51:AD51) -> 20 | AF51: =VLOOKUP($A51,'TABLA DINAMICA PARCIAL 3'!$A$5:$I$768,2,FALSE) -> 10 | AG51: =VLOOKUP($A51,'TABLA DINAMICA PARCIAL 3'!$A$5:$I$768,3,FALSE) -> 0 | AH51: =VLOOKUP($A51,'TABLA DINAMICA PARCIAL 3'!$A$5:$I$768,4,FALSE) -> 0 | AI51: =VLOOKUP($A51,'TABLA DINAMICA PARCIAL 3'!$A$5:$I$768,5,FALSE) -> 0 | AJ51: =VLOOKUP($A51,'TABLA DINAMICA PARCIAL 3'!$A$5:$I$768,6,FALSE) -> 10 | AK51: =VLOOKUP($A51,'TABLA DINAMICA PARCIAL 3'!$A$5:$I$768,7,FALSE) -> 10 | AL51: =VLOOKUP($A51,'TABLA DINAMICA PARCIAL 3'!$A$5:$I$768,8,FALSE) -> 0 | AM51: =SUM(AF51:AL51) -> 30 | AN51: =VLOOKUP($A51,'TABLA DINAMICA PARCIAL 4'!$A$5:$F$760,2,FALSE) -> 0 | AO51: =VLOOKUP($A51,'TABLA DINAMICA PARCIAL 4'!$A$5:$F$760,3,FALSE) -> 10 | AP51: =VLOOKUP($A51,'TABLA DINAMICA PARCIAL 4'!$A$5:$F$760,4,FALSE) -> 0 | AQ51: =VLOOKUP($A51,'TABLA DINAMICA PARCIAL 4'!$A$5:$F$760,5,FALSE) -> 10 | AR51: =VLOOKUP($A51,'TABLA DINAMICA PARCIAL 4'!$A$5:$F$760,6,FALSE) -> 0 | AS51: =SUM(AN51:AR51) -> 20 | AT51: =VLOOKUP($A51,'USUARIOS Y GRUPO'!$A$2:$D$851,4,FALSE) -> P19-MAT1022-11
A52: 163449 | B52: Portilla Landa | C52: José Mariano | D52: =VLOOKUP($A52,'TABLA DINAM PARCIAL 1'!$A$5:$I$793,2,FALSE) -> 0 | E52: =VLOOKUP(A52,'TABLA DINAM PARCIAL 1'!A475:I1263,3,FALSE) -> 0 | F52: =VLOOKUP(A52,'TABLA DINAM PARCIAL 1'!A475:I1263,4,FALSE) -> 10 | G52: =VLOOKUP(A52,'TABLA DINAM PARCIAL 1'!A475:I1263,5,FALSE) -> 0 | H52: =VLOOKUP(A52,'TABLA DINAM PARCIAL 1'!A475:I1263,6,FALSE) -> 10 | I52: =VLOOKUP(A52,'TABLA DINAM PARCIAL 1'!A475:I1263,7,FALSE) -> 0 | J52: =VLOOKUP(A52,'TABLA DINAM PARCIAL 1'!A475:I1263,8,FALSE) -> 0 | K52: =VLOOKUP(A52,'TABLA DINAM PARCIAL 1'!A475:I1263,9,FALSE) -> 10 | L52: =SUM(D52:K52) -> 30 | M52: =VLOOKUP($A52,'TABLA DINAMICA PARCIAL 2'!$A$5:$T$772,2,FALSE) -> 0 | N52: =VLOOKUP($A52,'TABLA DINAMICA PARCIAL 2'!$A$5:$T$772,3,FALSE) -> 0 | O52: =VLOOKUP($A52,'TABLA DINAMICA PARCIAL 2'!$A$5:$T$772,4,FALSE) -> 0 | P52: =VLOOKUP($A52,'TABLA DINAMICA PARCIAL 2'!$A$5:$T$772,5,FALSE) -> 0 | Q52: =VLOOKUP($A52,'TABLA DINAMICA PARCIAL 2'!$A$5:$T$772,6,FALSE) -> 0 | R52: =VLOOKUP($A52,'TABLA DINAMICA PARCIAL 2'!$A$5:$T$772,7,FALSE) -> 0 | S52: =VLOOKUP($A52,'TABLA DINAMICA PARCIAL 2'!$A$5:$T$772,8,FALSE) -> 0 | T52: =VLOOKUP($A52,'TABLA DINAMICA PARCIAL 2'!$A$5:$T$772,9,FALSE) -> 0 | U52: =VLOOKUP($A52,'TABLA DINAMICA PARCIAL 2'!$A$5:$T$772,10,FALSE) -> 0 | V52: =VLOOKUP($A52,'TABLA DINAMICA PARCIAL 2'!$A$5:$T$772,11,FALSE) -> 10 | W52: =VLOOKUP($A52,'TABLA DINAMICA PARCIAL 2'!$A$5:$T$772,12,FALSE) -> 10 | X52: =VLOOKUP($A52,'TABLA DINAMICA PARCIAL 2'!$A$5:$T$772,13,FALSE) -> 0 | Y52: =VLOOKUP($A52,'TABLA DINAMICA PARCIAL 2'!$A$5:$T$772,14,FALSE) -> 0 | Z52: =VLOOKUP($A52,'TABLA DINAMICA PARCIAL 2'!$A$5:$T$772,15,FALSE) -> 0 | AA52: =VLOOKUP($A52,'TABLA DINAMICA PARCIAL 2'!$A$5:$T$772,16,FALSE) -> 0 | AB52: =VLOOKUP(I52,'TABLA DINAMICA PARCIAL 2'!I515:AB1286,17,FALSE) -> 0 | AC52: =VLOOKUP(I52,'TABLA DINAMICA PARCIAL 2'!I515:AB1286,18,FALSE) -> 0 | AD52: =VLOOKUP(I52,'TABLA DINAMICA PARCIAL 2'!I515:AB1286,19,FALSE) -> 0 | AE52: =SUM(M52:AD52) -> 20 | AF52: =VLOOKUP($A52,'TABLA DINAMICA PARCIAL 3'!$A$5:$I$768,2,FALSE) -> 10 | AG52: =VLOOKUP($A52,'TABLA DINAMICA PARCIAL 3'!$A$5:$I$768,3,FALSE) -> 0 | AH52: =VLOOKUP($A52,'TABLA DINAMICA PARCIAL 3'!$A$5:$I$768,4,FALSE) -> 10 | AI52: =VLOOKUP($A52,'TABLA DINAMICA PARCIAL 3'!$A$5:$I$768,5,FALSE) -> 0 | AJ52: =VLOOKUP($A52,'TABLA DINAMICA PARCIAL 3'!$A$5:$I$768,6,FALSE) -> 10 | AK52: =VLOOKUP($A52,'TABLA DINAMICA PARCIAL 3'!$A$5:$I$768,7,FALSE) -> 0 | AL52: =VLOOKUP($A52,'TABLA DINAMICA PARCIAL 3'!$A$5:$I$768,8,FALSE) -> 10 | AM52: =SUM(AF52:AL52) -> 40 | AN52: =VLOOKUP($A52,'TABLA DINAMICA PARCIAL 4'!$A$5:$F$760,2,FALSE) -> 0 | AO52: =VLOOKUP($A52,'TABLA DINAMICA PARCIAL 4'!$A$5:$F$760,3,FALSE) -> 0 | AP52: =VLOOKUP($A52,'TABLA DINAMICA PARCIAL 4'!$A$5:$F$760,4,FALSE) -> 0 | AQ52: =VLOOKUP($A52,'TABLA DINAMICA PARCIAL 4'!$A$5:$F$760,5,FALSE) -> 0 | AR52: =VLOOKUP($A52,'TABLA DINAMICA PARCIAL 4'!$A$5:$F$760,6,FALSE) -> 0 | AS52: =SUM(AN52:AR52) -> 0 | AT52: =VLOOKUP($A52,'USUARIOS Y GRUPO'!$A$2:$D$851,4,FALSE) -> P19-MAT1022-11
A53: 163709 | B53: Silva Andrade | C53: Jorge | D53: =VLOOKUP($A53,'TABLA DINAM PARCIAL 1'!$A$5:$I$793,2,FALSE) -> 0 | E53: =VLOOKUP(A53,'TABLA DINAM PARCIAL 1'!A532:I1320,3,FALSE) -> 0 | F53: =VLOOKUP(A53,'TABLA DINAM PARCIAL 1'!A532:I1320,4,FALSE) -> 10 | G53: =VLOOKUP(A53,'TABLA DINAM PARCIAL 1'!A532:I1320,5,FALSE) -> 0 | H53: =VLOOKUP(A53,'TABLA DINAM PARCIAL 1'!A532:I1320,6,FALSE) -> 0 | I53: =VLOOKUP(A53,'TABLA DINAM PARCIAL 1'!A532:I1320,7,FALSE) -> 10 | J53: =VLOOKUP(A53,'TABLA DINAM PARCIAL 1'!A532:I1320,8,FALSE) -> 10 | K53: =VLOOKUP(A53,'TABLA DINAM PARCIAL 1'!A532:I1320,9,FALSE) -> 0 | L53: =SUM(D53:K53) -> 30 | M53: =VLOOKUP($A53,'TABLA DINAMICA PARCIAL 2'!$A$5:$T$772,2,FALSE) -> 0 | N53: =VLOOKUP($A53,'TABLA DINAMICA PARCIAL 2'!$A$5:$T$772,3,FALSE) -> 0 | O53: =VLOOKUP($A53,'TABLA DINAMICA PARCIAL 2'!$A$5:$T$772,4,FALSE) -> 0 | P53: =VLOOKUP($A53,'TABLA DINAMICA PARCIAL 2'!$A$5:$T$772,5,FALSE) -> 0 | Q53: =VLOOKUP($A53,'TABLA DINAMICA PARCIAL 2'!$A$5:$T$772,6,FALSE) -> 0 | R53: =VLOOKUP($A53,'TABLA DINAMICA PARCIAL 2'!$A$5:$T$772,7,FALSE) -> 0 | S53: =VLOOKUP($A53,'TABLA DINAMICA PARCIAL 2'!$A$5:$T$772,8,FALSE) -> 0 | T53: =VLOOKUP($A53,'TABLA DINAMICA PARCIAL 2'!$A$5:$T$772,9,FALSE) -> 0 | U53: =VLOOKUP($A53,'TABLA DINAMICA PARCIAL 2'!$A$5:$T$772,10,FALSE) -> 0 | V53: =VLOOKUP($A53,'TABLA DINAMICA PARCIAL 2'!$A$5:$T$772,11,FALSE) -> 10 | W53: =VLOOKUP($A53,'TABLA DINAMICA PARCIAL 2'!$A$5:$T$772,12,FALSE) -> 0 | X53: =VLOOKUP($A53,'TABLA DINAMICA PARCIAL 2'!$A$5:$T$772,13,FALSE) -> 0 | Y53: =VLOOKUP($A53,'TABLA DINAMICA PARCIAL 2'!$A$5:$T$772,14,FALSE) -> 0 | Z53: =VLOOKUP($A53,'TABLA DINAMICA PARCIAL 2'!$A$5:$T$772,15,FALSE) -> 0 | AA53: =VLOOKUP($A53,'TABLA DINAMICA PARCIAL 2'!$A$5:$T$772,16,FALSE) -> 0 | AB53: =VLOOKUP(I53,'TABLA DINAMICA PARCIAL 2'!I578:AB1349,17,FALSE) -> 0 | AC53: =VLOOKUP(I53,'TABLA DINAMICA PARCIAL 2'!I578:AB1349,18,FALSE) -> 0 | AD53: =VLOOKUP(I53,'TABLA DINAMICA PARCIAL 2'!I578:AB1349,19,FALSE) -> 0 | AE53: =SUM(M53:AD53) -> 10 | AF53: =VLOOKUP($A53,'TABLA DINAMICA PARCIAL 3'!$A$5:$I$768,2,FALSE) -> 10 | AG53: =VLOOKUP($A53,'TABLA DINAMICA PARCIAL 3'!$A$5:$I$768,3,FALSE) -> 0 | AH53: =VLOOKUP($A53,'TABLA DINAMICA PARCIAL 3'!$A$5:$I$768,4,FALSE) -> 10 | AI53: =VLOOKUP($A53,'TABLA DINAMICA PARCIAL 3'!$A$5:$I$768,5,FALSE) -> 0 | AJ53: =VLOOKUP($A53,'TABLA DINAMICA PARCIAL 3'!$A$5:$I$768,6,FALSE) -> 10 | AK53: =VLOOKUP($A53,'TABLA DINAMICA PARCIAL 3'!$A$5:$I$768,7,FALSE) -> 0 | AL53: =VLOOKUP($A53,'TABLA DINAMICA PARCIAL 3'!$A$5:$I$768,8,FALSE) -> 10 | AM53: =SUM(AF53:AL53) -> 40 | AN53: =VLOOKUP($A53,'TABLA DINAMICA PARCIAL 4'!$A$5:$F$760,2,FALSE) -> 10 | AO53: =VLOOKUP($A53,'TABLA DINAMICA PARCIAL 4'!$A$5:$F$760,3,FALSE) -> 10 | AP53: =VLOOKUP($A53,'TABLA DINAMICA PARCIAL 4'!$A$5:$F$760,4,FALSE) -> 0 | AQ53: =VLOOKUP($A53,'TABLA DINAMICA PARCIAL 4'!$A$5:$F$760,5,FALSE) -> 10 | AR53: =VLOOKUP($A53,'TABLA DINAMICA PARCIAL 4'!$A$5:$F$760,6,FALSE) -> 0 | AS53: =SUM(AN53:AR53) -> 30 | AT53: =VLOOKUP($A53,'USUARIOS Y GRUPO'!$A$2:$D$851,4,FALSE) -> P19-MAT1022-11
A54: 163910 | B54: Quechol Aca | C54: Pedro Benjamín | D54: =VLOOKUP($A54,'TABLA DINAM PARCIAL 1'!$A$5:$I$793,2,FALSE) -> 10 | E54: =VLOOKUP(A54,'TABLA DINAM PARCIAL 1'!A572:I1360,3,FALSE) -> 0 | F54: =VLOOKUP(A54,'TABLA DINAM PARCIAL 1'!A572:I1360,4,FALSE) -> 10 | G54: =VLOOKUP(A54,'TABLA DINAM PARCIAL 1'!A572:I1360,5,FALSE) -> 0 | H54: =VLOOKUP(A54,'TABLA DINAM PARCIAL 1'!A572:I1360,6,FALSE) -> 0 | I54: =VLOOKUP(A54,'TABLA DINAM PARCIAL 1'!A572:I1360,7,FALSE) -> 0 | J54: =VLOOKUP(A54,'TABLA DINAM PARCIAL 1'!A572:I1360,8,FALSE) -> 10 | K54: =VLOOKUP(A54,'TABLA DINAM PARCIAL 1'!A572:I1360,9,FALSE) -> 0 | L54: =SUM(D54:K54) -> 30 | M54: =VLOOKUP($A54,'TABLA DINAMICA PARCIAL 2'!$A$5:$T$772,2,FALSE) -> 0 | N54: =VLOOKUP($A54,'TABLA DINAMICA PARCIAL 2'!$A$5:$T$772,3,FALSE) -> 0 | O54: =VLOOKUP($A54,'TABLA DINAMICA PARCIAL 2'!$A$5:$T$772,4,FALSE) -> 0 | P54: =VLOOKUP($A54,'TABLA DINAMICA PARCIAL 2'!$A$5:$T$772,5,FALSE) -> 0 | Q54: =VLOOKUP($A54,'TABLA DINAMICA PARCIAL 2'!$A$5:$T$772,6,FALSE) -> 0 | R54: =VLOOKUP($A54,'TABLA DINAMICA PARCIAL 2'!$A$5:$T$772,7,FALSE) -> 0 | S54: =VLOOKUP($A54,'TABLA DINAMICA PARCIAL 2'!$A$5:$T$772,8,FALSE) -> 0 | T54: =VLOOKUP($A54,'TABLA DINAMICA PARCIAL 2'!$A$5:$T$772,9,FALSE) -> 10 | U54: =VLOOKUP($A54,'TABLA DINAMICA PARCIAL 2'!$A$5:$T$772,10,FALSE) -> 0 | V54: =VLOOKUP($A54,'TABLA DINAMICA PARCIAL 2'!$A$5:$T$772,11,FALSE) -> 0 | W54: =VLOOKUP($A54,'TABLA DINAMICA PARCIAL 2'!$A$5:$T$772,12,FALSE) -> 0 | X54: =VLOOKUP($A54,'TABLA DINAMICA PARCIAL 2'!$A$5:$T$772,13,FALSE) -> 0 | Y54: =VLOOKUP($A54,'TABLA DINAMICA PARCIAL 2'!$A$5:$T$772,14,FALSE) -> 0 | Z54: =VLOOKUP($A54,'TABLA DINAMICA PARCIAL 2'!$A$5:$T$772,15,FALSE) -> 0 | AA54: =VLOOKUP($A54,'TABLA DINAMICA PARCIAL 2'!$A$5:$T$772,16,FALSE) -> 0 | AB54: =VLOOKUP(I54,'TABLA DINAMICA PARCIAL 2'!I620:AB1391,17,FALSE) -> 0 | AC54: =VLOOKUP(I54,'TABLA DINAMICA PARCIAL 2'!I620:AB1391,18,FALSE) -> 0 | AD54: =VLOOKUP(I54,'TABLA DINAMICA PARCIAL 2'!I620:AB1391,19,FALSE) -> 0 | AE54: =SUM(M54:AD54) -> 10 | AF54: =VLOOKUP($A54,'TABLA DINAMICA PARCIAL 3'!$A$5:$I$768,2,FALSE) -> 0 | AG54: =VLOOKUP($A54,'TABLA DINAMICA PARCIAL 3'!$A$5:$I$768,3,FALSE) -> 0 | AH54: =VLOOKUP($A54,'TABLA DINAMICA PARCIAL 3'!$A$5:$I$768,4,FALSE) -> 10 | AI54: =VLOOKUP($A54,'TABLA DINAMICA PARCIAL 3'!$A$5:$I$768,5,FALSE) -> 0 | AJ54: =VLOOKUP($A54,'TABLA DINAMICA PARCIAL 3'!$A$5:$I$768,6,FALSE) -> 0 | AK54: =VLOOKUP($A54,'TABLA DINAMICA PARCIAL 3'!$A$5:$I$768,7,FALSE) -> 10 | AL54: =VLOOKUP($A54,'TABLA DINAMICA PARCIAL 3'!$A$5:$I$768,8,FALSE) -> 0 | AM54: =SUM(AF54:AL54) -> 20 | AN54: =VLOOKUP($A54,'TABLA DINAMICA PARCIAL 4'!$A$5:$F$760,2,FALSE) -> 0 | AO54: =VLOOKUP($A54,'TABLA DINAMICA PARCIAL 4'!$A$5:$F$760,3,FALSE) -> 0 | AP54: =VLOOKUP($A54,'TABLA DINAMICA PARCIAL 4'!$A$5:$F$760,4,FALSE) -> 0 | AQ54: =VLOOKUP($A54,'TABLA DINAMICA PARCIAL 4'!$A$5:$F$760,5,FALSE) -> 0 | AR54: =VLOOKUP($A54,'TABLA DINAMICA PARCIAL 4'!$A$5:$F$760,6,FALSE) -> 0 | AS54: =SUM(AN54:AR54) -> 0 | AT54: =VLOOKUP($A54,'USUARIOS Y GRUPO'!$A$2:$D$851,4,FALSE) -> P19-MAT1022-11
A55: 163934 | B55: Gayosso Ponce | C55: Libertad | D55: =VLOOKUP($A55,'TABLA DINAM PARCIAL 1'!$A$5:$I$793,2,FALSE) -> 10 | E55: =VLOOKUP(A55,'TABLA DINAM PARCIAL 1'!A580:I1368,3,FALSE) -> 10 | F55: =VLOOKUP(A55,'TABLA DINAM PARCIAL 1'!A580:I1368,4,FALSE) -> 0 | G55: =VLOOKUP(A55,'TABLA DINAM PARCIAL 1'!A580:I1368,5,FALSE) -> 0 | H55: =VLOOKUP(A55,'TABLA DINAM PARCIAL 1'!A580:I1368,6,FALSE) -> 0 | I55: =VLOOKUP(A55,'TABLA DINAM PARCIAL 1'!A580:I1368,7,FALSE) -> 0 | J55: =VLOOKUP(A55,'TABLA DINAM PARCIAL 1'!A580:I1368,8,FALSE) -> 10 | K55: =VLOOKUP(A55,'TABLA DINAM PARCIAL 1'!A580:I1368,9,FALSE) -> 0 | L55: =SUM(D55:K55) -> 30 | M55: =VLOOKUP($A55,'TABLA DINAMICA PARCIAL 2'!$A$5:$T$772,2,FALSE) -> 0 | N55: =VLOOKUP($A55,'TABLA DINAMICA PARCIAL 2'!$A$5:$T$772,3,FALSE) -> 0 | O55: =VLOOKUP($A55,'TABLA DINAMICA PARCIAL 2'!$A$5:$T$772,4,FALSE) -> 0 | P55: =VLOOKUP($A55,'TABLA DINAMICA PARCIAL 2'!$A$5:$T$772,5,FALSE) -> 0 | Q55: =VLOOKUP($A55,'TABLA DINAMICA PARCIAL 2'!$A$5:$T$772,6,FALSE) -> 0 | R55: =VLOOKUP($A55,'TABLA DINAMICA PARCIAL 2'!$A$5:$T$772,7,FALSE) -> 0 | S55: =VLOOKUP($A55,'TABLA DINAMICA PARCIAL 2'!$A$5:$T$772,8,FALSE) -> 0 | T55: =VLOOKUP($A55,'TABLA DINAMICA PARCIAL 2'!$A$5:$T$772,9,FALSE) -> 10 | U55: =VLOOKUP($A55,'TABLA DINAMICA PARCIAL 2'!$A$5:$T$772,10,FALSE) -> 0 | V55: =VLOOKUP($A55,'TABLA DINAMICA PARCIAL 2'!$A$5:$T$772,11,FALSE) -> 0 | W55: =VLOOKUP($A55,'TABLA DINAMICA PARCIAL 2'!$A$5:$T$772,12,FALSE) -> 0 | X55: =VLOOKUP($A55,'TABLA DINAMICA PARCIAL 2'!$A$5:$T$772,13,FALSE) -> 0 | Y55: =VLOOKUP($A55,'TABLA DINAMICA PARCIAL 2'!$A$5:$T$772,14,FALSE) -> 0 | Z55: =VLOOKUP($A55,'TABLA DINAMICA PARCIAL 2'!$A$5:$T$772,15,FALSE) -> 0 | AA55: =VLOOKUP($A55,'TABLA DINAMICA PARCIAL 2'!$A$5:$T$772,16,FALSE) -> 0 | AB55: =VLOOKUP(I55,'TABLA DINAMICA PARCIAL 2'!I629:AB1400,17,FALSE) -> 0 | AC55: =VLOOKUP(I55,'TABLA DINAMICA PARCIAL 2'!I629:AB1400,18,FALSE) -> 0 | AD55: =VLOOKUP(I55,'TABLA DINAMICA PARCIAL 2'!I629:AB1400,19,FALSE) -> 0 | AE55: =SUM(M55:AD55) -> 10 | AF55: =VLOOKUP($A55,'TABLA DINAMICA PARCIAL 3'!$A$5:$I$768,2,FALSE) -> 10 | AG55: =VLOOKUP($A55,'TABLA DINAMICA PARCIAL 3'!$A$5:$I$768,3,FALSE) -> 0 | AH55: =VLOOKUP($A55,'TABLA DINAMICA PARCIAL 3'!$A$5:$I$768,4,FALSE) -> 10 | AI55: =VLOOKUP($A55,'TABLA DINAMICA PARCIAL 3'!$A$5:$I$768,5,FALSE) -> 0 | AJ55: =VLOOKUP($A55,'TABLA DINAMICA PARCIAL 3'!$A$5:$I$768,6,FALSE) -> 0 | AK55: =VLOOKUP($A55,'TABLA DINAMICA PARCIAL 3'!$A$5:$I$768,7,FALSE) -> 0 | AL55: =VLOOKUP($A55,'TABLA DINAMICA PARCIAL 3'!$A$5:$I$768,8,FALSE) -> 0 | AM55: =SUM(AF55:AL55) -> 20 | AN55: =VLOOKUP($A55,'TABLA DINAMICA PARCIAL 4'!$A$5:$F$760,2,FALSE) -> 0 | AO55: =VLOOKUP($A55,'TABLA DINAMICA PARCIAL 4'!$A$5:$F$760,3,FALSE) -> 0 | AP55: =VLOOKUP($A55,'TABLA DINAMICA PARCIAL 4'!$A$5:$F$760,4,FALSE) -> 0 | AQ55: =VLOOKUP($A55,'TABLA DINAMICA PARCIAL 4'!$A$5:$F$760,5,FALSE) -> 0 | AR55: =VLOOKUP($A55,'TABLA DINAMICA PARCIAL 4'!$A$5:$F$760,6,FALSE) -> 0 | AS55: =SUM(AN55:AR55) -> 0 | AT55: =VLOOKUP($A55,'USUARIOS Y GRUPO'!$A$2:$D$851,4,FALSE) -> P19-MAT1022-11
A56: 164342 | B56: Dolores Sierra | C56: Fernanda | D56: =VLOOKUP($A56,'TABLA DINAM PARCIAL 1'!$A$5:$I$793,2,FALSE) -> 10 | E56: =VLOOKUP(A56,'TABLA DINAM PARCIAL 1'!A688:I1476,3,FALSE) -> 0 | F56: =VLOOKUP(A56,'TABLA DINAM PARCIAL 1'!A688:I1476,4,FALSE) -> 10 | G56: =VLOOKUP(A56,'TABLA DINAM PARCIAL 1'!A688:I1476,5,FALSE) -> 0 | H56: =VLOOKUP(A56,'TABLA DINAM PARCIAL 1'!A688:I1476,6,FALSE) -> 0 | I56: =VLOOKUP(A56,'TABLA DINAM PARCIAL 1'!A688:I1476,7,FALSE) -> 0 | J56: =VLOOKUP(A56,'TABLA DINAM PARCIAL 1'!A688:I1476,8,FALSE) -> 10 | K56: =VLOOKUP(A56,'TABLA DINAM PARCIAL 1'!A688:I1476,9,FALSE) -> 0 | L56: =SUM(D56:K56) -> 30 | M56: =VLOOKUP($A56,'TABLA DINAMICA PARCIAL 2'!$A$5:$T$772,2,FALSE) -> 10 | N56: =VLOOKUP($A56,'TABLA DINAMICA PARCIAL 2'!$A$5:$T$772,3,FALSE) -> 0 | O56: =VLOOKUP($A56,'TABLA DINAMICA PARCIAL 2'!$A$5:$T$772,4,FALSE) -> 0 | P56: =VLOOKUP($A56,'TABLA DINAMICA PARCIAL 2'!$A$5:$T$772,5,FALSE) -> 0 | Q56: =VLOOKUP($A56,'TABLA DINAMICA PARCIAL 2'!$A$5:$T$772,6,FALSE) -> 0 | R56: =VLOOKUP($A56,'TABLA DINAMICA PARCIAL 2'!$A$5:$T$772,7,FALSE) -> 0 | S56: =VLOOKUP($A56,'TABLA DINAMICA PARCIAL 2'!$A$5:$T$772,8,FALSE) -> 0 | T56: =VLOOKUP($A56,'TABLA DINAMICA PARCIAL 2'!$A$5:$T$772,9,FALSE) -> 0 | U56: =VLOOKUP($A56,'TABLA DINAMICA PARCIAL 2'!$A$5:$T$772,10,FALSE) -> 10 | V56: =VLOOKUP($A56,'TABLA DINAMICA PARCIAL 2'!$A$5:$T$772,11,FALSE) -> 0 | W56: =VLOOKUP($A56,'TABLA DINAMICA PARCIAL 2'!$A$5:$T$772,12,FALSE) -> 0 | X56: =VLOOKUP($A56,'TABLA DINAMICA PARCIAL 2'!$A$5:$T$772,13,FALSE) -> 0 | Y56: =VLOOKUP($A56,'TABLA DINAMICA PARCIAL 2'!$A$5:$T$772,14,FALSE) -> 10 | Z56: =VLOOKUP($A56,'TABLA DINAMICA PARCIAL 2'!$A$5:$T$772,15,FALSE) -> 0 | AA56: =VLOOKUP($A56,'TABLA DINAMICA PARCIAL 2'!$A$5:$T$772,16,FALSE) -> 0 | AB56: =VLOOKUP(I56,'TABLA DINAMICA PARCIAL 2'!I741:AB1512,17,FALSE) -> 0 | AC56: =VLOOKUP(I56,'TABLA DINAMICA PARCIAL 2'!I741:AB1512,18,FALSE) -> 0 | AD56: =VLOOKUP(I56,'TABLA DINAMICA PARCIAL 2'!I741:AB1512,19,FALSE) -> 0 | AE56: =SUM(M56:AD56) -> 30 | AF56: =VLOOKUP($A56,'TABLA DINAMICA PARCIAL 3'!$A$5:$I$768,2,FALSE) -> 10 | AG56: =VLOOKUP($A56,'TABLA DINAMICA PARCIAL 3'!$A$5:$I$768,3,FALSE) -> 0 | AH56: =VLOOKUP($A56,'TABLA DINAMICA PARCIAL 3'!$A$5:$I$768,4,FALSE) -> 10 | AI56: =VLOOKUP($A56,'TABLA DINAMICA PARCIAL 3'!$A$5:$I$768,5,FALSE) -> 0 | AJ56: =VLOOKUP($A56,'TABLA DINAMICA PARCIAL 3'!$A$5:$I$768,6,FALSE) -> 10 | AK56: =VLOOKUP($A56,'TABLA DINAMICA PARCIAL 3'!$A$5:$I$768,7,FALSE) -> 10 | AL56: =VLOOKUP($A56,'TABLA DINAMICA PARCIAL 3'!$A$5:$I$768,8,FALSE) -> 0 | AM56: =SUM(AF56:AL56) -> 40 | AN56: =VLOOKUP($A56,'TABLA DINAMICA PARCIAL 4'!$A$5:$F$760,2,FALSE) -> 0 | AO56: =VLOOKUP($A56,'TABLA DINAMICA PARCIAL 4'!$A$5:$F$760,3,FALSE) -> 10 | AP56: =VLOOKUP($A56,'TABLA DINAMICA PARCIAL 4'!$A$5:$F$760,4,FALSE) -> 0 | AQ56: =VLOOKUP($A56,'TABLA DINAMICA PARCIAL 4'!$A$5:$F$760,5,FALSE) -> 0 | AR56: =VLOOKUP($A56,'TABLA DINAMICA PARCIAL 4'!$A$5:$F$760,6,FALSE) -> 0 | AS56: =SUM(AN56:AR56) -> 10 | AT56: =VLOOKUP($A56,'USUARIOS Y GRUPO'!$A$2:$D$851,4,FALSE) -> P19-MAT1022-11
A57: 164588 | B57: Ramírez Tozcano | C57: Cynthia | D57: =VLOOKUP($A57,'TABLA DINAM PARCIAL 1'!$A$5:$I$793,2,FALSE) -> 10 | E57: =VLOOKUP(A57,'TABLA DINAM PARCIAL 1'!A737:I1525,3,FALSE) -> 0 | F57: =VLOOKUP(A57,'TABLA DINAM PARCIAL 1'!A737:I1525,4,FALSE) -> 0 | G57: =VLOOKUP(A57,'TABLA DINAM PARCIAL 1'!A737:I1525,5,FALSE) -> 0 | H57: =VLOOKUP(A57,'TABLA DINAM PARCIAL 1'!A737:I1525,6,FALSE) -> 10 | I57: =VLOOKUP(A57,'TABLA DINAM PARCIAL 1'!A737:I1525,7,FALSE) -> 0 | J57: =VLOOKUP(A57,'TABLA DINAM PARCIAL 1'!A737:I1525,8,FALSE) -> 0 | K57: =VLOOKUP(A57,'TABLA DINAM PARCIAL 1'!A737:I1525,9,FALSE) -> 10 | L57: =SUM(D57:K57) -> 30 | M57: =VLOOKUP($A57,'TABLA DINAMICA PARCIAL 2'!$A$5:$T$772,2,FALSE) -> 10 | N57: =VLOOKUP($A57,'TABLA DINAMICA PARCIAL 2'!$A$5:$T$772,3,FALSE) -> 0 | O57: =VLOOKUP($A57,'TABLA DINAMICA PARCIAL 2'!$A$5:$T$772,4,FALSE) -> 0 | P57: =VLOOKUP($A57,'TABLA DINAMICA PARCIAL 2'!$A$5:$T$772,5,FALSE) -> 0 | Q57: =VLOOKUP($A57,'TABLA DINAMICA PARCIAL 2'!$A$5:$T$772,6,FALSE) -> 0 | R57: =VLOOKUP($A57,'TABLA DINAMICA PARCIAL 2'!$A$5:$T$772,7,FALSE) -> 0 | S57: =VLOOKUP($A57,'TABLA DINAMICA PARCIAL 2'!$A$5:$T$772,8,FALSE) -> 10 | T57: =VLOOKUP($A57,'TABLA DINAMICA PARCIAL 2'!$A$5:$T$772,9,FALSE) -> 0 | U57: =VLOOKUP($A57,'TABLA DINAMICA PARCIAL 2'!$A$5:$T$772,10,FALSE) -> 0 | V57: =VLOOKUP($A57,'TABLA DINAMICA PARCIAL 2'!$A$5:$T$772,11,FALSE) -> 0 | W57: =VLOOKUP($A57,'TABLA DINAMICA PARCIAL 2'!$A$5:$T$772,12,FALSE) -> 0 | X57: =VLOOKUP($A57,'TABLA DINAMICA PARCIAL 2'!$A$5:$T$772,13,FALSE) -> 0 | Y57: =VLOOKUP($A57,'TABLA DINAMICA PARCIAL 2'!$A$5:$T$772,14,FALSE) -> 0 | Z57: =VLOOKUP($A57,'TABLA DINAMICA PARCIAL 2'!$A$5:$T$772,15,FALSE) -> 0 | AA57: =VLOOKUP($A57,'TABLA DINAMICA PARCIAL 2'!$A$5:$T$772,16,FALSE) -> 0 | AB57: =VLOOKUP(I57,'TABLA DINAMICA PARCIAL 2'!I792:AB1563,17,FALSE) -> #N/A | AC57: =VLOOKUP(I57,'TABLA DINAMICA PARCIAL 2'!I792:AB1563,18,FALSE) -> #N/A | AD57: =VLOOKUP(I57,'TABLA DINAMICA PARCIAL 2'!I792:AB1563,19,FALSE) -> #N/A | AE57: =SUM(M57:AD57) -> #N/A | AF57: =VLOOKUP($A57,'TABLA DINAMICA PARCIAL 3'!$A$5:$I$768,2,FALSE) -> 10 | AG57: =VLOOKUP($A57,'TABLA DINAMICA PARCIAL 3'!$A$5:$I$768,3,FALSE) -> 0 | AH57: =VLOOKUP($A57,'TABLA DINAMICA PARCIAL 3'!$A$5:$I$768,4,FALSE) -> 0 | AI57: =VLOOKUP($A57,'TABLA DINAMICA PARCIAL 3'!$A$5:$I$768,5,FALSE) -> 0 | AJ57: =VLOOKUP($A57,'TABLA DINAMICA PARCIAL 3'!$A$5:$I$768,6,FALSE) -> 0 | AK57: =VLOOKUP($A57,'TABLA DINAMICA PARCIAL 3'!$A$5:$I$768,7,FALSE) -> 0 | AL57: =VLOOKUP($A57,'TABLA DINAMICA PARCIAL 3'!$A$5:$I$768,8,FALSE) -> 10 | AM57: =SUM(AF57:AL57) -> 20 | AN57: =VLOOKUP($A57,'TABLA DINAMICA PARCIAL 4'!$A$5:$F$760,2,FALSE) -> 0 | AO57: =VLOOKUP($A57,'TABLA DINAMICA PARCIAL 4'!$A$5:$F$760,3,FALSE) -> 0 | AP57: =VLOOKUP($A57,'TABLA DINAMICA PARCIAL 4'!$A$5:$F$760,4,FALSE) -> 0 | AQ57: =VLOOKUP($A57,'TABLA DINAMICA PARCIAL 4'!$A$5:$F$760,5,FALSE) -> 10 | AR57: =VLOOKUP($A57,'TABLA DINAMICA PARCIAL 4'!$A$5:$F$760,6,FALSE) -> 10 | AS57: =SUM(AN57:AR57) -> 20 | AT57: =VLOOKUP($A57,'USUARIOS Y GRUPO'!$A$2:$D$851,4,FALSE) -> P19-MAT1022-11
A58: 162067 | B58: Camacho Lie | C58: Mariola | D58: =VLOOKUP($A58,'TABLA DINAM PARCIAL 1'!$A$5:$I$793,2,FALSE) -> 10 | E58: =VLOOKUP(A58,'TABLA DINAM PARCIAL 1'!A138:I926,3,FALSE) -> 0 | F58: =VLOOKUP(A58,'TABLA DINAM PARCIAL 1'!A138:I926,4,FALSE) -> 10 | G58: =VLOOKUP(A58,'TABLA DINAM PARCIAL 1'!A138:I926,5,FALSE) -> 0 | H58: =VLOOKUP(A58,'TABLA DINAM PARCIAL 1'!A138:I926,6,FALSE) -> 10 | I58: =VLOOKUP(A58,'TABLA DINAM PARCIAL 1'!A138:I926,7,FALSE) -> 0 | J58: =VLOOKUP(A58,'TABLA DINAM PARCIAL 1'!A138:I926,8,FALSE) -> 0 | K58: =VLOOKUP(A58,'TABLA DINAM PARCIAL 1'!A138:I926,9,FALSE) -> 10 | L58: =SUM(D58:K58) -> 40 | M58: =VLOOKUP($A58,'TABLA DINAMICA PARCIAL 2'!$A$5:$T$772,2,FALSE) -> 10 | N58: =VLOOKUP($A58,'TABLA DINAMICA PARCIAL 2'!$A$5:$T$772,3,FALSE) -> 0 | O58: =VLOOKUP($A58,'TABLA DINAMICA PARCIAL 2'!$A$5:$T$772,4,FALSE) -> 0 | P58: =VLOOKUP($A58,'TABLA DINAMICA PARCIAL 2'!$A$5:$T$772,5,FALSE) -> 0 | Q58: =VLOOKUP($A58,'TABLA DINAMICA PARCIAL 2'!$A$5:$T$772,6,FALSE) -> 0 | R58: =VLOOKUP($A58,'TABLA DINAMICA PARCIAL 2'!$A$5:$T$772,7,FALSE) -> 0 | S58: =VLOOKUP($A58,'TABLA DINAMICA PARCIAL 2'!$A$5:$T$772,8,FALSE) -> 0 | T58: =VLOOKUP($A58,'TABLA DINAMICA PARCIAL 2'!$A$5:$T$772,9,FALSE) -> 0 | U58: =VLOOKUP($A58,'TABLA DINAMICA PARCIAL 2'!$A$5:$T$772,10,FALSE) -> 10 | V58: =VLOOKUP($A58,'TABLA DINAMICA PARCIAL 2'!$A$5:$T$772,11,FALSE) -> 0 | W58: =VLOOKUP($A58,'TABLA DINAMICA PARCIAL 2'!$A$5:$T$772,12,FALSE) -> 0 | X58: =VLOOKUP($A58,'TABLA DINAMICA PARCIAL 2'!$A$5:$T$772,13,FALSE) -> 0 | Y58: =VLOOKUP($A58,'TABLA DINAMICA PARCIAL 2'!$A$5:$T$772,14,FALSE) -> 10 | Z58: =VLOOKUP($A58,'TABLA DINAMICA PARCIAL 2'!$A$5:$T$772,15,FALSE) -> 0 | AA58: =VLOOKUP($A58,'TABLA DINAMICA PARCIAL 2'!$A$5:$T$772,16,FALSE) -> 0 | AB58: =VLOOKUP(I58,'TABLA DINAMICA PARCIAL 2'!I166:AB937,17,FALSE) -> 0 | AC58: =VLOOKUP(I58,'TABLA DINAMICA PARCIAL 2'!I166:AB937,18,FALSE) -> 0 | AD58: =VLOOKUP(I58,'TABLA DINAMICA PARCIAL 2'!I166:AB937,19,FALSE) -> 0 | AE58: =SUM(M58:AD58) -> 30 | AF58: =VLOOKUP($A58,'TABLA DINAMICA PARCIAL 3'!$A$5:$I$768,2,FALSE) -> 10 | AG58: =VLOOKUP($A58,'TABLA DINAMICA PARCIAL 3'!$A$5:$I$768,3,FALSE) -> 0 | AH58: =VLOOKUP($A58,'TABLA DINAMICA PARCIAL 3'!$A$5:$I$768,4,FALSE) -> 0 | AI58: =VLOOKUP($A58,'TABLA DINAMICA PARCIAL 3'!$A$5:$I$768,5,FALSE) -> 10 | AJ58: =VLOOKUP($A58,'TABLA DINAMICA PARCIAL 3'!$A$5:$I$768,6,FALSE) -> 10 | AK58: =VLOOKUP($A58,'TABLA DINAMICA PARCIAL 3'!$A$5:$I$768,7,FALSE) -> 10 | AL58: =VLOOKUP($A58,'TABLA DINAMICA PARCIAL 3'!$A$5:$I$768,8,FALSE) -> 0 | AM58: =SUM(AF58:AL58) -> 40 | AN58: =VLOOKUP($A58,'TABLA DINAMICA PARCIAL 4'!$A$5:$F$760,2,FALSE) -> 0 | AO58: =VLOOKUP($A58,'TABLA DINAMICA PARCIAL 4'!$A$5:$F$760,3,FALSE) -> 10 | AP58: =VLOOKUP($A58,'TABLA DINAMICA PARCIAL 4'!$A$5:$F$760,4,FALSE) -> 0 | AQ58: =VLOOKUP($A58,'TABLA DINAMICA PARCIAL 4'!$A$5:$F$760,5,FALSE) -> 0 | AR58: =VLOOKUP($A58,'TABLA DINAMICA PARCIAL 4'!$A$5:$F$760,6,FALSE) -> 10 | AS58: =SUM(AN58:AR58) -> 20 | AT58: =VLOOKUP($A58,'USUARIOS Y GRUPO'!$A$2:$D$851,4,FALSE) -> P19-MAT1022-11
A59: 162291 | B59: Reyes Gonzalez | C59: Paola | D59: =VLOOKUP($A59,'TABLA DINAM PARCIAL 1'!$A$5:$I$793,2,FALSE) -> 10 | E59: =VLOOKUP(A59,'TABLA DINAM PARCIAL 1'!A175:I963,3,FALSE) -> 0 | F59: =VLOOKUP(A59,'TABLA DINAM PARCIAL 1'!A175:I963,4,FALSE) -> 10 | G59: =VLOOKUP(A59,'TABLA DINAM PARCIAL 1'!A175:I963,5,FALSE) -> 0 | H59: =VLOOKUP(A59,'TABLA DINAM PARCIAL 1'!A175:I963,6,FALSE) -> 10 | I59: =VLOOKUP(A59,'TABLA DINAM PARCIAL 1'!A175:I963,7,FALSE) -> 0 | J59: =VLOOKUP(A59,'TABLA DINAM PARCIAL 1'!A175:I963,8,FALSE) -> 10 | K59: =VLOOKUP(A59,'TABLA DINAM PARCIAL 1'!A175:I963,9,FALSE) -> 0 | L59: =SUM(D59:K59) -> 40 | M59: =VLOOKUP($A59,'TABLA DINAMICA PARCIAL 2'!$A$5:$T$772,2,FALSE) -> 0 | N59: =VLOOKUP($A59,'TABLA DINAMICA PARCIAL 2'!$A$5:$T$772,3,FALSE) -> 10 | O59: =VLOOKUP($A59,'TABLA DINAMICA PARCIAL 2'!$A$5:$T$772,4,FALSE) -> 0 | P59: =VLOOKUP($A59,'TABLA DINAMICA PARCIAL 2'!$A$5:$T$772,5,FALSE) -> 0 | Q59: =VLOOKUP($A59,'TABLA DINAMICA PARCIAL 2'!$A$5:$T$772,6,FALSE) -> 0 | R59: =VLOOKUP($A59,'TABLA DINAMICA PARCIAL 2'!$A$5:$T$772,7,FALSE) -> 0 | S59: =VLOOKUP($A59,'TABLA DINAMICA PARCIAL 2'!$A$5:$T$772,8,FALSE) -> 0 | T59: =VLOOKUP($A59,'TABLA DINAMICA PARCIAL 2'!$A$5:$T$772,9,FALSE) -> 10 | U59: =VLOOKUP($A59,'TABLA DINAMICA PARCIAL 2'!$A$5:$T$772,10,FALSE) -> 0 | V59: =VLOOKUP($A59,'TABLA DINAMICA PARCIAL 2'!$A$5:$T$772,11,FALSE) -> 0 | W59: =VLOOKUP($A59,'TABLA DINAMICA PARCIAL 2'!$A$5:$T$772,12,FALSE) -> 0 | X59: =VLOOKUP($A59,'TABLA DINAMICA PARCIAL 2'!$A$5:$T$772,13,FALSE) -> 0 | Y59: =VLOOKUP($A59,'TABLA DINAMICA PARCIAL 2'!$A$5:$T$772,14,FALSE) -> 0 | Z59: =VLOOKUP($A59,'TABLA DINAMICA PARCIAL 2'!$A$5:$T$772,15,FALSE) -> 0 | AA59: =VLOOKUP($A59,'TABLA DINAMICA PARCIAL 2'!$A$5:$T$772,16,FALSE) -> 0 | AB59: =VLOOKUP(I59,'TABLA DINAMICA PARCIAL 2'!I204:AB975,17,FALSE) -> 0 | AC59: =VLOOKUP(I59,'TABLA DINAMICA PARCIAL 2'!I204:AB975,18,FALSE) -> 0 | AD59: =VLOOKUP(I59,'TABLA DINAMICA PARCIAL 2'!I204:AB975,19,FALSE) -> 0 | AE59: =SUM(M59:AD59) -> 20 | AF59: =VLOOKUP($A59,'TABLA DINAMICA PARCIAL 3'!$A$5:$I$768,2,FALSE) -> 10 | AG59: =VLOOKUP($A59,'TABLA DINAMICA PARCIAL 3'!$A$5:$I$768,3,FALSE) -> 0 | AH59: =VLOOKUP($A59,'TABLA DINAMICA PARCIAL 3'!$A$5:$I$768,4,FALSE) -> 10 | AI59: =VLOOKUP($A59,'TABLA DINAMICA PARCIAL 3'!$A$5:$I$768,5,FALSE) -> 0 | AJ59: =VLOOKUP($A59,'TABLA DINAMICA PARCIAL 3'!$A$5:$I$768,6,FALSE) -> 0 | AK59: =VLOOKUP($A59,'TABLA DINAMICA PARCIAL 3'!$A$5:$I$768,7,FALSE) -> 10 | AL59: =VLOOKUP($A59,'TABLA DINAMICA PARCIAL 3'!$A$5:$I$768,8,FALSE) -> 0 | AM59: =SUM(AF59:AL59) -> 30 | AN59: =VLOOKUP($A59,'TABLA DINAMICA PARCIAL 4'!$A$5:$F$760,2,FALSE) -> 0 | AO59: =VLOOKUP($A59,'TABLA DINAMICA PARCIAL 4'!$A$5:$F$760,3,FALSE) -> 0 | AP59: =VLOOKUP($A59,'TABLA DINAMICA PARCIAL 4'!$A$5:$F$760,4,FALSE) -> 0 | AQ59: =VLOOKUP($A59,'TABLA DINAMICA PARCIAL 4'!$A$5:$F$760,5,FALSE) -> 0 | AR59: =VLOOKUP($A59,'TABLA DINAMICA PARCIAL 4'!$A$5:$F$760,6,FALSE) -> 0 | AS59: =SUM(AN59:AR59) -> 0 | AT59: =VLOOKUP($A59,'USUARIOS Y GRUPO'!$A$2:$D$851,4,FALSE) -> P19-MAT1022-11
A60: 163639 | B60: Ramos Salgado | C60: Angela Esther | D60: =VLOOKUP($A60,'TABLA DINAM PARCIAL 1'!$A$5:$I$793,2,FALSE) -> 10 | E60: =VLOOKUP(A60,'TABLA DINAM PARCIAL 1'!A523:I1311,3,FALSE) -> 10 | F60: =VLOOKUP(A60,'TABLA DINAM PARCIAL 1'!A523:I1311,4,FALSE) -> 0 | G60: =VLOOKUP(A60,'TABLA DINAM PARCIAL 1'!A523:I1311,5,FALSE) -> 0 | H60: =VLOOKUP(A60,'TABLA DINAM PARCIAL 1'!A523:I1311,6,FALSE) -> 10 | I60: =VLOOKUP(A60,'TABLA DINAM PARCIAL 1'!A523:I1311,7,FALSE) -> 0 | J60: =VLOOKUP(A60,'TABLA DINAM PARCIAL 1'!A523:I1311,8,FALSE) -> 10 | K60: =VLOOKUP(A60,'TABLA DINAM PARCIAL 1'!A523:I1311,9,FALSE) -> 0 | L60: =SUM(D60:K60) -> 40 | M60: =VLOOKUP($A60,'TABLA DINAMICA PARCIAL 2'!$A$5:$T$772,2,FALSE) -> 0 | N60: =VLOOKUP($A60,'TABLA DINAMICA PARCIAL 2'!$A$5:$T$772,3,FALSE) -> 0 | O60: =VLOOKUP($A60,'TABLA DINAMICA PARCIAL 2'!$A$5:$T$772,4,FALSE) -> 0 | P60: =VLOOKUP($A60,'TABLA DINAMICA PARCIAL 2'!$A$5:$T$772,5,FALSE) -> 0 | Q60: =VLOOKUP($A60,'TABLA DINAMICA PARCIAL 2'!$A$5:$T$772,6,FALSE) -> 0 | R60: =VLOOKUP($A60,'TABLA DINAMICA PARCIAL 2'!$A$5:$T$772,7,FALSE) -> 0 | S60: =VLOOKUP($A60,'TABLA DINAMICA PARCIAL 2'!$A$5:$T$772,8,FALSE) -> 0 | T60: =VLOOKUP($A60,'TABLA DINAMICA PARCIAL 2'!$A$5:$T$772,9,FALSE) -> 0 | U60: =VLOOKUP($A60,'TABLA DINAMICA PARCIAL 2'!$A$5:$T$772,10,FALSE) -> 10 | V60: =VLOOKUP($A60,'TABLA DINAMICA PARCIAL 2'!$A$5:$T$772,11,FALSE) -> 0 | W60: =VLOOKUP($A60,'TABLA DINAMICA PARCIAL 2'!$A$5:$T$772,12,FALSE) -> 0 | X60: =VLOOKUP($A60,'TABLA DINAMICA PARCIAL 2'!$A$5:$T$772,13,FALSE) -> 0 | Y60: =VLOOKUP($A60,'TABLA DINAMICA PARCIAL 2'!$A$5:$T$772,14,FALSE) -> 0 | Z60: =VLOOKUP($A60,'TABLA DINAMICA PARCIAL 2'!$A$5:$T$772,15,FALSE) -> 0 | AA60: =VLOOKUP($A60,'TABLA DINAMICA PARCIAL 2'!$A$5:$T$772,16,FALSE) -> 10 | AB60: =VLOOKUP(I60,'TABLA DINAMICA PARCIAL 2'!I569:AB1340,17,FALSE) -> 0 | AC60: =VLOOKUP(I60,'TABLA DINAMICA PARCIAL 2'!I569:AB1340,18,FALSE) -> 0 | AD60: =VLOOKUP(I60,'TABLA DINAMICA PARCIAL 2'!I569:AB1340,19,FALSE) -> 0 | AE60: =SUM(M60:AD60) -> 20 | AF60: =VLOOKUP($A60,'TABLA DINAMICA PARCIAL 3'!$A$5:$I$768,2,FALSE) -> 10 | AG60: =VLOOKUP($A60,'TABLA DINAMICA PARCIAL 3'!$A$5:$I$768,3,FALSE) -> 0 | AH60: =VLOOKUP($A60,'TABLA DINAMICA PARCIAL 3'!$A$5:$I$768,4,FALSE) -> 10 | AI60: =VLOOKUP($A60,'TABLA DINAMICA PARCIAL 3'!$A$5:$I$768,5,FALSE) -> 0 | AJ60: =VLOOKUP($A60,'TABLA DINAMICA PARCIAL 3'!$A$5:$I$768,6,FALSE) -> 0 | AK60: =VLOOKUP($A60,'TABLA DINAMICA PARCIAL 3'!$A$5:$I$768,7,FALSE) -> 0 | AL60: =VLOOKUP($A60,'TABLA DINAMICA PARCIAL 3'!$A$5:$I$768,8,FALSE) -> 10 | AM60: =SUM(AF60:AL60) -> 30 | AN60: =VLOOKUP($A60,'TABLA DINAMICA PARCIAL 4'!$A$5:$F$760,2,FALSE) -> 10 | AO60: =VLOOKUP($A60,'TABLA DINAMICA PARCIAL 4'!$A$5:$F$760,3,FALSE) -> 0 | AP60: =VLOOKUP($A60,'TABLA DINAMICA PARCIAL 4'!$A$5:$F$760,4,FALSE) -> 0 | AQ60: =VLOOKUP($A60,'TABLA DINAMICA PARCIAL 4'!$A$5:$F$760,5,FALSE) -> 0 | AR60: =VLOOKUP($A60,'TABLA DINAMICA PARCIAL 4'!$A$5:$F$760,6,FALSE) -> 0 | AS60: =SUM(AN60:AR60) -> 10 | AT60: =VLOOKUP($A60,'USUARIOS Y GRUPO'!$A$2:$D$851,4,FALSE) -> P19-MAT1022-11
A61: 162843 | B61: Gómez Carrasco | C61: Jessica | D61: =VLOOKUP($A61,'TABLA DINAM PARCIAL 1'!$A$5:$I$793,2,FALSE) -> #N/A | L61: =SUM(D61:K61) -> #N/A | M61: =VLOOKUP($A61,'TABLA DINAMICA PARCIAL 2'!$A$5:$T$772,2,FALSE) -> #N/A | N61: =VLOOKUP($A61,'TABLA DINAMICA PARCIAL 2'!$A$5:$T$772,3,FALSE) -> #N/A | O61: =VLOOKUP($A61,'TABLA DINAMICA PARCIAL 2'!$A$5:$T$772,4,FALSE) -> #N/A | P61: =VLOOKUP($A61,'TABLA DINAMICA PARCIAL 2'!$A$5:$T$772,5,FALSE) -> #N/A | Q61: =VLOOKUP($A61,'TABLA DINAMICA PARCIAL 2'!$A$5:$T$772,6,FALSE) -> #N/A | R61: =VLOOKUP($A61,'TABLA DINAMICA PARCIAL 2'!$A$5:$T$772,7,FALSE) -> #N/A | S61: =VLOOKUP($A61,'TABLA DINAMICA PARCIAL 2'!$A$5:$T$772,8,FALSE) -> #N/A | T61: =VLOOKUP($A61,'TABLA DINAMICA PARCIAL 2'!$A$5:$T$772,9,FALSE) -> #N/A | U61: =VLOOKUP($A61,'TABLA DINAMICA PARCIAL 2'!$A$5:$T$772,10,FALSE) -> #N/A | V61: =VLOOKUP($A61,'TABLA DINAMICA PARCIAL 2'!$A$5:$T$772,11,FALSE) -> #N/A | W61: =VLOOKUP($A61,'TABLA DINAMICA PARCIAL 2'!$A$5:$T$772,12,FALSE) -> #N/A | X61: =VLOOKUP($A61,'TABLA DINAMICA PARCIAL 2'!$A$5:$T$772,13,FALSE) -> #N/A | Y61: =VLOOKUP($A61,'TABLA DINAMICA PARCIAL 2'!$A$5:$T$772,14,FALSE) -> #N/A | Z61: =VLOOKUP($A61,'TABLA DINAMICA PARCIAL 2'!$A$5:$T$772,15,FALSE) -> #N/A | AA61: =VLOOKUP($A61,'TABLA DINAMICA PARCIAL 2'!$A$5:$T$772,16,FALSE) -> #N/A | AB61: =VLOOKUP(I61,'TABLA DINAMICA PARCIAL 2'!I332:AB1103,17,FALSE) -> 0 | AC61: =VLOOKUP(I61,'TABLA DINAMICA PARCIAL 2'!I332:AB1103,18,FALSE) -> 0 | AD61: =VLOOKUP(I61,'TABLA DINAMICA PARCIAL 2'!I332:AB1103,19,FALSE) -> 0 | AE61: =SUM(M61:AD61) -> #N/A | AF61: =VLOOKUP($A61,'TABLA DINAMICA PARCIAL 3'!$A$5:$I$768,2,FALSE) -> #N/A | AG61: =VLOOKUP($A61,'TABLA DINAMICA PARCIAL 3'!$A$5:$I$768,3,FALSE) -> #N/A | AH61: =VLOOKUP($A61,'TABLA DINAMICA PARCIAL 3'!$A$5:$I$768,4,FALSE) -> #N/A | AI61: =VLOOKUP($A61,'TABLA DINAMICA PARCIAL 3'!$A$5:$I$768,5,FALSE) -> #N/A | AJ61: =VLOOKUP($A61,'TABLA DINAMICA PARCIAL 3'!$A$5:$I$768,6,FALSE) -> #N/A | AK61: =VLOOKUP($A61,'TABLA DINAMICA PARCIAL 3'!$A$5:$I$768,7,FALSE) -> #N/A | AL61: =VLOOKUP($A61,'TABLA DINAMICA PARCIAL 3'!$A$5:$I$768,8,FALSE) -> #N/A | AM61: =SUM(AF61:AL61) -> #N/A | AN61: =VLOOKUP($A61,'TABLA DINAMICA PARCIAL 4'!$A$5:$F$760,2,FALSE) -> #N/A | AO61: =VLOOKUP($A61,'TABLA DINAMICA PARCIAL 4'!$A$5:$F$760,3,FALSE) -> #N/A | AP61: =VLOOKUP($A61,'TABLA DINAMICA PARCIAL 4'!$A$5:$F$760,4,FALSE) -> #N/A | AQ61: =VLOOKUP($A61,'TABLA DINAMICA PARCIAL 4'!$A$5:$F$760,5,FALSE) -> #N/A | AR61: =VLOOKUP($A61,'TABLA DINAMICA PARCIAL 4'!$A$5:$F$760,6,FALSE) -> #N/A | AS61: =SUM(AN61:AR61) -> #N/A | AT61: =VLOOKUP($A61,'USUARIOS Y GRUPO'!$A$2:$D$851,4,FALSE) -> P19-MAT1022-11
A62: 162927 | B62: Dorado Gómez | C62: Lisette | D62: =VLOOKUP($A62,'TABLA DINAM PARCIAL 1'!$A$5:$I$793,2,FALSE) -> #N/A | L62: =SUM(D62:K62) -> #N/A | M62: =VLOOKUP($A62,'TABLA DINAMICA PARCIAL 2'!$A$5:$T$772,2,FALSE) -> #N/A | N62: =VLOOKUP($A62,'TABLA DINAMICA PARCIAL 2'!$A$5:$T$772,3,FALSE) -> #N/A | O62: =VLOOKUP($A62,'TABLA DINAMICA PARCIAL 2'!$A$5:$T$772,4,FALSE) -> #N/A | P62: =VLOOKUP($A62,'TABLA DINAMICA PARCIAL 2'!$A$5:$T$772,5,FALSE) -> #N/A | Q62: =VLOOKUP($A62,'TABLA DINAMICA PARCIAL 2'!$A$5:$T$772,6,FALSE) -> #N/A | R62: =VLOOKUP($A62,'TABLA DINAMICA PARCIAL 2'!$A$5:$T$772,7,FALSE) -> #N/A | S62: =VLOOKUP($A62,'TABLA DINAMICA PARCIAL 2'!$A$5:$T$772,8,FALSE) -> #N/A | T62: =VLOOKUP($A62,'TABLA DINAMICA PARCIAL 2'!$A$5:$T$772,9,FALSE) -> #N/A | U62: =VLOOKUP($A62,'TABLA DINAMICA PARCIAL 2'!$A$5:$T$772,10,FALSE) -> #N/A | V62: =VLOOKUP($A62,'TABLA DINAMICA PARCIAL 2'!$A$5:$T$772,11,FALSE) -> #N/A | W62: =VLOOKUP($A62,'TABLA DINAMICA PARCIAL 2'!$A$5:$T$772,12,FALSE) -> #N/A | X62: =VLOOKUP($A62,'TABLA DINAMICA PARCIAL 2'!$A$5:$T$772,13,FALSE) -> #N/A | Y62: =VLOOKUP($A62,'TABLA DINAMICA PARCIAL 2'!$A$5:$T$772,14,FALSE) -> #N/A | Z62: =VLOOKUP($A62,'TABLA DINAMICA PARCIAL 2'!$A$5:$T$772,15,FALSE) -> #N/A | AA62: =VLOOKUP($A62,'TABLA DINAMICA PARCIAL 2'!$A$5:$T$772,16,FALSE) -> #N/A | AB62: =VLOOKUP(I62,'TABLA DINAMICA PARCIAL 2'!I359:AB1130,17,FALSE) -> 0 | AC62: =VLOOKUP(I62,'TABLA DINAMICA PARCIAL 2'!I359:AB1130,18,FALSE) -> 0 | AD62: =VLOOKUP(I62,'TABLA DINAMICA PARCIAL 2'!I359:AB1130,19,FALSE) -> 0 | AE62: =SUM(M62:AD62) -> #N/A | AF62: =VLOOKUP($A62,'TABLA DINAMICA PARCIAL 3'!$A$5:$I$768,2,FALSE) -> #N/A | AG62: =VLOOKUP($A62,'TABLA DINAMICA PARCIAL 3'!$A$5:$I$768,3,FALSE) -> #N/A | AH62: =VLOOKUP($A62,'TABLA DINAMICA PARCIAL 3'!$A$5:$I$768,4,FALSE) -> #N/A | AI62: =VLOOKUP($A62,'TABLA DINAMICA PARCIAL 3'!$A$5:$I$768,5,FALSE) -> #N/A | AJ62: =VLOOKUP($A62,'TABLA DINAMICA PARCIAL 3'!$A$5:$I$768,6,FALSE) -> #N/A | AK62: =VLOOKUP($A62,'TABLA DINAMICA PARCIAL 3'!$A$5:$I$768,7,FALSE) -> #N/A | AL62: =VLOOKUP($A62,'TABLA DINAMICA PARCIAL 3'!$A$5:$I$768,8,FALSE) -> #N/A | AM62: =SUM(AF62:AL62) -> #N/A | AN62: =VLOOKUP($A62,'TABLA DINAMICA PARCIAL 4'!$A$5:$F$760,2,FALSE) -> #N/A | AO62: =VLOOKUP($A62,'TABLA DINAMICA PARCIAL 4'!$A$5:$F$760,3,FALSE) -> #N/A | AP62: =VLOOKUP($A62,'TABLA DINAMICA PARCIAL 4'!$A$5:$F$760,4,FALSE) -> #N/A | AQ62: =VLOOKUP($A62,'TABLA DINAMICA PARCIAL 4'!$A$5:$F$760,5,FALSE) -> #N/A | AR62: =VLOOKUP($A62,'TABLA DINAMICA PARCIAL 4'!$A$5:$F$760,6,FALSE) -> #N/A | AS62: =SUM(AN62:AR62) -> #N/A | AT62: =VLOOKUP($A62,'USUARIOS Y GRUPO'!$A$2:$D$851,4,FALSE) -> P19-MAT1022-11
A63: 164611 | B63: Margarito Terrazas | C63: Brandon Ricardo | D63: =VLOOKUP($A63,'TABLA DINAM PARCIAL 1'!$A$5:$I$793,2,FALSE) -> #N/A | L63: =SUM(D63:K63) -> #N/A | M63: =VLOOKUP($A63,'TABLA DINAMICA PARCIAL 2'!$A$5:$T$772,2,FALSE) -> #N/A | N63: =VLOOKUP($A63,'TABLA DINAMICA PARCIAL 2'!$A$5:$T$772,3,FALSE) -> #N/A | O63: =VLOOKUP($A63,'TABLA DINAMICA PARCIAL 2'!$A$5:$T$772,4,FALSE) -> #N/A | P63: =VLOOKUP($A63,'TABLA DINAMICA PARCIAL 2'!$A$5:$T$772,5,FALSE) -> #N/A | Q63: =VLOOKUP($A63,'TABLA DINAMICA PARCIAL 2'!$A$5:$T$772,6,FALSE) -> #N/A | R63: =VLOOKUP($A63,'TABLA DINAMICA PARCIAL 2'!$A$5:$T$772,7,FALSE) -> #N/A | S63: =VLOOKUP($A63,'TABLA DINAMICA PARCIAL 2'!$A$5:$T$772,8,FALSE) -> #N/A | T63: =VLOOKUP($A63,'TABLA DINAMICA PARCIAL 2'!$A$5:$T$772,9,FALSE) -> #N/A | U63: =VLOOKUP($A63,'TABLA DINAMICA PARCIAL 2'!$A$5:$T$772,10,FALSE) -> #N/A | V63: =VLOOKUP($A63,'TABLA DINAMICA PARCIAL 2'!$A$5:$T$772,11,FALSE) -> #N/A | W63: =VLOOKUP($A63,'TABLA DINAMICA PARCIAL 2'!$A$5:$T$772,12,FALSE) -> #N/A | X63: =VLOOKUP($A63,'TABLA DINAMICA PARCIAL 2'!$A$5:$T$772,13,FALSE) -> #N/A | Y63: =VLOOKUP($A63,'TABLA DINAMICA PARCIAL 2'!$A$5:$T$772,14,FALSE) -> #N/A | Z63: =VLOOKUP($A63,'TABLA DINAMICA PARCIAL 2'!$A$5:$T$772,15,FALSE) -> #N/A | AA63: =VLOOKUP($A63,'TABLA DINAMICA PARCIAL 2'!$A$5:$T$772,16,FALSE) -> #N/A | AB63: =VLOOKUP(I63,'TABLA DINAMICA PARCIAL 2'!I797:AB1568,17,FALSE) -> #N/A | AC63: =VLOOKUP(I63,'TABLA DINAMICA PARCIAL 2'!I797:AB1568,18,FALSE) -> #N/A | AD63: =VLOOKUP(I63,'TABLA DINAMICA PARCIAL 2'!I797:AB1568,19,FALSE) -> #N/A | AE63: =SUM(M63:AD63) -> #N/A | AF63: =VLOOKUP($A63,'TABLA DINAMICA PARCIAL 3'!$A$5:$I$768,2,FALSE) -> #N/A | AG63: =VLOOKUP($A63,'TABLA DINAMICA PARCIAL 3'!$A$5:$I$768,3,FALSE) -> #N/A | AH63: =VLOOKUP($A63,'TABLA DINAMICA PARCIAL 3'!$A$5:$I$768,4,FALSE) -> #N/A | AI63: =VLOOKUP($A63,'TABLA DINAMICA PARCIAL 3'!$A$5:$I$768,5,FALSE) -> #N/A | AJ63: =VLOOKUP($A63,'TABLA DINAMICA PARCIAL 3'!$A$5:$I$768,6,FALSE) -> #N/A | AK63: =VLOOKUP($A63,'TABLA DINAMICA PARCIAL 3'!$A$5:$I$768,7,FALSE) -> #N/A | AL63: =VLOOKUP($A63,'TABLA DINAMICA PARCIAL 3'!$A$5:$I$768,8,FALSE) -> #N/A | AM63: =SUM(AF63:AL63) -> #N/A | AN63: =VLOOKUP($A63,'TABLA DINAMICA PARCIAL 4'!$A$5:$F$760,2,FALSE) -> #N/A | AO63: =VLOOKUP($A63,'TABLA DINAMICA PARCIAL 4'!$A$5:$F$760,3,FALSE) -> #N/A | AP63: =VLOOKUP($A63,'TABLA DINAMICA PARCIAL 4'!$A$5:$F$760,4,FALSE) -> #N/A | AQ63: =VLOOKUP($A63,'TABLA DINAMICA PARCIAL 4'!$A$5:$F$760,5,FALSE) -> #N/A | AR63: =VLOOKUP($A63,'TABLA DINAMICA PARCIAL 4'!$A$5:$F$760,6,FALSE) -> #N/A | AS63: =SUM(AN63:AR63) -> #N/A | AT63: =VLOOKUP($A63,'USUARIOS Y GRUPO'!$A$2:$D$851,4,FALSE) -> P19-MAT1022-11
A64: 163746 | B64: Sala Sanchez | C64: Estefania | D64: =VLOOKUP($A64,'TABLA DINAM PARCIAL 1'!$A$5:$I$793,2,FALSE) -> 0 | E64: =VLOOKUP(A64,'TABLA DINAM PARCIAL 1'!A543:I1331,3,FALSE) -> 0 | F64: =VLOOKUP(A64,'TABLA DINAM PARCIAL 1'!A543:I1331,4,FALSE) -> 0 | G64: =VLOOKUP(A64,'TABLA DINAM PARCIAL 1'!A543:I1331,5,FALSE) -> 0 | H64: =VLOOKUP(A64,'TABLA DINAM PARCIAL 1'!A543:I1331,6,FALSE) -> 0 | I64: =VLOOKUP(A64,'TABLA DINAM PARCIAL 1'!A543:I1331,7,FALSE) -> 0 | J64: =VLOOKUP(A64,'TABLA DINAM PARCIAL 1'!A543:I1331,8,FALSE) -> 0 | K64: =VLOOKUP(A64,'TABLA DINAM PARCIAL 1'!A543:I1331,9,FALSE) -> 0 | L64: =SUM(D64:K64) -> 0 | M64: =VLOOKUP($A64,'TABLA DINAMICA PARCIAL 2'!$A$5:$T$772,2,FALSE) -> 0 | N64: =VLOOKUP($A64,'TABLA DINAMICA PARCIAL 2'!$A$5:$T$772,3,FALSE) -> 0 | O64: =VLOOKUP($A64,'TABLA DINAMICA PARCIAL 2'!$A$5:$T$772,4,FALSE) -> 0 | P64: =VLOOKUP($A64,'TABLA DINAMICA PARCIAL 2'!$A$5:$T$772,5,FALSE) -> 0 | Q64: =VLOOKUP($A64,'TABLA DINAMICA PARCIAL 2'!$A$5:$T$772,6,FALSE) -> 0 | R64: =VLOOKUP($A64,'TABLA DINAMICA PARCIAL 2'!$A$5:$T$772,7,FALSE) -> 0 | S64: =VLOOKUP($A64,'TABLA DINAMICA PARCIAL 2'!$A$5:$T$772,8,FALSE) -> 0 | T64: =VLOOKUP($A64,'TABLA DINAMICA PARCIAL 2'!$A$5:$T$772,9,FALSE) -> 0 | U64: =VLOOKUP($A64,'TABLA DINAMICA PARCIAL 2'!$A$5:$T$772,10,FALSE) -> 0 | V64: =VLOOKUP($A64,'TABLA DINAMICA PARCIAL 2'!$A$5:$T$772,11,FALSE) -> 10 | W64: =VLOOKUP($A64,'TABLA DINAMICA PARCIAL 2'!$A$5:$T$772,12,FALSE) -> 10 | X64: =VLOOKUP($A64,'TABLA DINAMICA PARCIAL 2'!$A$5:$T$772,13,FALSE) -> 0 | Y64: =VLOOKUP($A64,'TABLA DINAMICA PARCIAL 2'!$A$5:$T$772,14,FALSE) -> 0 | Z64: =VLOOKUP($A64,'TABLA DINAMICA PARCIAL 2'!$A$5:$T$772,15,FALSE) -> 0 | AA64: =VLOOKUP($A64,'TABLA DINAMICA PARCIAL 2'!$A$5:$T$772,16,FALSE) -> 0 | AB64: =VLOOKUP(I64,'TABLA DINAMICA PARCIAL 2'!I589:AB1360,17,FALSE) -> 0 | AC64: =VLOOKUP(I64,'TABLA DINAMICA PARCIAL 2'!I589:AB1360,18,FALSE) -> 0 | AD64: =VLOOKUP(I64,'TABLA DINAMICA PARCIAL 2'!I589:AB1360,19,FALSE) -> 0 | AE64: =SUM(M64:AD64) -> 20 | AF64: =VLOOKUP($A64,'TABLA DINAMICA PARCIAL 3'!$A$5:$I$768,2,FALSE) -> 0 | AG64: =VLOOKUP($A64,'TABLA DINAMICA PARCIAL 3'!$A$5:$I$768,3,FALSE) -> 0 | AH64: =VLOOKUP($A64,'TABLA DINAMICA PARCIAL 3'!$A$5:$I$768,4,FALSE) -> 10 | AI64: =VLOOKUP($A64,'TABLA DINAMICA PARCIAL 3'!$A$5:$I$768,5,FALSE) -> 0 | AJ64: =VLOOKUP($A64,'TABLA DINAMICA PARCIAL 3'!$A$5:$I$768,6,FALSE) -> 0 | AK64: =VLOOKUP($A64,'TABLA DINAMICA PARCIAL 3'!$A$5:$I$768,7,FALSE) -> 10 | AL64: =VLOOKUP($A64,'TABLA DINAMICA PARCIAL 3'!$A$5:$I$768,8,FALSE) -> 0 | AM64: =SUM(AF64:AL64) -> 20 | AN64: =VLOOKUP($A64,'TABLA DINAMICA PARCIAL 4'!$A$5:$F$760,2,FALSE) -> 0 | AO64: =VLOOKUP($A64,'TABLA DINAMICA PARCIAL 4'!$A$5:$F$760,3,FALSE) -> 0 | AP64: =VLOOKUP($A64,'TABLA DINAMICA PARCIAL 4'!$A$5:$F$760,4,FALSE) -> 0 | AQ64: =VLOOKUP($A64,'TABLA DINAMICA PARCIAL 4'!$A$5:$F$760,5,FALSE) -> 0 | AR64: =VLOOKUP($A64,'TABLA DINAMICA PARCIAL 4'!$A$5:$F$760,6,FALSE) -> 0 | AS64: =SUM(AN64:AR64) -> 0 | AT64: =VLOOKUP($A64,'USUARIOS Y GRUPO'!$A$2:$D$851,4,FALSE) -> P19-MAT1022-12
A65: 163922 | B65: Suastegui Benítez | C65: Gabriela | D65: =VLOOKUP($A65,'TABLA DINAM PARCIAL 1'!$A$5:$I$793,2,FALSE) -> 10 | E65: =VLOOKUP(A65,'TABLA DINAM PARCIAL 1'!A575:I1363,3,FALSE) -> 0 | F65: =VLOOKUP(A65,'TABLA DINAM PARCIAL 1'!A575:I1363,4,FALSE) -> 0 | G65: =VLOOKUP(A65,'TABLA DINAM PARCIAL 1'!A575:I1363,5,FALSE) -> 0 | H65: =VLOOKUP(A65,'TABLA DINAM PARCIAL 1'!A575:I1363,6,FALSE) -> 0 | I65: =VLOOKUP(A65,'TABLA DINAM PARCIAL 1'!A575:I1363,7,FALSE) -> 0 | J65: =VLOOKUP(A65,'TABLA DINAM PARCIAL 1'!A575:I1363,8,FALSE) -> 0 | K65: =VLOOKUP(A65,'TABLA DINAM PARCIAL 1'!A575:I1363,9,FALSE) -> 0 | L65: =SUM(D65:K65) -> 10 | M65: =VLOOKUP($A65,'TABLA DINAMICA PARCIAL 2'!$A$5:$T$772,2,FALSE) -> 0 | N65: =VLOOKUP($A65,'TABLA DINAMICA PARCIAL 2'!$A$5:$T$772,3,FALSE) -> 0 | O65: =VLOOKUP($A65,'TABLA DINAMICA PARCIAL 2'!$A$5:$T$772,4,FALSE) -> 0 | P65: =VLOOKUP($A65,'TABLA DINAMICA PARCIAL 2'!$A$5:$T$772,5,FALSE) -> 10 | Q65: =VLOOKUP($A65,'TABLA DINAMICA PARCIAL 2'!$A$5:$T$772,6,FALSE) -> 0 | R65: =VLOOKUP($A65,'TABLA DINAMICA PARCIAL 2'!$A$5:$T$772,7,FALSE) -> 0 | S65: =VLOOKUP($A65,'TABLA DINAMICA PARCIAL 2'!$A$5:$T$772,8,FALSE) -> 10 | T65: =VLOOKUP($A65,'TABLA DINAMICA PARCIAL 2'!$A$5:$T$772,9,FALSE) -> 0 | U65: =VLOOKUP($A65,'TABLA DINAMICA PARCIAL 2'!$A$5:$T$772,10,FALSE) -> 0 | V65: =VLOOKUP($A65,'TABLA DINAMICA PARCIAL 2'!$A$5:$T$772,11,FALSE) -> 0 | W65: =VLOOKUP($A65,'TABLA DINAMICA PARCIAL 2'!$A$5:$T$772,12,FALSE) -> 0 | X65: =VLOOKUP($A65,'TABLA DINAMICA PARCIAL 2'!$A$5:$T$772,13,FALSE) -> 0 | Y65: =VLOOKUP($A65,'TABLA DINAMICA PARCIAL 2'!$A$5:$T$772,14,FALSE) -> 0 | Z65: =VLOOKUP($A65,'TABLA DINAMICA PARCIAL 2'!$A$5:$T$772,15,FALSE) -> 0 | AA65: =VLOOKUP($A65,'TABLA DINAMICA PARCIAL 2'!$A$5:$T$772,16,FALSE) -> 0 | AB65: =VLOOKUP(I65,'TABLA DINAMICA PARCIAL 2'!I624:AB1395,17,FALSE) -> 0 | AC65: =VLOOKUP(I65,'TABLA DINAMICA PARCIAL 2'!I624:AB1395,18,FALSE) -> 0 | AD65: =VLOOKUP(I65,'TABLA DINAMICA PARCIAL 2'!I624:AB1395,19,FALSE) -> 0 | AE65: =SUM(M65:AD65) -> 20 | AF65: =VLOOKUP($A65,'TABLA DINAMICA PARCIAL 3'!$A$5:$I$768,2,FALSE) -> 10 | AG65: =VLOOKUP($A65,'TABLA DINAMICA PARCIAL 3'!$A$5:$I$768,3,FALSE) -> 0 | AH65: =VLOOKUP($A65,'TABLA DINAMICA PARCIAL 3'!$A$5:$I$768,4,FALSE) -> 10 | AI65: =VLOOKUP($A65,'TABLA DINAMICA PARCIAL 3'!$A$5:$I$768,5,FALSE) -> 0 | AJ65: =VLOOKUP($A65,'TABLA DINAMICA PARCIAL 3'!$A$5:$I$768,6,FALSE) -> 0 | AK65: =VLOOKUP($A65,'TABLA DINAMICA PARCIAL 3'!$A$5:$I$768,7,FALSE) -> 0 | AL65: =VLOOKUP($A65,'TABLA DINAMICA PARCIAL 3'!$A$5:$I$768,8,FALSE) -> 10 | AM65: =SUM(AF65:AL65) -> 30 | AN65: =VLOOKUP($A65,'TABLA DINAMICA PARCIAL 4'!$A$5:$F$760,2,FALSE) -> 0 | AO65: =VLOOKUP($A65,'TABLA DINAMICA PARCIAL 4'!$A$5:$F$760,3,FALSE) -> 0 | AP65: =VLOOKUP($A65,'TABLA DINAMICA PARCIAL 4'!$A$5:$F$760,4,FALSE) -> 0 | AQ65: =VLOOKUP($A65,'TABLA DINAMICA PARCIAL 4'!$A$5:$F$760,5,FALSE) -> 0 | AR65: =VLOOKUP($A65,'TABLA DINAMICA PARCIAL 4'!$A$5:$F$760,6,FALSE) -> 0 | AS65: =SUM(AN65:AR65) -> 0 | AT65: =VLOOKUP($A65,'USUARIOS Y GRUPO'!$A$2:$D$851,4,FALSE) -> P19-MAT1022-12
A66: 164067 | B66: Orihuela Intriago | C66: César | D66: =VLOOKUP($A66,'TABLA DINAM PARCIAL 1'!$A$5:$I$793,2,FALSE) -> 10 | E66: =VLOOKUP(A66,'TABLA DINAM PARCIAL 1'!A600:I1388,3,FALSE) -> 0 | F66: =VLOOKUP(A66,'TABLA DINAM PARCIAL 1'!A600:I1388,4,FALSE) -> 0 | G66: =VLOOKUP(A66,'TABLA DINAM PARCIAL 1'!A600:I1388,5,FALSE) -> 0 | H66: =VLOOKUP(A66,'TABLA DINAM PARCIAL 1'!A600:I1388,6,FALSE) -> 0 | I66: =VLOOKUP(A66,'TABLA DINAM PARCIAL 1'!A600:I1388,7,FALSE) -> 0 | J66: =VLOOKUP(A66,'TABLA DINAM PARCIAL 1'!A600:I1388,8,FALSE) -> 0 | K66: =VLOOKUP(A66,'TABLA DINAM PARCIAL 1'!A600:I1388,9,FALSE) -> 0 | L66: =SUM(D66:K66) -> 10 | M66: =VLOOKUP($A66,'TABLA DINAMICA PARCIAL 2'!$A$5:$T$772,2,FALSE) -> 0 | N66: =VLOOKUP($A66,'TABLA DINAMICA PARCIAL 2'!$A$5:$T$772,3,FALSE) -> 0 | O66: =VLOOKUP($A66,'TABLA DINAMICA PARCIAL 2'!$A$5:$T$772,4,FALSE) -> 0 | P66: =VLOOKUP($A66,'TABLA DINAMICA PARCIAL 2'!$A$5:$T$772,5,FALSE) -> 0 | Q66: =VLOOKUP($A66,'TABLA DINAMICA PARCIAL 2'!$A$5:$T$772,6,FALSE) -> 0 | R66: =VLOOKUP($A66,'TABLA DINAMICA PARCIAL 2'!$A$5:$T$772,7,FALSE) -> 10 | S66: =VLOOKUP($A66,'TABLA DINAMICA PARCIAL 2'!$A$5:$T$772,8,FALSE) -> 0 | T66: =VLOOKUP($A66,'TABLA DINAMICA PARCIAL 2'!$A$5:$T$772,9,FALSE) -> 0 | U66: =VLOOKUP($A66,'TABLA DINAMICA PARCIAL 2'!$A$5:$T$772,10,FALSE) -> 0 | V66: =VLOOKUP($A66,'TABLA DINAMICA PARCIAL 2'!$A$5:$T$772,11,FALSE) -> 0 | W66: =VLOOKUP($A66,'TABLA DINAMICA PARCIAL 2'!$A$5:$T$772,12,FALSE) -> 10 | X66: =VLOOKUP($A66,'TABLA DINAMICA PARCIAL 2'!$A$5:$T$772,13,FALSE) -> 0 | Y66: =VLOOKUP($A66,'TABLA DINAMICA PARCIAL 2'!$A$5:$T$772,14,FALSE) -> 0 | Z66: =VLOOKUP($A66,'TABLA DINAMICA PARCIAL 2'!$A$5:$T$772,15,FALSE) -> 0 | AA66: =VLOOKUP($A66,'TABLA DINAMICA PARCIAL 2'!$A$5:$T$772,16,FALSE) -> 0 | AB66: =VLOOKUP(I66,'TABLA DINAMICA PARCIAL 2'!I651:AB1422,17,FALSE) -> 0 | AC66: =VLOOKUP(I66,'TABLA DINAMICA PARCIAL 2'!I651:AB1422,18,FALSE) -> 0 | AD66: =VLOOKUP(I66,'TABLA DINAMICA PARCIAL 2'!I651:AB1422,19,FALSE) -> 0 | AE66: =SUM(M66:AD66) -> 20 | AF66: =VLOOKUP($A66,'TABLA DINAMICA PARCIAL 3'!$A$5:$I$768,2,FALSE) -> 0 | AG66: =VLOOKUP($A66,'TABLA DINAMICA PARCIAL 3'!$A$5:$I$768,3,FALSE) -> 0 | AH66: =VLOOKUP($A66,'TABLA DINAMICA PARCIAL 3'!$A$5:$I$768,4,FALSE) -> 0 | AI66: =VLOOKUP($A66,'TABLA DINAMICA PARCIAL 3'!$A$5:$I$768,5,FALSE) -> 0 | AJ66: =VLOOKUP($A66,'TABLA DINAMICA PARCIAL 3'!$A$5:$I$768,6,FALSE) -> 10 | AK66: =VLOOKUP($A66,'TABLA DINAMICA PARCIAL 3'!$A$5:$I$768,7,FALSE) -> 0 | AL66: =VLOOKUP($A66,'TABLA DINAMICA PARCIAL 3'!$A$5:$I$768,8,FALSE) -> 0 | AM66: =SUM(AF66:AL66) -> 10 | AN66: =VLOOKUP($A66,'TABLA DINAMICA PARCIAL 4'!$A$5:$F$760,2,FALSE) -> 0 | AO66: =VLOOKUP($A66,'TABLA DINAMICA PARCIAL 4'!$A$5:$F$760,3,FALSE) -> 0 | AP66: =VLOOKUP($A66,'TABLA DINAMICA PARCIAL 4'!$A$5:$F$760,4,FALSE) -> 0 | AQ66: =VLOOKUP($A66,'TABLA DINAMICA PARCIAL 4'!$A$5:$F$760,5,FALSE) -> 0 | AR66: =VLOOKUP($A66,'TABLA DINAMICA PARCIAL 4'!$A$5:$F$760,6,FALSE) -> 0 | AS66: =SUM(AN66:AR66) -> 0 | AT66: =VLOOKUP($A66,'USUARIOS Y GRUPO'!$A$2:$D$851,4,FALSE) -> P19-MAT1022-12
A67: 164128 | B67: Lozada Flores | C67: Vianey | D67: =VLOOKUP($A67,'TABLA DINAM PARCIAL 1'!$A$5:$I$793,2,FALSE) -> 0 | E67: =VLOOKUP(A67,'TABLA DINAM PARCIAL 1'!A630:I1418,3,FALSE) -> 0 | F67: =VLOOKUP(A67,'TABLA DINAM PARCIAL 1'!A630:I1418,4,FALSE) -> 10 | G67: =VLOOKUP(A67,'TABLA DINAM PARCIAL 1'!A630:I1418,5,FALSE) -> 0 | H67: =VLOOKUP(A67,'TABLA DINAM PARCIAL 1'!A630:I1418,6,FALSE) -> 0 | I67: =VLOOKUP(A67,'TABLA DINAM PARCIAL 1'!A630:I1418,7,FALSE) -> 0 | J67: =VLOOKUP(A67,'TABLA DINAM PARCIAL 1'!A630:I1418,8,FALSE) -> 0 | K67: =VLOOKUP(A67,'TABLA DINAM PARCIAL 1'!A630:I1418,9,FALSE) -> 0 | L67: =SUM(D67:K67) -> 10 | M67: =VLOOKUP($A67,'TABLA DINAMICA PARCIAL 2'!$A$5:$T$772,2,FALSE) -> 0 | N67: =VLOOKUP($A67,'TABLA DINAMICA PARCIAL 2'!$A$5:$T$772,3,FALSE) -> 0 | O67: =VLOOKUP($A67,'TABLA DINAMICA PARCIAL 2'!$A$5:$T$772,4,FALSE) -> 0 | P67: =VLOOKUP($A67,'TABLA DINAMICA PARCIAL 2'!$A$5:$T$772,5,FALSE) -> 0 | Q67: =VLOOKUP($A67,'TABLA DINAMICA PARCIAL 2'!$A$5:$T$772,6,FALSE) -> 0 | R67: =VLOOKUP($A67,'TABLA DINAMICA PARCIAL 2'!$A$5:$T$772,7,FALSE) -> 0 | S67: =VLOOKUP($A67,'TABLA DINAMICA PARCIAL 2'!$A$5:$T$772,8,FALSE) -> 0 | T67: =VLOOKUP($A67,'TABLA DINAMICA PARCIAL 2'!$A$5:$T$772,9,FALSE) -> 0 | U67: =VLOOKUP($A67,'TABLA DINAMICA PARCIAL 2'!$A$5:$T$772,10,FALSE) -> 0 | V67: =VLOOKUP($A67,'TABLA DINAMICA PARCIAL 2'!$A$5:$T$772,11,FALSE) -> 0 | W67: =VLOOKUP($A67,'TABLA DINAMICA PARCIAL 2'!$A$5:$T$772,12,FALSE) -> 0 | X67: =VLOOKUP($A67,'TABLA DINAMICA PARCIAL 2'!$A$5:$T$772,13,FALSE) -> 0 | Y67: =VLOOKUP($A67,'TABLA DINAMICA PARCIAL 2'!$A$5:$T$772,14,FALSE) -> 0 | Z67: =VLOOKUP($A67,'TABLA DINAMICA PARCIAL 2'!$A$5:$T$772,15,FALSE) -> 0 | AA67: =VLOOKUP($A67,'TABLA DINAMICA PARCIAL 2'!$A$5:$T$772,16,FALSE) -> 0 | AB67: =VLOOKUP(I67,'TABLA DINAMICA PARCIAL 2'!I681:AB1452,17,FALSE) -> 0 | AC67: =VLOOKUP(I67,'TABLA DINAMICA PARCIAL 2'!I681:AB1452,18,FALSE) -> 0 | AD67: =VLOOKUP(I67,'TABLA DINAMICA PARCIAL 2'!I681:AB1452,19,FALSE) -> 0 | AE67: =SUM(M67:AD67) -> 0 | AF67: =VLOOKUP($A67,'TABLA DINAMICA PARCIAL 3'!$A$5:$I$768,2,FALSE) -> 10 | AG67: =VLOOKUP($A67,'TABLA DINAMICA PARCIAL 3'!$A$5:$I$768,3,FALSE) -> 0 | AH67: =VLOOKUP($A67,'TABLA DINAMICA PARCIAL 3'!$A$5:$I$768,4,FALSE) -> 0 | AI67: =VLOOKUP($A67,'TABLA DINAMICA PARCIAL 3'!$A$5:$I$768,5,FALSE) -> 0 | AJ67: =VLOOKUP($A67,'TABLA DINAMICA PARCIAL 3'!$A$5:$I$768,6,FALSE) -> 0 | AK67: =VLOOKUP($A67,'TABLA DINAMICA PARCIAL 3'!$A$5:$I$768,7,FALSE) -> 0 | AL67: =VLOOKUP($A67,'TABLA DINAMICA PARCIAL 3'!$A$5:$I$768,8,FALSE) -> 0 | AM67: =SUM(AF67:AL67) -> 10 | AN67: =VLOOKUP($A67,'TABLA DINAMICA PARCIAL 4'!$A$5:$F$760,2,FALSE) -> 10 | AO67: =VLOOKUP($A67,'TABLA DINAMICA PARCIAL 4'!$A$5:$F$760,3,FALSE) -> 0 | AP67: =VLOOKUP($A67,'TABLA DINAMICA PARCIAL 4'!$A$5:$F$760,4,FALSE) -> 10 | AQ67: =VLOOKUP($A67,'TABLA DINAMICA PARCIAL 4'!$A$5:$F$760,5,FALSE) -> 0 | AR67: =VLOOKUP($A67,'TABLA DINAMICA PARCIAL 4'!$A$5:$F$760,6,FALSE) -> 0 | AS67: =SUM(AN67:AR67) -> 20 | AT67: =VLOOKUP($A67,'USUARIOS Y GRUPO'!$A$2:$D$851,4,FALSE) -> P19-MAT1022-12
