Workbook

Sheet Examen diagnóstico (2)
A1: Apellidos | B1: Nombre | C1: Nombre de usuario | D1: ID | E1: DIAGNÓSTICO 1. CONJUNTOS (G)(1) [Puntos totales: 50 Puntuación] |179315 | F1: DIAGNÓSTICO 2. NÚMEROS (G)(1) [Puntos totales: 40 Puntuación] |179316 | G1: DIAGNÓSTICO 3. SÍMBOLOS ALGEBRAICOS (G)(1) [Puntos totales: 70 Puntuación] |179317 | H1: DIAGNÓSTICO (G1) [Puntos totales: 20 Puntuación] |179223 | I1: DIAGNÓSTICO G3 [Puntos totales: 60 Puntuación] |179224 | J1: DIAGNÓSTICO G2 [Puntos totales: 20 Puntuación] |179225 | K1: DIAGNÓSTICO G4 [Puntos totales: 10 Puntuación] |179226 | L1: DIAGNÓSTICO G5 [Puntos totales: 10 Puntuación] |179227 | M1: RTDG [Puntos totales: hasta 120 Puntuación] |179221 | N1: Control de becarios [Puntos totales: 20 Puntuación] |179314 | O1: RTDGB [Puntos totales: hasta 160 Puntuación] |179318 | P1: Orden o jerarquía de operaciones [Puntos totales: 0 Puntuación] |179319 | Q1: Prueba [Puntos totales: 10 Puntuación] |181213 | R1: Prueba [Puntos totales: 10 Puntuación] |181214 | S1: Examen 160 | T1: Examen 120 | U1: PRESENTÓ | V1: PE 160 | W1: PE 120 | X1: AP 160 | Y1: AP 120 | Z1: CONJUNTOS | AA1: NÚMEROS | AB1: SÍMBOLOS | AC1: DIAGG1 | AD1: DIAGG2 | AE1: DIAGG3 | AF1: DIAGG4 | AG1: DIAGG5
A2: . Beltrán | B2: Xitlaly | C2: 164732 | D2: 164732 | S2: =O2/16 -> 0 | T2: =M2/12 -> 0 | U2: =IF(AND(E2="",F2="",G2="",H2="",I2="",J2="",K2="",L2="",M2=""),0,1) -> 0 | V2: =IF(O2="",0,1) -> 0 | W2: =IF(M2="",0,1) -> 0 | X2: =IF(AND(V2=1,S2>6),1,0) -> 0 | Y2: =IF(AND(W2=1,T2>6),1,0) -> 0 | Z2: =E2/5 -> 0 | AA2: =F2/4 -> 0 | AB2: =G2/7 -> 0 | AC2: =H2/2 -> 0 | AD2: =I2/6 -> 0 | AE2: =J2/2 -> 0 | AF2: =K2 -> 0 | AG2: =L2 -> 0
A3: Abad Muñoz | B3: Andres | C3: 168181 | D3: 168181 | H3: 0 | I3: 40 | J3: 10 | K3: 10 | L3: 0 | M3: 60 | S3: =O3/16 -> 0 | T3: =M3/12 -> 5 | U3: =IF(AND(E3="",F3="",G3="",H3="",I3="",J3="",K3="",L3="",M3=""),0,1) -> 1 | V3: =IF(O3="",0,1) -> 0 | W3: =IF(M3="",0,1) -> 1 | X3: =IF(AND(V3=1,S3>6),1,0) -> 0 | Y3: =IF(AND(W3=1,T3>6),1,0) -> 0 | Z3: =E3/5 -> 0 | AA3: =F3/4 -> 0 | AB3: =G3/7 -> 0 | AC3: =H3/2 -> 0 | AD3: =I3/6 -> 6.6666667 | AE3: =J3/2 -> 5 | AF3: =K3 -> 10 | AG3: =L3 -> 0
A4: Abascal Bernal | B4: Elizabeth | C4: 166769 | D4: 166769 | H4: 20 | I4: 40 | J4: 0 | K4: 10 | L4: 0 | M4: 70 | S4: =O4/16 -> 0 | T4: =M4/12 -> 5.8333333 | U4: =IF(AND(E4="",F4="",G4="",H4="",I4="",J4="",K4="",L4="",M4=""),0,1) -> 1 | V4: =IF(O4="",0,1) -> 0 | W4: =IF(M4="",0,1) -> 1 | X4: =IF(AND(V4=1,S4>6),1,0) -> 0 | Y4: =IF(AND(W4=1,T4>6),1,0) -> 0 | Z4: =E4/5 -> 0 | AA4: =F4/4 -> 0 | AB4: =G4/7 -> 0 | AC4: =H4/2 -> 10 | AD4: =I4/6 -> 6.6666667 | AE4: =J4/2 -> 0 | AF4: =K4 -> 10 | AG4: =L4 -> 0
A5: Abascal Bernal | B5: Maria Jose | C5: 166768 | D5: 166768 | E5: 10 | F5: 10 | G5: 40 | O5: 60 | S5: =O5/16 -> 3.75 | T5: =M5/12 -> 0 | U5: =IF(AND(E5="",F5="",G5="",H5="",I5="",J5="",K5="",L5="",M5=""),0,1) -> 1 | V5: =IF(O5="",0,1) -> 1 | W5: =IF(M5="",0,1) -> 0 | X5: =IF(AND(V5=1,S5>6),1,0) -> 0 | Y5: =IF(AND(W5=1,T5>6),1,0) -> 0 | Z5: =E5/5 -> 2 | AA5: =F5/4 -> 2.5 | AB5: =G5/7 -> 5.7142857 | AC5: =H5/2 -> 0 | AD5: =I5/6 -> 0 | AE5: =J5/2 -> 0 | AF5: =K5 -> 0 | AG5: =L5 -> 0
A6: Abraham Rothlaender | B6: Lucia | C6: 167803 | D6: 167803 | E6: 30 | F6: 20 | G6: 30 | O6: 80 | S6: =O6/16 -> 5 | T6: =M6/12 -> 0 | U6: =IF(AND(E6="",F6="",G6="",H6="",I6="",J6="",K6="",L6="",M6=""),0,1) -> 1 | V6: =IF(O6="",0,1) -> 1 | W6: =IF(M6="",0,1) -> 0 | X6: =IF(AND(V6=1,S6>6),1,0) -> 0 | Y6: =IF(AND(W6=1,T6>6),1,0) -> 0 | Z6: =E6/5 -> 6 | AA6: =F6/4 -> 5 | AB6: =G6/7 -> 4.2857143 | AC6: =H6/2 -> 0 | AD6: =I6/6 -> 0 | AE6: =J6/2 -> 0 | AF6: =K6 -> 0 | AG6: =L6 -> 0
A7: Abrego Osorio | B7: Elizabeth | C7: 166428 | D7: 166428 | E7: 50 | O7: 50 | S7: =O7/16 -> 3.125 | T7: =M7/12 -> 0 | U7: =IF(AND(E7="",F7="",G7="",H7="",I7="",J7="",K7="",L7="",M7=""),0,1) -> 1 | V7: =IF(O7="",0,1) -> 1 | W7: =IF(M7="",0,1) -> 0 | X7: =IF(AND(V7=1,S7>6),1,0) -> 0 | Y7: =IF(AND(W7=1,T7>6),1,0) -> 0 | Z7: =E7/5 -> 10 | AA7: =F7/4 -> 0 | AB7: =G7/7 -> 0 | AC7: =H7/2 -> 0 | AD7: =I7/6 -> 0 | AE7: =J7/2 -> 0 | AF7: =K7 -> 0 | AG7: =L7 -> 0
A8: Aburto Ramos | B8: Marlene | C8: 165299 | D8: 165299 | E8: 30 | F8: 0 | G8: 10 | O8: 40 | S8: =O8/16 -> 2.5 | T8: =M8/12 -> 0 | U8: =IF(AND(E8="",F8="",G8="",H8="",I8="",J8="",K8="",L8="",M8=""),0,1) -> 1 | V8: =IF(O8="",0,1) -> 1 | W8: =IF(M8="",0,1) -> 0 | X8: =IF(AND(V8=1,S8>6),1,0) -> 0 | Y8: =IF(AND(W8=1,T8>6),1,0) -> 0 | Z8: =E8/5 -> 6 | AA8: =F8/4 -> 0 | AB8: =G8/7 -> 1.4285714 | AC8: =H8/2 -> 0 | AD8: =I8/6 -> 0 | AE8: =J8/2 -> 0 | AF8: =K8 -> 0 | AG8: =L8 -> 0
A9: Acevedo Ledo | B9: Flavio Jesús | C9: 168488 | D9: 168488 | E9: 30 | F9: 10 | G9: 40 | O9: 80 | S9: =O9/16 -> 5 | T9: =M9/12 -> 0 | U9: =IF(AND(E9="",F9="",G9="",H9="",I9="",J9="",K9="",L9="",M9=""),0,1) -> 1 | V9: =IF(O9="",0,1) -> 1 | W9: =IF(M9="",0,1) -> 0 | X9: =IF(AND(V9=1,S9>6),1,0) -> 0 | Y9: =IF(AND(W9=1,T9>6),1,0) -> 0 | Z9: =E9/5 -> 6 | AA9: =F9/4 -> 2.5 | AB9: =G9/7 -> 5.7142857 | AC9: =H9/2 -> 0 | AD9: =I9/6 -> 0 | AE9: =J9/2 -> 0 | AF9: =K9 -> 0 | AG9: =L9 -> 0
A10: Acevedo Molina | B10: Luis Carlos | C10: 161869 | D10: 161869 | S10: =O10/16 -> 0 | T10: =M10/12 -> 0 | U10: =IF(AND(E10="",F10="",G10="",H10="",I10="",J10="",K10="",L10="",M10=""),0,1) -> 0 | V10: =IF(O10="",0,1) -> 0 | W10: =IF(M10="",0,1) -> 0 | X10: =IF(AND(V10=1,S10>6),1,0) -> 0 | Y10: =IF(AND(W10=1,T10>6),1,0) -> 0 | Z10: =E10/5 -> 0 | AA10: =F10/4 -> 0 | AB10: =G10/7 -> 0 | AC10: =H10/2 -> 0 | AD10: =I10/6 -> 0 | AE10: =J10/2 -> 0 | AF10: =K10 -> 0 | AG10: =L10 -> 0
A11: Aceves_PreviewUser | B11: Denisse | C11: 21275_previewuser | S11: =O11/16 -> 0 | T11: =M11/12 -> 0 | U11: =IF(AND(E11="",F11="",G11="",H11="",I11="",J11="",K11="",L11="",M11=""),0,1) -> 0 | V11: =IF(O11="",0,1) -> 0 | W11: =IF(M11="",0,1) -> 0 | X11: =IF(AND(V11=1,S11>6),1,0) -> 0 | Y11: =IF(AND(W11=1,T11>6),1,0) -> 0 | Z11: =E11/5 -> 0 | AA11: =F11/4 -> 0 | AB11: =G11/7 -> 0 | AC11: =H11/2 -> 0 | AD11: =I11/6 -> 0 | AE11: =J11/2 -> 0 | AF11: =K11 -> 0 | AG11: =L11 -> 0
A12: Acosta Avila | B12: David André | C12: 166580 | D12: 166580 | H12: 20 | I12: 20 | J12: 20 | K12: 10 | L12: 0 | M12: 70 | S12: =O12/16 -> 0 | T12: =M12/12 -> 5.8333333 | U12: =IF(AND(E12="",F12="",G12="",H12="",I12="",J12="",K12="",L12="",M12=""),0,1) -> 1 | V12: =IF(O12="",0,1) -> 0 | W12: =IF(M12="",0,1) -> 1 | X12: =IF(AND(V12=1,S12>6),1,0) -> 0 | Y12: =IF(AND(W12=1,T12>6),1,0) -> 0 | Z12: =E12/5 -> 0 | AA12: =F12/4 -> 0 | AB12: =G12/7 -> 0 | AC12: =H12/2 -> 10 | AD12: =I12/6 -> 3.3333333 | AE12: =J12/2 -> 10 | AF12: =K12 -> 10 | AG12: =L12 -> 0
A13: Acosta Herrera | B13: Maximo Daniel | C13: 168631 | D13: 168631 | E13: 10 | F13: 10 | G13: 40 | O13: 60 | S13: =O13/16 -> 3.75 | T13: =M13/12 -> 0 | U13: =IF(AND(E13="",F13="",G13="",H13="",I13="",J13="",K13="",L13="",M13=""),0,1) -> 1 | V13: =IF(O13="",0,1) -> 1 | W13: =IF(M13="",0,1) -> 0 | X13: =IF(AND(V13=1,S13>6),1,0) -> 0 | Y13: =IF(AND(W13=1,T13>6),1,0) -> 0 | Z13: =E13/5 -> 2 | AA13: =F13/4 -> 2.5 | AB13: =G13/7 -> 5.7142857 | AC13: =H13/2 -> 0 | AD13: =I13/6 -> 0 | AE13: =J13/2 -> 0 | AF13: =K13 -> 0 | AG13: =L13 -> 0
A14: Affif Téllez | B14: Alejandra | C14: 167152 | D14: 167152 | E14: 10 | F14: 20 | G14: 10 | O14: 40 | S14: =O14/16 -> 2.5 | T14: =M14/12 -> 0 | U14: =IF(AND(E14="",F14="",G14="",H14="",I14="",J14="",K14="",L14="",M14=""),0,1) -> 1 | V14: =IF(O14="",0,1) -> 1 | W14: =IF(M14="",0,1) -> 0 | X14: =IF(AND(V14=1,S14>6),1,0) -> 0 | Y14: =IF(AND(W14=1,T14>6),1,0) -> 0 | Z14: =E14/5 -> 2 | AA14: =F14/4 -> 5 | AB14: =G14/7 -> 1.4285714 | AC14: =H14/2 -> 0 | AD14: =I14/6 -> 0 | AE14: =J14/2 -> 0 | AF14: =K14 -> 0 | AG14: =L14 -> 0
A15: Aguado Siany | B15: Fernando | C15: 167383 | D15: 167383 | E15: 10 | F15: 10 | G15: 50 | O15: 70 | S15: =O15/16 -> 4.375 | T15: =M15/12 -> 0 | U15: =IF(AND(E15="",F15="",G15="",H15="",I15="",J15="",K15="",L15="",M15=""),0,1) -> 1 | V15: =IF(O15="",0,1) -> 1 | W15: =IF(M15="",0,1) -> 0 | X15: =IF(AND(V15=1,S15>6),1,0) -> 0 | Y15: =IF(AND(W15=1,T15>6),1,0) -> 0 | Z15: =E15/5 -> 2 | AA15: =F15/4 -> 2.5 | AB15: =G15/7 -> 7.1428571 | AC15: =H15/2 -> 0 | AD15: =I15/6 -> 0 | AE15: =J15/2 -> 0 | AF15: =K15 -> 0 | AG15: =L15 -> 0
A16: Aguayo Zanoguera | B16: Josué Roberto | C16: 166092 | D16: 166092 | E16: 30 | F16: 20 | G16: 30 | O16: 80 | S16: =O16/16 -> 5 | T16: =M16/12 -> 0 | U16: =IF(AND(E16="",F16="",G16="",H16="",I16="",J16="",K16="",L16="",M16=""),0,1) -> 1 | V16: =IF(O16="",0,1) -> 1 | W16: =IF(M16="",0,1) -> 0 | X16: =IF(AND(V16=1,S16>6),1,0) -> 0 | Y16: =IF(AND(W16=1,T16>6),1,0) -> 0 | Z16: =E16/5 -> 6 | AA16: =F16/4 -> 5 | AB16: =G16/7 -> 4.2857143 | AC16: =H16/2 -> 0 | AD16: =I16/6 -> 0 | AE16: =J16/2 -> 0 | AF16: =K16 -> 0 | AG16: =L16 -> 0
A17: Aguila Guevara | B17: Mariana | C17: 166384 | D17: 166384 | E17: 40 | F17: 10 | G17: 40 | O17: 90 | S17: =O17/16 -> 5.625 | T17: =M17/12 -> 0 | U17: =IF(AND(E17="",F17="",G17="",H17="",I17="",J17="",K17="",L17="",M17=""),0,1) -> 1 | V17: =IF(O17="",0,1) -> 1 | W17: =IF(M17="",0,1) -> 0 | X17: =IF(AND(V17=1,S17>6),1,0) -> 0 | Y17: =IF(AND(W17=1,T17>6),1,0) -> 0 | Z17: =E17/5 -> 8 | AA17: =F17/4 -> 2.5 | AB17: =G17/7 -> 5.7142857 | AC17: =H17/2 -> 0 | AD17: =I17/6 -> 0 | AE17: =J17/2 -> 0 | AF17: =K17 -> 0 | AG17: =L17 -> 0
A18: Aguilar Cepeda | B18: Luis Alejandro | C18: 164706 | D18: 164706 | R18: 0 | S18: =O18/16 -> 0 | T18: =M18/12 -> 0 | U18: =IF(AND(E18="",F18="",G18="",H18="",I18="",J18="",K18="",L18="",M18=""),0,1) -> 0 | V18: =IF(O18="",0,1) -> 0 | W18: =IF(M18="",0,1) -> 0 | X18: =IF(AND(V18=1,S18>6),1,0) -> 0 | Y18: =IF(AND(W18=1,T18>6),1,0) -> 0 | Z18: =E18/5 -> 0 | AA18: =F18/4 -> 0 | AB18: =G18/7 -> 0 | AC18: =H18/2 -> 0 | AD18: =I18/6 -> 0 | AE18: =J18/2 -> 0 | AF18: =K18 -> 0 | AG18: =L18 -> 0
A19: Aguilar Lobato | B19: Ana Karen | C19: 165973 | D19: 165973 | H19: 10 | I19: 10 | J19: 10 | K19: 10 | L19: 0 | M19: 40 | S19: =O19/16 -> 0 | T19: =M19/12 -> 3.3333333 | U19: =IF(AND(E19="",F19="",G19="",H19="",I19="",J19="",K19="",L19="",M19=""),0,1) -> 1 | V19: =IF(O19="",0,1) -> 0 | W19: =IF(M19="",0,1) -> 1 | X19: =IF(AND(V19=1,S19>6),1,0) -> 0 | Y19: =IF(AND(W19=1,T19>6),1,0) -> 0 | Z19: =E19/5 -> 0 | AA19: =F19/4 -> 0 | AB19: =G19/7 -> 0 | AC19: =H19/2 -> 5 | AD19: =I19/6 -> 1.6666667 | AE19: =J19/2 -> 5 | AF19: =K19 -> 10 | AG19: =L19 -> 0
A20: Aguilar Morales | B20: Mariam | C20: 167354 | D20: 167354 | H20: 10 | I20: 40 | J20: 10 | K20: 0 | L20: 0 | M20: 60 | S20: =O20/16 -> 0 | T20: =M20/12 -> 5 | U20: =IF(AND(E20="",F20="",G20="",H20="",I20="",J20="",K20="",L20="",M20=""),0,1) -> 1 | V20: =IF(O20="",0,1) -> 0 | W20: =IF(M20="",0,1) -> 1 | X20: =IF(AND(V20=1,S20>6),1,0) -> 0 | Y20: =IF(AND(W20=1,T20>6),1,0) -> 0 | Z20: =E20/5 -> 0 | AA20: =F20/4 -> 0 | AB20: =G20/7 -> 0 | AC20: =H20/2 -> 5 | AD20: =I20/6 -> 6.6666667 | AE20: =J20/2 -> 5 | AF20: =K20 -> 0 | AG20: =L20 -> 0
A21: Aguilar Paz | B21: Sebastián | C21: 168609 | D21: 168609 | H21: 20 | I21: 30 | J21: 20 | K21: 0 | L21: 10 | M21: 80 | S21: =O21/16 -> 0 | T21: =M21/12 -> 6.6666667 | U21: =IF(AND(E21="",F21="",G21="",H21="",I21="",J21="",K21="",L21="",M21=""),0,1) -> 1 | V21: =IF(O21="",0,1) -> 0 | W21: =IF(M21="",0,1) -> 1 | X21: =IF(AND(V21=1,S21>6),1,0) -> 0 | Y21: =IF(AND(W21=1,T21>6),1,0) -> 1 | Z21: =E21/5 -> 0 | AA21: =F21/4 -> 0 | AB21: =G21/7 -> 0 | AC21: =H21/2 -> 10 | AD21: =I21/6 -> 5 | AE21: =J21/2 -> 10 | AF21: =K21 -> 0 | AG21: =L21 -> 10
A22: Aguilar Salazar | B22: Paulina | C22: 166791 | D22: 166791 | E22: 10 | F22: 10 | G22: 30 | O22: 50 | S22: =O22/16 -> 3.125 | T22: =M22/12 -> 0 | U22: =IF(AND(E22="",F22="",G22="",H22="",I22="",J22="",K22="",L22="",M22=""),0,1) -> 1 | V22: =IF(O22="",0,1) -> 1 | W22: =IF(M22="",0,1) -> 0 | X22: =IF(AND(V22=1,S22>6),1,0) -> 0 | Y22: =IF(AND(W22=1,T22>6),1,0) -> 0 | Z22: =E22/5 -> 2 | AA22: =F22/4 -> 2.5 | AB22: =G22/7 -> 4.2857143 | AC22: =H22/2 -> 0 | AD22: =I22/6 -> 0 | AE22: =J22/2 -> 0 | AF22: =K22 -> 0 | AG22: =L22 -> 0
A23: Aguilera V zquez | B23: Monica | C23: 167553 | D23: 167553 | H23: 10 | I23: 30 | J23: 10 | K23: 10 | L23: 0 | M23: 60 | S23: =O23/16 -> 0 | T23: =M23/12 -> 5 | U23: =IF(AND(E23="",F23="",G23="",H23="",I23="",J23="",K23="",L23="",M23=""),0,1) -> 1 | V23: =IF(O23="",0,1) -> 0 | W23: =IF(M23="",0,1) -> 1 | X23: =IF(AND(V23=1,S23>6),1,0) -> 0 | Y23: =IF(AND(W23=1,T23>6),1,0) -> 0 | Z23: =E23/5 -> 0 | AA23: =F23/4 -> 0 | AB23: =G23/7 -> 0 | AC23: =H23/2 -> 5 | AD23: =I23/6 -> 5 | AE23: =J23/2 -> 5 | AF23: =K23 -> 10 | AG23: =L23 -> 0
A24: Aguirre Gutiérrez | B24: Brenda Elizabeth | C24: 168589 | D24: 168589 | H24: 20 | I24: 50 | J24: 10 | K24: 10 | L24: 10 | M24: 100 | S24: =O24/16 -> 0 | T24: =M24/12 -> 8.3333333 | U24: =IF(AND(E24="",F24="",G24="",H24="",I24="",J24="",K24="",L24="",M24=""),0,1) -> 1 | V24: =IF(O24="",0,1) -> 0 | W24: =IF(M24="",0,1) -> 1 | X24: =IF(AND(V24=1,S24>6),1,0) -> 0 | Y24: =IF(AND(W24=1,T24>6),1,0) -> 1 | Z24: =E24/5 -> 0 | AA24: =F24/4 -> 0 | AB24: =G24/7 -> 0 | AC24: =H24/2 -> 10 | AD24: =I24/6 -> 8.3333333 | AE24: =J24/2 -> 5 | AF24: =K24 -> 10 | AG24: =L24 -> 10
A25: Aguirre Hernández | B25: Ixchel Janice | C25: 167379 | D25: 167379 | S25: =O25/16 -> 0 | T25: =M25/12 -> 0 | U25: =IF(AND(E25="",F25="",G25="",H25="",I25="",J25="",K25="",L25="",M25=""),0,1) -> 0 | V25: =IF(O25="",0,1) -> 0 | W25: =IF(M25="",0,1) -> 0 | X25: =IF(AND(V25=1,S25>6),1,0) -> 0 | Y25: =IF(AND(W25=1,T25>6),1,0) -> 0 | Z25: =E25/5 -> 0 | AA25: =F25/4 -> 0 | AB25: =G25/7 -> 0 | AC25: =H25/2 -> 0 | AD25: =I25/6 -> 0 | AE25: =J25/2 -> 0 | AF25: =K25 -> 0 | AG25: =L25 -> 0
A26: Aguirre Torres | B26: Paola | C26: 167637 | D26: 167637 | E26: 10 | F26: 20 | G26: 20 | O26: 50 | S26: =O26/16 -> 3.125 | T26: =M26/12 -> 0 | U26: =IF(AND(E26="",F26="",G26="",H26="",I26="",J26="",K26="",L26="",M26=""),0,1) -> 1 | V26: =IF(O26="",0,1) -> 1 | W26: =IF(M26="",0,1) -> 0 | X26: =IF(AND(V26=1,S26>6),1,0) -> 0 | Y26: =IF(AND(W26=1,T26>6),1,0) -> 0 | Z26: =E26/5 -> 2 | AA26: =F26/4 -> 5 | AB26: =G26/7 -> 2.8571429 | AC26: =H26/2 -> 0 | AD26: =I26/6 -> 0 | AE26: =J26/2 -> 0 | AF26: =K26 -> 0 | AG26: =L26 -> 0
A27: Agut Cadena | B27: Angélica Paola | C27: 165710 | D27: 165710 | H27: 10 | I27: 40 | J27: 20 | K27: 0 | L27: 10 | M27: 80 | S27: =O27/16 -> 0 | T27: =M27/12 -> 6.6666667 | U27: =IF(AND(E27="",F27="",G27="",H27="",I27="",J27="",K27="",L27="",M27=""),0,1) -> 1 | V27: =IF(O27="",0,1) -> 0 | W27: =IF(M27="",0,1) -> 1 | X27: =IF(AND(V27=1,S27>6),1,0) -> 0 | Y27: =IF(AND(W27=1,T27>6),1,0) -> 1 | Z27: =E27/5 -> 0 | AA27: =F27/4 -> 0 | AB27: =G27/7 -> 0 | AC27: =H27/2 -> 5 | AD27: =I27/6 -> 6.6666667 | AE27: =J27/2 -> 10 | AF27: =K27 -> 0 | AG27: =L27 -> 10
A28: Ahedo Marquez | B28: Raul | C28: 166283 | D28: 166283 | E28: 10 | F28: 10 | G28: 40 | O28: 60 | S28: =O28/16 -> 3.75 | T28: =M28/12 -> 0 | U28: =IF(AND(E28="",F28="",G28="",H28="",I28="",J28="",K28="",L28="",M28=""),0,1) -> 1 | V28: =IF(O28="",0,1) -> 1 | W28: =IF(M28="",0,1) -> 0 | X28: =IF(AND(V28=1,S28>6),1,0) -> 0 | Y28: =IF(AND(W28=1,T28>6),1,0) -> 0 | Z28: =E28/5 -> 2 | AA28: =F28/4 -> 2.5 | AB28: =G28/7 -> 5.7142857 | AC28: =H28/2 -> 0 | AD28: =I28/6 -> 0 | AE28: =J28/2 -> 0 | AF28: =K28 -> 0 | AG28: =L28 -> 0
A29: Ahuactzin Fernández | B29: Antonio Daniel | C29: 164617 | D29: 164617 | H29: 10 | I29: 60 | J29: 10 | K29: 10 | L29: 0 | M29: 90 | S29: =O29/16 -> 0 | T29: =M29/12 -> 7.5 | U29: =IF(AND(E29="",F29="",G29="",H29="",I29="",J29="",K29="",L29="",M29=""),0,1) -> 1 | V29: =IF(O29="",0,1) -> 0 | W29: =IF(M29="",0,1) -> 1 | X29: =IF(AND(V29=1,S29>6),1,0) -> 0 | Y29: =IF(AND(W29=1,T29>6),1,0) -> 1 | Z29: =E29/5 -> 0 | AA29: =F29/4 -> 0 | AB29: =G29/7 -> 0 | AC29: =H29/2 -> 5 | AD29: =I29/6 -> 10 | AE29: =J29/2 -> 5 | AF29: =K29 -> 10 | AG29: =L29 -> 0
A30: Ahumada Vázquez | B30: Fátima | C30: 167514 | D30: 167514 | E30: 20 | F30: 20 | G30: 10 | O30: 50 | S30: =O30/16 -> 3.125 | T30: =M30/12 -> 0 | U30: =IF(AND(E30="",F30="",G30="",H30="",I30="",J30="",K30="",L30="",M30=""),0,1) -> 1 | V30: =IF(O30="",0,1) -> 1 | W30: =IF(M30="",0,1) -> 0 | X30: =IF(AND(V30=1,S30>6),1,0) -> 0 | Y30: =IF(AND(W30=1,T30>6),1,0) -> 0 | Z30: =E30/5 -> 4 | AA30: =F30/4 -> 5 | AB30: =G30/7 -> 1.4285714 | AC30: =H30/2 -> 0 | AD30: =I30/6 -> 0 | AE30: =J30/2 -> 0 | AF30: =K30 -> 0 | AG30: =L30 -> 0
A31: Aizpuru López | B31: Susana | C31: 165900 | D31: 165900 | E31: 50 | F31: 10 | G31: 40 | O31: 100 | S31: =O31/16 -> 6.25 | T31: =M31/12 -> 0 | U31: =IF(AND(E31="",F31="",G31="",H31="",I31="",J31="",K31="",L31="",M31=""),0,1) -> 1 | V31: =IF(O31="",0,1) -> 1 | W31: =IF(M31="",0,1) -> 0 | X31: =IF(AND(V31=1,S31>6),1,0) -> 1 | Y31: =IF(AND(W31=1,T31>6),1,0) -> 0 | Z31: =E31/5 -> 10 | AA31: =F31/4 -> 2.5 | AB31: =G31/7 -> 5.7142857 | AC31: =H31/2 -> 0 | AD31: =I31/6 -> 0 | AE31: =J31/2 -> 0 | AF31: =K31 -> 0 | AG31: =L31 -> 0
A32: Alarcón Gómez | B32: Miguel Angel | C32: 168243 | D32: 168243 | E32: 20 | F32: 20 | G32: 0 | O32: 40 | S32: =O32/16 -> 2.5 | T32: =M32/12 -> 0 | U32: =IF(AND(E32="",F32="",G32="",H32="",I32="",J32="",K32="",L32="",M32=""),0,1) -> 1 | V32: =IF(O32="",0,1) -> 1 | W32: =IF(M32="",0,1) -> 0 | X32: =IF(AND(V32=1,S32>6),1,0) -> 0 | Y32: =IF(AND(W32=1,T32>6),1,0) -> 0 | Z32: =E32/5 -> 4 | AA32: =F32/4 -> 5 | AB32: =G32/7 -> 0 | AC32: =H32/2 -> 0 | AD32: =I32/6 -> 0 | AE32: =J32/2 -> 0 | AF32: =K32 -> 0 | AG32: =L32 -> 0
A33: Alatorre Lopez | B33: Victor Ivan | C33: 164818 | D33: 164818 | H33: 0 | I33: 20 | J33: 10 | K33: 0 | L33: 0 | M33: 30 | S33: =O33/16 -> 0 | T33: =M33/12 -> 2.5 | U33: =IF(AND(E33="",F33="",G33="",H33="",I33="",J33="",K33="",L33="",M33=""),0,1) -> 1 | V33: =IF(O33="",0,1) -> 0 | W33: =IF(M33="",0,1) -> 1 | X33: =IF(AND(V33=1,S33>6),1,0) -> 0 | Y33: =IF(AND(W33=1,T33>6),1,0) -> 0 | Z33: =E33/5 -> 0 | AA33: =F33/4 -> 0 | AB33: =G33/7 -> 0 | AC33: =H33/2 -> 0 | AD33: =I33/6 -> 3.3333333 | AE33: =J33/2 -> 5 | AF33: =K33 -> 0 | AG33: =L33 -> 0
A34: Alcalá Molina | B34: Luis Eduardo | C34: 167696 | D34: 167696 | E34: 0 | F34: 20 | G34: 30 | O34: 50 | S34: =O34/16 -> 3.125 | T34: =M34/12 -> 0 | U34: =IF(AND(E34="",F34="",G34="",H34="",I34="",J34="",K34="",L34="",M34=""),0,1) -> 1 | V34: =IF(O34="",0,1) -> 1 | W34: =IF(M34="",0,1) -> 0 | X34: =IF(AND(V34=1,S34>6),1,0) -> 0 | Y34: =IF(AND(W34=1,T34>6),1,0) -> 0 | Z34: =E34/5 -> 0 | AA34: =F34/4 -> 5 | AB34: =G34/7 -> 4.2857143 | AC34: =H34/2 -> 0 | AD34: =I34/6 -> 0 | AE34: =J34/2 -> 0 | AF34: =K34 -> 0 | AG34: =L34 -> 0
A35: Alcantara Ramírez | B35: Lian Damian | C35: 167115 | D35: 167115 | H35: 20 | I35: 30 | J35: 20 | K35: 0 | L35: 10 | M35: 80 | S35: =O35/16 -> 0 | T35: =M35/12 -> 6.6666667 | U35: =IF(AND(E35="",F35="",G35="",H35="",I35="",J35="",K35="",L35="",M35=""),0,1) -> 1 | V35: =IF(O35="",0,1) -> 0 | W35: =IF(M35="",0,1) -> 1 | X35: =IF(AND(V35=1,S35>6),1,0) -> 0 | Y35: =IF(AND(W35=1,T35>6),1,0) -> 1 | Z35: =E35/5 -> 0 | AA35: =F35/4 -> 0 | AB35: =G35/7 -> 0 | AC35: =H35/2 -> 10 | AD35: =I35/6 -> 5 | AE35: =J35/2 -> 10 | AF35: =K35 -> 0 | AG35: =L35 -> 10
A36: Alcazar Barbosa | B36: Roberto | C36: 166178 | D36: 166178 | H36: 10 | I36: 30 | J36: 20 | K36: 10 | L36: 0 | M36: 70 | S36: =O36/16 -> 0 | T36: =M36/12 -> 5.8333333 | U36: =IF(AND(E36="",F36="",G36="",H36="",I36="",J36="",K36="",L36="",M36=""),0,1) -> 1 | V36: =IF(O36="",0,1) -> 0 | W36: =IF(M36="",0,1) -> 1 | X36: =IF(AND(V36=1,S36>6),1,0) -> 0 | Y36: =IF(AND(W36=1,T36>6),1,0) -> 0 | Z36: =E36/5 -> 0 | AA36: =F36/4 -> 0 | AB36: =G36/7 -> 0 | AC36: =H36/2 -> 5 | AD36: =I36/6 -> 5 | AE36: =J36/2 -> 10 | AF36: =K36 -> 10 | AG36: =L36 -> 0
A37: Alcocer Maldonado | B37: Rogelio Jasef | C37: 168167 | D37: 168167 | E37: 30 | F37: 30 | G37: 40 | O37: 100 | S37: =O37/16 -> 6.25 | T37: =M37/12 -> 0 | U37: =IF(AND(E37="",F37="",G37="",H37="",I37="",J37="",K37="",L37="",M37=""),0,1) -> 1 | V37: =IF(O37="",0,1) -> 1 | W37: =IF(M37="",0,1) -> 0 | X37: =IF(AND(V37=1,S37>6),1,0) -> 1 | Y37: =IF(AND(W37=1,T37>6),1,0) -> 0 | Z37: =E37/5 -> 6 | AA37: =F37/4 -> 7.5 | AB37: =G37/7 -> 5.7142857 | AC37: =H37/2 -> 0 | AD37: =I37/6 -> 0 | AE37: =J37/2 -> 0 | AF37: =K37 -> 0 | AG37: =L37 -> 0
A38: Alcántara Alcántara | B38: Jesús | C38: 168034 | D38: 168034 | S38: =O38/16 -> 0 | T38: =M38/12 -> 0 | U38: =IF(AND(E38="",F38="",G38="",H38="",I38="",J38="",K38="",L38="",M38=""),0,1) -> 0 | V38: =IF(O38="",0,1) -> 0 | W38: =IF(M38="",0,1) -> 0 | X38: =IF(AND(V38=1,S38>6),1,0) -> 0 | Y38: =IF(AND(W38=1,T38>6),1,0) -> 0 | Z38: =E38/5 -> 0 | AA38: =F38/4 -> 0 | AB38: =G38/7 -> 0 | AC38: =H38/2 -> 0 | AD38: =I38/6 -> 0 | AE38: =J38/2 -> 0 | AF38: =K38 -> 0 | AG38: =L38 -> 0
A39: Alcántara De León | B39: Sofía | C39: 163568 | D39: 163568 | E39: 10 | F39: 20 | G39: 30 | O39: 60 | S39: =O39/16 -> 3.75 | T39: =M39/12 -> 0 | U39: =IF(AND(E39="",F39="",G39="",H39="",I39="",J39="",K39="",L39="",M39=""),0,1) -> 1 | V39: =IF(O39="",0,1) -> 1 | W39: =IF(M39="",0,1) -> 0 | X39: =IF(AND(V39=1,S39>6),1,0) -> 0 | Y39: =IF(AND(W39=1,T39>6),1,0) -> 0 | Z39: =E39/5 -> 2 | AA39: =F39/4 -> 5 | AB39: =G39/7 -> 4.2857143 | AC39: =H39/2 -> 0 | AD39: =I39/6 -> 0 | AE39: =J39/2 -> 0 | AF39: =K39 -> 0 | AG39: =L39 -> 0
A40: Alcántara González | B40: María | C40: 168229 | D40: 168229 | S40: =O40/16 -> 0 | T40: =M40/12 -> 0 | U40: =IF(AND(E40="",F40="",G40="",H40="",I40="",J40="",K40="",L40="",M40=""),0,1) -> 0 | V40: =IF(O40="",0,1) -> 0 | W40: =IF(M40="",0,1) -> 0 | X40: =IF(AND(V40=1,S40>6),1,0) -> 0 | Y40: =IF(AND(W40=1,T40>6),1,0) -> 0 | Z40: =E40/5 -> 0 | AA40: =F40/4 -> 0 | AB40: =G40/7 -> 0 | AC40: =H40/2 -> 0 | AD40: =I40/6 -> 0 | AE40: =J40/2 -> 0 | AF40: =K40 -> 0 | AG40: =L40 -> 0
A41: Alcérreca Aguilar | B41: Paola Alexa | C41: 168177 | D41: 168177 | H41: 0 | I41: 40 | J41: 10 | K41: 10 | L41: 0 | M41: 60 | S41: =O41/16 -> 0 | T41: =M41/12 -> 5 | U41: =IF(AND(E41="",F41="",G41="",H41="",I41="",J41="",K41="",L41="",M41=""),0,1) -> 1 | V41: =IF(O41="",0,1) -> 0 | W41: =IF(M41="",0,1) -> 1 | X41: =IF(AND(V41=1,S41>6),1,0) -> 0 | Y41: =IF(AND(W41=1,T41>6),1,0) -> 0 | Z41: =E41/5 -> 0 | AA41: =F41/4 -> 0 | AB41: =G41/7 -> 0 | AC41: =H41/2 -> 0 | AD41: =I41/6 -> 6.6666667 | AE41: =J41/2 -> 5 | AF41: =K41 -> 10 | AG41: =L41 -> 0
A42: Aldana Olivares | B42: Aranza | C42: 168598 | D42: 168598 | E42: 10 | F42: 20 | G42: 10 | O42: 40 | S42: =O42/16 -> 2.5 | T42: =M42/12 -> 0 | U42: =IF(AND(E42="",F42="",G42="",H42="",I42="",J42="",K42="",L42="",M42=""),0,1) -> 1 | V42: =IF(O42="",0,1) -> 1 | W42: =IF(M42="",0,1) -> 0 | X42: =IF(AND(V42=1,S42>6),1,0) -> 0 | Y42: =IF(AND(W42=1,T42>6),1,0) -> 0 | Z42: =E42/5 -> 2 | AA42: =F42/4 -> 5 | AB42: =G42/7 -> 1.4285714 | AC42: =H42/2 -> 0 | AD42: =I42/6 -> 0 | AE42: =J42/2 -> 0 | AF42: =K42 -> 0 | AG42: =L42 -> 0
A43: Aldape Almanza | B43: Vania Gabriela | C43: 165839 | D43: 165839 | E43: 0 | F43: 30 | G43: 20 | O43: 50 | S43: =O43/16 -> 3.125 | T43: =M43/12 -> 0 | U43: =IF(AND(E43="",F43="",G43="",H43="",I43="",J43="",K43="",L43="",M43=""),0,1) -> 1 | V43: =IF(O43="",0,1) -> 1 | W43: =IF(M43="",0,1) -> 0 | X43: =IF(AND(V43=1,S43>6),1,0) -> 0 | Y43: =IF(AND(W43=1,T43>6),1,0) -> 0 | Z43: =E43/5 -> 0 | AA43: =F43/4 -> 7.5 | AB43: =G43/7 -> 2.8571429 | AC43: =H43/2 -> 0 | AD43: =I43/6 -> 0 | AE43: =J43/2 -> 0 | AF43: =K43 -> 0 | AG43: =L43 -> 0
A44: Alducín Báez | B44: Gonzalo Imanol | C44: 168192 | D44: 168192 | E44: 50 | F44: 20 | G44: 40 | O44: 110 | S44: =O44/16 -> 6.875 | T44: =M44/12 -> 0 | U44: =IF(AND(E44="",F44="",G44="",H44="",I44="",J44="",K44="",L44="",M44=""),0,1) -> 1 | V44: =IF(O44="",0,1) -> 1 | W44: =IF(M44="",0,1) -> 0 | X44: =IF(AND(V44=1,S44>6),1,0) -> 1 | Y44: =IF(AND(W44=1,T44>6),1,0) -> 0 | Z44: =E44/5 -> 10 | AA44: =F44/4 -> 5 | AB44: =G44/7 -> 5.7142857 | AC44: =H44/2 -> 0 | AD44: =I44/6 -> 0 | AE44: =J44/2 -> 0 | AF44: =K44 -> 0 | AG44: =L44 -> 0
A45: Alejandre Carrasco | B45: Belen Abigail | C45: 168374 | D45: 168374 | H45: 0 | I45: 30 | J45: 10 | M45: 40 | S45: =O45/16 -> 0 | T45: =M45/12 -> 3.3333333 | U45: =IF(AND(E45="",F45="",G45="",H45="",I45="",J45="",K45="",L45="",M45=""),0,1) -> 1 | V45: =IF(O45="",0,1) -> 0 | W45: =IF(M45="",0,1) -> 1 | X45: =IF(AND(V45=1,S45>6),1,0) -> 0 | Y45: =IF(AND(W45=1,T45>6),1,0) -> 0 | Z45: =E45/5 -> 0 | AA45: =F45/4 -> 0 | AB45: =G45/7 -> 0 | AC45: =H45/2 -> 0 | AD45: =I45/6 -> 5 | AE45: =J45/2 -> 5 | AF45: =K45 -> 0 | AG45: =L45 -> 0
A46: Alejandre Jiménez | B46: Joana Yatziri | C46: 163193 | D46: 163193 | S46: =O46/16 -> 0 | T46: =M46/12 -> 0 | U46: =IF(AND(E46="",F46="",G46="",H46="",I46="",J46="",K46="",L46="",M46=""),0,1) -> 0 | V46: =IF(O46="",0,1) -> 0 | W46: =IF(M46="",0,1) -> 0 | X46: =IF(AND(V46=1,S46>6),1,0) -> 0 | Y46: =IF(AND(W46=1,T46>6),1,0) -> 0 | Z46: =E46/5 -> 0 | AA46: =F46/4 -> 0 | AB46: =G46/7 -> 0 | AC46: =H46/2 -> 0 | AD46: =I46/6 -> 0 | AE46: =J46/2 -> 0 | AF46: =K46 -> 0 | AG46: =L46 -> 0
A47: Alemán Silva | B47: César Karel | C47: 168367 | D47: 168367 | E47: 50 | F47: 30 | G47: 40 | O47: 120 | S47: =O47/16 -> 7.5 | T47: =M47/12 -> 0 | U47: =IF(AND(E47="",F47="",G47="",H47="",I47="",J47="",K47="",L47="",M47=""),0,1) -> 1 | V47: =IF(O47="",0,1) -> 1 | W47: =IF(M47="",0,1) -> 0 | X47: =IF(AND(V47=1,S47>6),1,0) -> 1 | Y47: =IF(AND(W47=1,T47>6),1,0) -> 0 | Z47: =E47/5 -> 10 | AA47: =F47/4 -> 7.5 | AB47: =G47/7 -> 5.7142857 | AC47: =H47/2 -> 0 | AD47: =I47/6 -> 0 | AE47: =J47/2 -> 0 | AF47: =K47 -> 0 | AG47: =L47 -> 0
A48: Alemán Solórzano | B48: Mariana | C48: 165727 | D48: 165727 | S48: =O48/16 -> 0 | T48: =M48/12 -> 0 | U48: =IF(AND(E48="",F48="",G48="",H48="",I48="",J48="",K48="",L48="",M48=""),0,1) -> 0 | V48: =IF(O48="",0,1) -> 0 | W48: =IF(M48="",0,1) -> 0 | X48: =IF(AND(V48=1,S48>6),1,0) -> 0 | Y48: =IF(AND(W48=1,T48>6),1,0) -> 0 | Z48: =E48/5 -> 0 | AA48: =F48/4 -> 0 | AB48: =G48/7 -> 0 | AC48: =H48/2 -> 0 | AD48: =I48/6 -> 0 | AE48: =J48/2 -> 0 | AF48: =K48 -> 0 | AG48: =L48 -> 0
A49: Allen | B49: Marcus Alexander | C49: 166297 | D49: 166297 | E49: 20 | F49: 10 | G49: 50 | O49: 80 | S49: =O49/16 -> 5 | T49: =M49/12 -> 0 | U49: =IF(AND(E49="",F49="",G49="",H49="",I49="",J49="",K49="",L49="",M49=""),0,1) -> 1 | V49: =IF(O49="",0,1) -> 1 | W49: =IF(M49="",0,1) -> 0 | X49: =IF(AND(V49=1,S49>6),1,0) -> 0 | Y49: =IF(AND(W49=1,T49>6),1,0) -> 0 | Z49: =E49/5 -> 4 | AA49: =F49/4 -> 2.5 | AB49: =G49/7 -> 7.1428571 | AC49: =H49/2 -> 0 | AD49: =I49/6 -> 0 | AE49: =J49/2 -> 0 | AF49: =K49 -> 0 | AG49: =L49 -> 0
A50: Almazan de Jesus | B50: Max Franck | C50: 168240 | D50: 168240 | H50: 10 | I50: 40 | J50: 10 | K50: 10 | L50: 0 | M50: 70 | S50: =O50/16 -> 0 | T50: =M50/12 -> 5.8333333 | U50: =IF(AND(E50="",F50="",G50="",H50="",I50="",J50="",K50="",L50="",M50=""),0,1) -> 1 | V50: =IF(O50="",0,1) -> 0 | W50: =IF(M50="",0,1) -> 1 | X50: =IF(AND(V50=1,S50>6),1,0) -> 0 | Y50: =IF(AND(W50=1,T50>6),1,0) -> 0 | Z50: =E50/5 -> 0 | AA50: =F50/4 -> 0 | AB50: =G50/7 -> 0 | AC50: =H50/2 -> 5 | AD50: =I50/6 -> 6.6666667 | AE50: =J50/2 -> 5 | AF50: =K50 -> 10 | AG50: =L50 -> 0
A51: Almazán De Jesús | B51: Fátima | C51: 167205 | D51: 167205 | E51: 10 | F51: 30 | G51: 50 | O51: 90 | S51: =O51/16 -> 5.625 | T51: =M51/12 -> 0 | U51: =IF(AND(E51="",F51="",G51="",H51="",I51="",J51="",K51="",L51="",M51=""),0,1) -> 1 | V51: =IF(O51="",0,1) -> 1 | W51: =IF(M51="",0,1) -> 0 | X51: =IF(AND(V51=1,S51>6),1,0) -> 0 | Y51: =IF(AND(W51=1,T51>6),1,0) -> 0 | Z51: =E51/5 -> 2 | AA51: =F51/4 -> 7.5 | AB51: =G51/7 -> 7.1428571 | AC51: =H51/2 -> 0 | AD51: =I51/6 -> 0 | AE51: =J51/2 -> 0 | AF51: =K51 -> 0 | AG51: =L51 -> 0
A52: Almonte Huelitl | B52: Diana Laura | C52: 167413 | D52: 167413 | E52: 30 | F52: 20 | G52: 30 | O52: 80 | S52: =O52/16 -> 5 | T52: =M52/12 -> 0 | U52: =IF(AND(E52="",F52="",G52="",H52="",I52="",J52="",K52="",L52="",M52=""),0,1) -> 1 | V52: =IF(O52="",0,1) -> 1 | W52: =IF(M52="",0,1) -> 0 | X52: =IF(AND(V52=1,S52>6),1,0) -> 0 | Y52: =IF(AND(W52=1,T52>6),1,0) -> 0 | Z52: =E52/5 -> 6 | AA52: =F52/4 -> 5 | AB52: =G52/7 -> 4.2857143 | AC52: =H52/2 -> 0 | AD52: =I52/6 -> 0 | AE52: =J52/2 -> 0 | AF52: =K52 -> 0 | AG52: =L52 -> 0
A53: Alonso Alvarez | B53: Isabela | C53: 163943 | D53: 163943 | E53: 30 | F53: 30 | G53: 50 | O53: 110 | R53: En proceso | S53: =O53/16 -> 6.875 | T53: =M53/12 -> 0 | U53: =IF(AND(E53="",F53="",G53="",H53="",I53="",J53="",K53="",L53="",M53=""),0,1) -> 1 | V53: =IF(O53="",0,1) -> 1 | W53: =IF(M53="",0,1) -> 0 | X53: =IF(AND(V53=1,S53>6),1,0) -> 1 | Y53: =IF(AND(W53=1,T53>6),1,0) -> 0 | Z53: =E53/5 -> 6 | AA53: =F53/4 -> 7.5 | AB53: =G53/7 -> 7.1428571 | AC53: =H53/2 -> 0 | AD53: =I53/6 -> 0 | AE53: =J53/2 -> 0 | AF53: =K53 -> 0 | AG53: =L53 -> 0
A54: Alonso Hernández | B54: Miguel Ángel | C54: 168381 | D54: 168381 | H54: 20 | I54: 30 | J54: 20 | K54: 10 | L54: 0 | M54: 80 | S54: =O54/16 -> 0 | T54: =M54/12 -> 6.6666667 | U54: =IF(AND(E54="",F54="",G54="",H54="",I54="",J54="",K54="",L54="",M54=""),0,1) -> 1 | V54: =IF(O54="",0,1) -> 0 | W54: =IF(M54="",0,1) -> 1 | X54: =IF(AND(V54=1,S54>6),1,0) -> 0 | Y54: =IF(AND(W54=1,T54>6),1,0) -> 1 | Z54: =E54/5 -> 0 | AA54: =F54/4 -> 0 | AB54: =G54/7 -> 0 | AC54: =H54/2 -> 10 | AD54: =I54/6 -> 5 | AE54: =J54/2 -> 10 | AF54: =K54 -> 10 | AG54: =L54 -> 0
A55: Alonso Hernández | B55: Salvador | C55: 168473 | D55: 168473 | E55: 10 | F55: 30 | G55: 30 | O55: 70 | S55: =O55/16 -> 4.375 | T55: =M55/12 -> 0 | U55: =IF(AND(E55="",F55="",G55="",H55="",I55="",J55="",K55="",L55="",M55=""),0,1) -> 1 | V55: =IF(O55="",0,1) -> 1 | W55: =IF(M55="",0,1) -> 0 | X55: =IF(AND(V55=1,S55>6),1,0) -> 0 | Y55: =IF(AND(W55=1,T55>6),1,0) -> 0 | Z55: =E55/5 -> 2 | AA55: =F55/4 -> 7.5 | AB55: =G55/7 -> 4.2857143 | AC55: =H55/2 -> 0 | AD55: =I55/6 -> 0 | AE55: =J55/2 -> 0 | AF55: =K55 -> 0 | AG55: =L55 -> 0
A56: Alonso Ruiz | B56: Israel | C56: 166021 | D56: 166021 | S56: =O56/16 -> 0 | T56: =M56/12 -> 0 | U56: =IF(AND(E56="",F56="",G56="",H56="",I56="",J56="",K56="",L56="",M56=""),0,1) -> 0 | V56: =IF(O56="",0,1) -> 0 | W56: =IF(M56="",0,1) -> 0 | X56: =IF(AND(V56=1,S56>6),1,0) -> 0 | Y56: =IF(AND(W56=1,T56>6),1,0) -> 0 | Z56: =E56/5 -> 0 | AA56: =F56/4 -> 0 | AB56: =G56/7 -> 0 | AC56: =H56/2 -> 0 | AD56: =I56/6 -> 0 | AE56: =J56/2 -> 0 | AF56: =K56 -> 0 | AG56: =L56 -> 0
A57: Alor De Alba | B57: Juan Pablo | C57: 166582 | D57: 166582 | S57: =O57/16 -> 0 | T57: =M57/12 -> 0 | U57: =IF(AND(E57="",F57="",G57="",H57="",I57="",J57="",K57="",L57="",M57=""),0,1) -> 0 | V57: =IF(O57="",0,1) -> 0 | W57: =IF(M57="",0,1) -> 0 | X57: =IF(AND(V57=1,S57>6),1,0) -> 0 | Y57: =IF(AND(W57=1,T57>6),1,0) -> 0 | Z57: =E57/5 -> 0 | AA57: =F57/4 -> 0 | AB57: =G57/7 -> 0 | AC57: =H57/2 -> 0 | AD57: =I57/6 -> 0 | AE57: =J57/2 -> 0 | AF57: =K57 -> 0 | AG57: =L57 -> 0
A58: Altamirano Cantón | B58: Aurora | C58: 167639 | D58: 167639 | E58: 10 | F58: 10 | G58: 20 | O58: 40 | S58: =O58/16 -> 2.5 | T58: =M58/12 -> 0 | U58: =IF(AND(E58="",F58="",G58="",H58="",I58="",J58="",K58="",L58="",M58=""),0,1) -> 1 | V58: =IF(O58="",0,1) -> 1 | W58: =IF(M58="",0,1) -> 0 | X58: =IF(AND(V58=1,S58>6),1,0) -> 0 | Y58: =IF(AND(W58=1,T58>6),1,0) -> 0 | Z58: =E58/5 -> 2 | AA58: =F58/4 -> 2.5 | AB58: =G58/7 -> 2.8571429 | AC58: =H58/2 -> 0 | AD58: =I58/6 -> 0 | AE58: =J58/2 -> 0 | AF58: =K58 -> 0 | AG58: =L58 -> 0
A59: Altamirano Cantú | B59: Ximena | C59: 165944 | D59: 165944 | S59: =O59/16 -> 0 | T59: =M59/12 -> 0 | U59: =IF(AND(E59="",F59="",G59="",H59="",I59="",J59="",K59="",L59="",M59=""),0,1) -> 0 | V59: =IF(O59="",0,1) -> 0 | W59: =IF(M59="",0,1) -> 0 | X59: =IF(AND(V59=1,S59>6),1,0) -> 0 | Y59: =IF(AND(W59=1,T59>6),1,0) -> 0 | Z59: =E59/5 -> 0 | AA59: =F59/4 -> 0 | AB59: =G59/7 -> 0 | AC59: =H59/2 -> 0 | AD59: =I59/6 -> 0 | AE59: =J59/2 -> 0 | AF59: =K59 -> 0 | AG59: =L59 -> 0
A60: Alva Tinoco | B60: Mariana | C60: 165247 | D60: 165247 | H60: 20 | I60: 60 | J60: 20 | K60: 10 | L60: 0 | M60: 110 | S60: =O60/16 -> 0 | T60: =M60/12 -> 9.1666667 | U60: =IF(AND(E60="",F60="",G60="",H60="",I60="",J60="",K60="",L60="",M60=""),0,1) -> 1 | V60: =IF(O60="",0,1) -> 0 | W60: =IF(M60="",0,1) -> 1 | X60: =IF(AND(V60=1,S60>6),1,0) -> 0 | Y60: =IF(AND(W60=1,T60>6),1,0) -> 1 | Z60: =E60/5 -> 0 | AA60: =F60/4 -> 0 | AB60: =G60/7 -> 0 | AC60: =H60/2 -> 10 | AD60: =I60/6 -> 10 | AE60: =J60/2 -> 10 | AF60: =K60 -> 10 | AG60: =L60 -> 0
A61: Alvarado Cruz | B61: María Efigenia | C61: 167566 | D61: 167566 | H61: 10 | I61: 30 | J61: 10 | K61: 10 | L61: 0 | M61: 60 | S61: =O61/16 -> 0 | T61: =M61/12 -> 5 | U61: =IF(AND(E61="",F61="",G61="",H61="",I61="",J61="",K61="",L61="",M61=""),0,1) -> 1 | V61: =IF(O61="",0,1) -> 0 | W61: =IF(M61="",0,1) -> 1 | X61: =IF(AND(V61=1,S61>6),1,0) -> 0 | Y61: =IF(AND(W61=1,T61>6),1,0) -> 0 | Z61: =E61/5 -> 0 | AA61: =F61/4 -> 0 | AB61: =G61/7 -> 0 | AC61: =H61/2 -> 5 | AD61: =I61/6 -> 5 | AE61: =J61/2 -> 5 | AF61: =K61 -> 10 | AG61: =L61 -> 0
A62: Alvarado Lasanté | B62: Juan Pablo | C62: 166850 | D62: 166850 | H62: 20 | I62: 30 | J62: 20 | K62: 10 | L62: 0 | M62: 80 | S62: =O62/16 -> 0 | T62: =M62/12 -> 6.6666667 | U62: =IF(AND(E62="",F62="",G62="",H62="",I62="",J62="",K62="",L62="",M62=""),0,1) -> 1 | V62: =IF(O62="",0,1) -> 0 | W62: =IF(M62="",0,1) -> 1 | X62: =IF(AND(V62=1,S62>6),1,0) -> 0 | Y62: =IF(AND(W62=1,T62>6),1,0) -> 1 | Z62: =E62/5 -> 0 | AA62: =F62/4 -> 0 | AB62: =G62/7 -> 0 | AC62: =H62/2 -> 10 | AD62: =I62/6 -> 5 | AE62: =J62/2 -> 10 | AF62: =K62 -> 10 | AG62: =L62 -> 0
A63: Alvarez Carrillo | B63: Esther | C63: 166361 | D63: 166361 | E63: 20 | F63: 30 | G63: 20 | O63: 70 | S63: =O63/16 -> 4.375 | T63: =M63/12 -> 0 | U63: =IF(AND(E63="",F63="",G63="",H63="",I63="",J63="",K63="",L63="",M63=""),0,1) -> 1 | V63: =IF(O63="",0,1) -> 1 | W63: =IF(M63="",0,1) -> 0 | X63: =IF(AND(V63=1,S63>6),1,0) -> 0 | Y63: =IF(AND(W63=1,T63>6),1,0) -> 0 | Z63: =E63/5 -> 4 | AA63: =F63/4 -> 7.5 | AB63: =G63/7 -> 2.8571429 | AC63: =H63/2 -> 0 | AD63: =I63/6 -> 0 | AE63: =J63/2 -> 0 | AF63: =K63 -> 0 | AG63: =L63 -> 0
A64: Alvarez Flores | B64: Jorge | C64: 167095 | D64: 167095 | E64: 50 | F64: 30 | G64: 50 | O64: 130 | S64: =O64/16 -> 8.125 | T64: =M64/12 -> 0 | U64: =IF(AND(E64="",F64="",G64="",H64="",I64="",J64="",K64="",L64="",M64=""),0,1) -> 1 | V64: =IF(O64="",0,1) -> 1 | W64: =IF(M64="",0,1) -> 0 | X64: =IF(AND(V64=1,S64>6),1,0) -> 1 | Y64: =IF(AND(W64=1,T64>6),1,0) -> 0 | Z64: =E64/5 -> 10 | AA64: =F64/4 -> 7.5 | AB64: =G64/7 -> 7.1428571 | AC64: =H64/2 -> 0 | AD64: =I64/6 -> 0 | AE64: =J64/2 -> 0 | AF64: =K64 -> 0 | AG64: =L64 -> 0
A65: Alvarez Trejo | B65: Silvia | C65: 166217 | D65: 166217 | H65: 0 | I65: 60 | J65: 20 | K65: 10 | L65: 10 | M65: 100 | S65: =O65/16 -> 0 | T65: =M65/12 -> 8.3333333 | U65: =IF(AND(E65="",F65="",G65="",H65="",I65="",J65="",K65="",L65="",M65=""),0,1) -> 1 | V65: =IF(O65="",0,1) -> 0 | W65: =IF(M65="",0,1) -> 1 | X65: =IF(AND(V65=1,S65>6),1,0) -> 0 | Y65: =IF(AND(W65=1,T65>6),1,0) -> 1 | Z65: =E65/5 -> 0 | AA65: =F65/4 -> 0 | AB65: =G65/7 -> 0 | AC65: =H65/2 -> 0 | AD65: =I65/6 -> 10 | AE65: =J65/2 -> 10 | AF65: =K65 -> 10 | AG65: =L65 -> 10
A66: Alvarez Villalpando | B66: Daniel Patricio | C66: 163424 | D66: 163424 | H66: 10 | I66: 30 | J66: 10 | K66: 0 | L66: 0 | M66: 50 | S66: =O66/16 -> 0 | T66: =M66/12 -> 4.1666667 | U66: =IF(AND(E66="",F66="",G66="",H66="",I66="",J66="",K66="",L66="",M66=""),0,1) -> 1 | V66: =IF(O66="",0,1) -> 0 | W66: =IF(M66="",0,1) -> 1 | X66: =IF(AND(V66=1,S66>6),1,0) -> 0 | Y66: =IF(AND(W66=1,T66>6),1,0) -> 0 | Z66: =E66/5 -> 0 | AA66: =F66/4 -> 0 | AB66: =G66/7 -> 0 | AC66: =H66/2 -> 5 | AD66: =I66/6 -> 5 | AE66: =J66/2 -> 5 | AF66: =K66 -> 0 | AG66: =L66 -> 0
A67: Alvino Téllez | B67: José Fabián | C67: 166825 | D67: 166825 | H67: 10 | I67: 50 | J67: 10 | K67: 10 | L67: 10 | M67: 90 | S67: =O67/16 -> 0 | T67: =M67/12 -> 7.5 | U67: =IF(AND(E67="",F67="",G67="",H67="",I67="",J67="",K67="",L67="",M67=""),0,1) -> 1 | V67: =IF(O67="",0,1) -> 0 | W67: =IF(M67="",0,1) -> 1 | X67: =IF(AND(V67=1,S67>6),1,0) -> 0 | Y67: =IF(AND(W67=1,T67>6),1,0) -> 1 | Z67: =E67/5 -> 0 | AA67: =F67/4 -> 0 | AB67: =G67/7 -> 0 | AC67: =H67/2 -> 5 | AD67: =I67/6 -> 8.3333333 | AE67: =J67/2 -> 5 | AF67: =K67 -> 10 | AG67: =L67 -> 10
A68: Amador Domínguez | B68: Sabrina | C68: 168438 | D68: 168438 | H68: 20 | I68: 60 | J68: 20 | K68: 10 | L68: 0 | M68: 110 | S68: =O68/16 -> 0 | T68: =M68/12 -> 9.1666667 | U68: =IF(AND(E68="",F68="",G68="",H68="",I68="",J68="",K68="",L68="",M68=""),0,1) -> 1 | V68: =IF(O68="",0,1) -> 0 | W68: =IF(M68="",0,1) -> 1 | X68: =IF(AND(V68=1,S68>6),1,0) -> 0 | Y68: =IF(AND(W68=1,T68>6),1,0) -> 1 | Z68: =E68/5 -> 0 | AA68: =F68/4 -> 0 | AB68: =G68/7 -> 0 | AC68: =H68/2 -> 10 | AD68: =I68/6 -> 10 | AE68: =J68/2 -> 10 | AF68: =K68 -> 10 | AG68: =L68 -> 0
A69: Amador R¡os | B69: Mariel | C69: 166356 | D69: 166356 | H69: 0 | I69: 20 | J69: 10 | K69: 10 | L69: 10 | M69: 50 | S69: =O69/16 -> 0 | T69: =M69/12 -> 4.1666667 | U69: =IF(AND(E69="",F69="",G69="",H69="",I69="",J69="",K69="",L69="",M69=""),0,1) -> 1 | V69: =IF(O69="",0,1) -> 0 | W69: =IF(M69="",0,1) -> 1 | X69: =IF(AND(V69=1,S69>6),1,0) -> 0 | Y69: =IF(AND(W69=1,T69>6),1,0) -> 0 | Z69: =E69/5 -> 0 | AA69: =F69/4 -> 0 | AB69: =G69/7 -> 0 | AC69: =H69/2 -> 0 | AD69: =I69/6 -> 3.3333333 | AE69: =J69/2 -> 5 | AF69: =K69 -> 10 | AG69: =L69 -> 10
A70: Amaro Andrés | B70: Iván | C70: 168435 | D70: 168435 | E70: 40 | F70: 40 | G70: 20 | O70: 100 | S70: =O70/16 -> 6.25 | T70: =M70/12 -> 0 | U70: =IF(AND(E70="",F70="",G70="",H70="",I70="",J70="",K70="",L70="",M70=""),0,1) -> 1 | V70: =IF(O70="",0,1) -> 1 | W70: =IF(M70="",0,1) -> 0 | X70: =IF(AND(V70=1,S70>6),1,0) -> 1 | Y70: =IF(AND(W70=1,T70>6),1,0) -> 0 | Z70: =E70/5 -> 8 | AA70: =F70/4 -> 10 | AB70: =G70/7 -> 2.8571429 | AC70: =H70/2 -> 0 | AD70: =I70/6 -> 0 | AE70: =J70/2 -> 0 | AF70: =K70 -> 0 | AG70: =L70 -> 0
A71: Amaro Merino | B71: Cinthia Dayana | C71: 168499 | D71: 168499 | S71: =O71/16 -> 0 | T71: =M71/12 -> 0 | U71: =IF(AND(E71="",F71="",G71="",H71="",I71="",J71="",K71="",L71="",M71=""),0,1) -> 0 | V71: =IF(O71="",0,1) -> 0 | W71: =IF(M71="",0,1) -> 0 | X71: =IF(AND(V71=1,S71>6),1,0) -> 0 | Y71: =IF(AND(W71=1,T71>6),1,0) -> 0 | Z71: =E71/5 -> 0 | AA71: =F71/4 -> 0 | AB71: =G71/7 -> 0 | AC71: =H71/2 -> 0 | AD71: =I71/6 -> 0 | AE71: =J71/2 -> 0 | AF71: =K71 -> 0 | AG71: =L71 -> 0
A72: Amaro Nava | B72: Wendy Gabriela | C72: 167900 | D72: 167900 | S72: =O72/16 -> 0 | T72: =M72/12 -> 0 | U72: =IF(AND(E72="",F72="",G72="",H72="",I72="",J72="",K72="",L72="",M72=""),0,1) -> 0 | V72: =IF(O72="",0,1) -> 0 | W72: =IF(M72="",0,1) -> 0 | X72: =IF(AND(V72=1,S72>6),1,0) -> 0 | Y72: =IF(AND(W72=1,T72>6),1,0) -> 0 | Z72: =E72/5 -> 0 | AA72: =F72/4 -> 0 | AB72: =G72/7 -> 0 | AC72: =H72/2 -> 0 | AD72: =I72/6 -> 0 | AE72: =J72/2 -> 0 | AF72: =K72 -> 0 | AG72: =L72 -> 0
A73: Amastal Ramírez | B73: Eladio | C73: 165878 | D73: 165878 | H73: 20 | I73: 40 | J73: 20 | K73: 10 | L73: 0 | M73: 90 | S73: =O73/16 -> 0 | T73: =M73/12 -> 7.5 | U73: =IF(AND(E73="",F73="",G73="",H73="",I73="",J73="",K73="",L73="",M73=""),0,1) -> 1 | V73: =IF(O73="",0,1) -> 0 | W73: =IF(M73="",0,1) -> 1 | X73: =IF(AND(V73=1,S73>6),1,0) -> 0 | Y73: =IF(AND(W73=1,T73>6),1,0) -> 1 | Z73: =E73/5 -> 0 | AA73: =F73/4 -> 0 | AB73: =G73/7 -> 0 | AC73: =H73/2 -> 10 | AD73: =I73/6 -> 6.6666667 | AE73: =J73/2 -> 10 | AF73: =K73 -> 10 | AG73: =L73 -> 0
A74: Ambrosio del Ángel | B74: Javier | C74: 166117 | D74: 166117 | E74: 30 | F74: 10 | G74: 40 | O74: 80 | S74: =O74/16 -> 5 | T74: =M74/12 -> 0 | U74: =IF(AND(E74="",F74="",G74="",H74="",I74="",J74="",K74="",L74="",M74=""),0,1) -> 1 | V74: =IF(O74="",0,1) -> 1 | W74: =IF(M74="",0,1) -> 0 | X74: =IF(AND(V74=1,S74>6),1,0) -> 0 | Y74: =IF(AND(W74=1,T74>6),1,0) -> 0 | Z74: =E74/5 -> 6 | AA74: =F74/4 -> 2.5 | AB74: =G74/7 -> 5.7142857 | AC74: =H74/2 -> 0 | AD74: =I74/6 -> 0 | AE74: =J74/2 -> 0 | AF74: =K74 -> 0 | AG74: =L74 -> 0
A75: Amezcua Lamuño | B75: Juan Francisco | C75: 167645 | D75: 167645 | H75: 0 | I75: 20 | J75: 10 | K75: 0 | L75: 0 | M75: 30 | S75: =O75/16 -> 0 | T75: =M75/12 -> 2.5 | U75: =IF(AND(E75="",F75="",G75="",H75="",I75="",J75="",K75="",L75="",M75=""),0,1) -> 1 | V75: =IF(O75="",0,1) -> 0 | W75: =IF(M75="",0,1) -> 1 | X75: =IF(AND(V75=1,S75>6),1,0) -> 0 | Y75: =IF(AND(W75=1,T75>6),1,0) -> 0 | Z75: =E75/5 -> 0 | AA75: =F75/4 -> 0 | AB75: =G75/7 -> 0 | AC75: =H75/2 -> 0 | AD75: =I75/6 -> 3.3333333 | AE75: =J75/2 -> 5 | AF75: =K75 -> 0 | AG75: =L75 -> 0
A76: Amparo Flores | B76: Ivan Enrique | C76: 167815 | D76: 167815 | H76: 10 | I76: 30 | J76: 10 | K76: 0 | L76: 0 | M76: 50 | S76: =O76/16 -> 0 | T76: =M76/12 -> 4.1666667 | U76: =IF(AND(E76="",F76="",G76="",H76="",I76="",J76="",K76="",L76="",M76=""),0,1) -> 1 | V76: =IF(O76="",0,1) -> 0 | W76: =IF(M76="",0,1) -> 1 | X76: =IF(AND(V76=1,S76>6),1,0) -> 0 | Y76: =IF(AND(W76=1,T76>6),1,0) -> 0 | Z76: =E76/5 -> 0 | AA76: =F76/4 -> 0 | AB76: =G76/7 -> 0 | AC76: =H76/2 -> 5 | AD76: =I76/6 -> 5 | AE76: =J76/2 -> 5 | AF76: =K76 -> 0 | AG76: =L76 -> 0
A77: Anaya Vergara | B77: Guillermo Ángel | C77: 168292 | D77: 168292 | S77: =O77/16 -> 0 | T77: =M77/12 -> 0 | U77: =IF(AND(E77="",F77="",G77="",H77="",I77="",J77="",K77="",L77="",M77=""),0,1) -> 0 | V77: =IF(O77="",0,1) -> 0 | W77: =IF(M77="",0,1) -> 0 | X77: =IF(AND(V77=1,S77>6),1,0) -> 0 | Y77: =IF(AND(W77=1,T77>6),1,0) -> 0 | Z77: =E77/5 -> 0 | AA77: =F77/4 -> 0 | AB77: =G77/7 -> 0 | AC77: =H77/2 -> 0 | AD77: =I77/6 -> 0 | AE77: =J77/2 -> 0 | AF77: =K77 -> 0 | AG77: =L77 -> 0
A78: Anda Guzmán | B78: Andrea | C78: 165952 | D78: 165952 | E78: 20 | F78: 30 | G78: 20 | O78: 70 | S78: =O78/16 -> 4.375 | T78: =M78/12 -> 0 | U78: =IF(AND(E78="",F78="",G78="",H78="",I78="",J78="",K78="",L78="",M78=""),0,1) -> 1 | V78: =IF(O78="",0,1) -> 1 | W78: =IF(M78="",0,1) -> 0 | X78: =IF(AND(V78=1,S78>6),1,0) -> 0 | Y78: =IF(AND(W78=1,T78>6),1,0) -> 0 | Z78: =E78/5 -> 4 | AA78: =F78/4 -> 7.5 | AB78: =G78/7 -> 2.8571429 | AC78: =H78/2 -> 0 | AD78: =I78/6 -> 0 | AE78: =J78/2 -> 0 | AF78: =K78 -> 0 | AG78: =L78 -> 0
A79: Andrade Beltrán | B79: Juan Manuel | C79: 167117 | D79: 167117 | H79: 10 | I79: 30 | J79: 10 | K79: 10 | L79: 0 | M79: 60 | S79: =O79/16 -> 0 | T79: =M79/12 -> 5 | U79: =IF(AND(E79="",F79="",G79="",H79="",I79="",J79="",K79="",L79="",M79=""),0,1) -> 1 | V79: =IF(O79="",0,1) -> 0 | W79: =IF(M79="",0,1) -> 1 | X79: =IF(AND(V79=1,S79>6),1,0) -> 0 | Y79: =IF(AND(W79=1,T79>6),1,0) -> 0 | Z79: =E79/5 -> 0 | AA79: =F79/4 -> 0 | AB79: =G79/7 -> 0 | AC79: =H79/2 -> 5 | AD79: =I79/6 -> 5 | AE79: =J79/2 -> 5 | AF79: =K79 -> 10 | AG79: =L79 -> 0
A80: Andrade Espinosa | B80: Andrea Lucia | C80: 166532 | D80: 166532 | H80: 20 | I80: 30 | J80: 10 | K80: 10 | L80: 0 | M80: 70 | S80: =O80/16 -> 0 | T80: =M80/12 -> 5.8333333 | U80: =IF(AND(E80="",F80="",G80="",H80="",I80="",J80="",K80="",L80="",M80=""),0,1) -> 1 | V80: =IF(O80="",0,1) -> 0 | W80: =IF(M80="",0,1) -> 1 | X80: =IF(AND(V80=1,S80>6),1,0) -> 0 | Y80: =IF(AND(W80=1,T80>6),1,0) -> 0 | Z80: =E80/5 -> 0 | AA80: =F80/4 -> 0 | AB80: =G80/7 -> 0 | AC80: =H80/2 -> 10 | AD80: =I80/6 -> 5 | AE80: =J80/2 -> 5 | AF80: =K80 -> 10 | AG80: =L80 -> 0
A81: Angeles Rodriguez | B81: Britney Aline | C81: 167198 | D81: 167198 | E81: 20 | F81: 40 | G81: 40 | O81: 100 | S81: =O81/16 -> 6.25 | T81: =M81/12 -> 0 | U81: =IF(AND(E81="",F81="",G81="",H81="",I81="",J81="",K81="",L81="",M81=""),0,1) -> 1 | V81: =IF(O81="",0,1) -> 1 | W81: =IF(M81="",0,1) -> 0 | X81: =IF(AND(V81=1,S81>6),1,0) -> 1 | Y81: =IF(AND(W81=1,T81>6),1,0) -> 0 | Z81: =E81/5 -> 4 | AA81: =F81/4 -> 10 | AB81: =G81/7 -> 5.7142857 | AC81: =H81/2 -> 0 | AD81: =I81/6 -> 0 | AE81: =J81/2 -> 0 | AF81: =K81 -> 0 | AG81: =L81 -> 0
A82: Angeles Rosas | B82: Karen | C82: 168576 | D82: 168576 | H82: 10 | I82: 20 | J82: 10 | K82: 10 | L82: 0 | M82: 50 | S82: =O82/16 -> 0 | T82: =M82/12 -> 4.1666667 | U82: =IF(AND(E82="",F82="",G82="",H82="",I82="",J82="",K82="",L82="",M82=""),0,1) -> 1 | V82: =IF(O82="",0,1) -> 0 | W82: =IF(M82="",0,1) -> 1 | X82: =IF(AND(V82=1,S82>6),1,0) -> 0 | Y82: =IF(AND(W82=1,T82>6),1,0) -> 0 | Z82: =E82/5 -> 0 | AA82: =F82/4 -> 0 | AB82: =G82/7 -> 0 | AC82: =H82/2 -> 5 | AD82: =I82/6 -> 3.3333333 | AE82: =J82/2 -> 5 | AF82: =K82 -> 10 | AG82: =L82 -> 0
A83: Anguiano del Castillo | B83: Emilio | C83: 166316 | D83: 166316 | H83: 20 | I83: 30 | J83: 10 | K83: 10 | L83: 10 | M83: 80 | S83: =O83/16 -> 0 | T83: =M83/12 -> 6.6666667 | U83: =IF(AND(E83="",F83="",G83="",H83="",I83="",J83="",K83="",L83="",M83=""),0,1) -> 1 | V83: =IF(O83="",0,1) -> 0 | W83: =IF(M83="",0,1) -> 1 | X83: =IF(AND(V83=1,S83>6),1,0) -> 0 | Y83: =IF(AND(W83=1,T83>6),1,0) -> 1 | Z83: =E83/5 -> 0 | AA83: =F83/4 -> 0 | AB83: =G83/7 -> 0 | AC83: =H83/2 -> 10 | AD83: =I83/6 -> 5 | AE83: =J83/2 -> 5 | AF83: =K83 -> 10 | AG83: =L83 -> 10
A84: Angulo Ruiz | B84: Giselle Alessandra | C84: 168639 | D84: 168639 | E84: 20 | F84: 20 | G84: 20 | O84: 60 | S84: =O84/16 -> 3.75 | T84: =M84/12 -> 0 | U84: =IF(AND(E84="",F84="",G84="",H84="",I84="",J84="",K84="",L84="",M84=""),0,1) -> 1 | V84: =IF(O84="",0,1) -> 1 | W84: =IF(M84="",0,1) -> 0 | X84: =IF(AND(V84=1,S84>6),1,0) -> 0 | Y84: =IF(AND(W84=1,T84>6),1,0) -> 0 | Z84: =E84/5 -> 4 | AA84: =F84/4 -> 5 | AB84: =G84/7 -> 2.8571429 | AC84: =H84/2 -> 0 | AD84: =I84/6 -> 0 | AE84: =J84/2 -> 0 | AF84: =K84 -> 0 | AG84: =L84 -> 0
A85: Ann | B85: Ga Eun | C85: 166123 | D85: 166123 | E85: 30 | F85: 10 | G85: 40 | O85: 80 | S85: =O85/16 -> 5 | T85: =M85/12 -> 0 | U85: =IF(AND(E85="",F85="",G85="",H85="",I85="",J85="",K85="",L85="",M85=""),0,1) -> 1 | V85: =IF(O85="",0,1) -> 1 | W85: =IF(M85="",0,1) -> 0 | X85: =IF(AND(V85=1,S85>6),1,0) -> 0 | Y85: =IF(AND(W85=1,T85>6),1,0) -> 0 | Z85: =E85/5 -> 6 | AA85: =F85/4 -> 2.5 | AB85: =G85/7 -> 5.7142857 | AC85: =H85/2 -> 0 | AD85: =I85/6 -> 0 | AE85: =J85/2 -> 0 | AF85: =K85 -> 0 | AG85: =L85 -> 0
A86: Anzures Cajica | B86: Franco | C86: 162327 | D86: 162327 | E86: 20 | F86: 10 | G86: 40 | O86: 70 | S86: =O86/16 -> 4.375 | T86: =M86/12 -> 0 | U86: =IF(AND(E86="",F86="",G86="",H86="",I86="",J86="",K86="",L86="",M86=""),0,1) -> 1 | V86: =IF(O86="",0,1) -> 1 | W86: =IF(M86="",0,1) -> 0 | X86: =IF(AND(V86=1,S86>6),1,0) -> 0 | Y86: =IF(AND(W86=1,T86>6),1,0) -> 0 | Z86: =E86/5 -> 4 | AA86: =F86/4 -> 2.5 | AB86: =G86/7 -> 5.7142857 | AC86: =H86/2 -> 0 | AD86: =I86/6 -> 0 | AE86: =J86/2 -> 0 | AF86: =K86 -> 0 | AG86: =L86 -> 0
A87: Anzures Islas | B87: Sandra Irais | C87: 166234 | D87: 166234 | E87: 30 | F87: 40 | G87: 30 | O87: 100 | S87: =O87/16 -> 6.25 | T87: =M87/12 -> 0 | U87: =IF(AND(E87="",F87="",G87="",H87="",I87="",J87="",K87="",L87="",M87=""),0,1) -> 1 | V87: =IF(O87="",0,1) -> 1 | W87: =IF(M87="",0,1) -> 0 | X87: =IF(AND(V87=1,S87>6),1,0) -> 1 | Y87: =IF(AND(W87=1,T87>6),1,0) -> 0 | Z87: =E87/5 -> 6 | AA87: =F87/4 -> 10 | AB87: =G87/7 -> 4.2857143 | AC87: =H87/2 -> 0 | AD87: =I87/6 -> 0 | AE87: =J87/2 -> 0 | AF87: =K87 -> 0 | AG87: =L87 -> 0
A88: Apango Pérez | B88: Diana Llermi | C88: 168477 | D88: 168477 | H88: 20 | I88: 40 | J88: 20 | K88: 10 | L88: 0 | M88: 90 | S88: =O88/16 -> 0 | T88: =M88/12 -> 7.5 | U88: =IF(AND(E88="",F88="",G88="",H88="",I88="",J88="",K88="",L88="",M88=""),0,1) -> 1 | V88: =IF(O88="",0,1) -> 0 | W88: =IF(M88="",0,1) -> 1 | X88: =IF(AND(V88=1,S88>6),1,0) -> 0 | Y88: =IF(AND(W88=1,T88>6),1,0) -> 1 | Z88: =E88/5 -> 0 | AA88: =F88/4 -> 0 | AB88: =G88/7 -> 0 | AC88: =H88/2 -> 10 | AD88: =I88/6 -> 6.6666667 | AE88: =J88/2 -> 10 | AF88: =K88 -> 10 | AG88: =L88 -> 0
A89: Aparicio Coscorrosa | B89: Odra Vanessa | C89: 165107 | D89: 165107 | E89: 10 | F89: 20 | G89: 30 | O89: 60 | S89: =O89/16 -> 3.75 | T89: =M89/12 -> 0 | U89: =IF(AND(E89="",F89="",G89="",H89="",I89="",J89="",K89="",L89="",M89=""),0,1) -> 1 | V89: =IF(O89="",0,1) -> 1 | W89: =IF(M89="",0,1) -> 0 | X89: =IF(AND(V89=1,S89>6),1,0) -> 0 | Y89: =IF(AND(W89=1,T89>6),1,0) -> 0 | Z89: =E89/5 -> 2 | AA89: =F89/4 -> 5 | AB89: =G89/7 -> 4.2857143 | AC89: =H89/2 -> 0 | AD89: =I89/6 -> 0 | AE89: =J89/2 -> 0 | AF89: =K89 -> 0 | AG89: =L89 -> 0
A90: Aragón Pumarino | B90: Luis Antonio | C90: 167565 | D90: 167565 | H90: 20 | I90: 50 | J90: 10 | K90: 10 | L90: 10 | M90: 100 | S90: =O90/16 -> 0 | T90: =M90/12 -> 8.3333333 | U90: =IF(AND(E90="",F90="",G90="",H90="",I90="",J90="",K90="",L90="",M90=""),0,1) -> 1 | V90: =IF(O90="",0,1) -> 0 | W90: =IF(M90="",0,1) -> 1 | X90: =IF(AND(V90=1,S90>6),1,0) -> 0 | Y90: =IF(AND(W90=1,T90>6),1,0) -> 1 | Z90: =E90/5 -> 0 | AA90: =F90/4 -> 0 | AB90: =G90/7 -> 0 | AC90: =H90/2 -> 10 | AD90: =I90/6 -> 8.3333333 | AE90: =J90/2 -> 5 | AF90: =K90 -> 10 | AG90: =L90 -> 10
A91: Aragón Tenorio | B91: Juan Pablo | C91: 167068 | D91: 167068 | E91: 10 | F91: 0 | G91: 30 | O91: 40 | S91: =O91/16 -> 2.5 | T91: =M91/12 -> 0 | U91: =IF(AND(E91="",F91="",G91="",H91="",I91="",J91="",K91="",L91="",M91=""),0,1) -> 1 | V91: =IF(O91="",0,1) -> 1 | W91: =IF(M91="",0,1) -> 0 | X91: =IF(AND(V91=1,S91>6),1,0) -> 0 | Y91: =IF(AND(W91=1,T91>6),1,0) -> 0 | Z91: =E91/5 -> 2 | AA91: =F91/4 -> 0 | AB91: =G91/7 -> 4.2857143 | AC91: =H91/2 -> 0 | AD91: =I91/6 -> 0 | AE91: =J91/2 -> 0 | AF91: =K91 -> 0 | AG91: =L91 -> 0
A92: Araiza Huerta | B92: Ángela Victoria | C92: 165775 | D92: 165775 | E92: 50 | F92: 30 | G92: 20 | O92: 100 | S92: =O92/16 -> 6.25 | T92: =M92/12 -> 0 | U92: =IF(AND(E92="",F92="",G92="",H92="",I92="",J92="",K92="",L92="",M92=""),0,1) -> 1 | V92: =IF(O92="",0,1) -> 1 | W92: =IF(M92="",0,1) -> 0 | X92: =IF(AND(V92=1,S92>6),1,0) -> 1 | Y92: =IF(AND(W92=1,T92>6),1,0) -> 0 | Z92: =E92/5 -> 10 | AA92: =F92/4 -> 7.5 | AB92: =G92/7 -> 2.8571429 | AC92: =H92/2 -> 0 | AD92: =I92/6 -> 0 | AE92: =J92/2 -> 0 | AF92: =K92 -> 0 | AG92: =L92 -> 0
A93: Aramburo Bries | B93: Olivier | C93: 161016 | D93: 161016 | S93: =O93/16 -> 0 | T93: =M93/12 -> 0 | U93: =IF(AND(E93="",F93="",G93="",H93="",I93="",J93="",K93="",L93="",M93=""),0,1) -> 0 | V93: =IF(O93="",0,1) -> 0 | W93: =IF(M93="",0,1) -> 0 | X93: =IF(AND(V93=1,S93>6),1,0) -> 0 | Y93: =IF(AND(W93=1,T93>6),1,0) -> 0 | Z93: =E93/5 -> 0 | AA93: =F93/4 -> 0 | AB93: =G93/7 -> 0 | AC93: =H93/2 -> 0 | AD93: =I93/6 -> 0 | AE93: =J93/2 -> 0 | AF93: =K93 -> 0 | AG93: =L93 -> 0
A94: Arana González | B94: María Fernanda | C94: 165022 | D94: 165022 | H94: 20 | I94: 40 | J94: 10 | K94: 10 | L94: 10 | M94: 90 | S94: =O94/16 -> 0 | T94: =M94/12 -> 7.5 | U94: =IF(AND(E94="",F94="",G94="",H94="",I94="",J94="",K94="",L94="",M94=""),0,1) -> 1 | V94: =IF(O94="",0,1) -> 0 | W94: =IF(M94="",0,1) -> 1 | X94: =IF(AND(V94=1,S94>6),1,0) -> 0 | Y94: =IF(AND(W94=1,T94>6),1,0) -> 1 | Z94: =E94/5 -> 0 | AA94: =F94/4 -> 0 | AB94: =G94/7 -> 0 | AC94: =H94/2 -> 10 | AD94: =I94/6 -> 6.6666667 | AE94: =J94/2 -> 5 | AF94: =K94 -> 10 | AG94: =L94 -> 10
A95: Araujo Rosales | B95: Octavio | C95: 168236 | D95: 168236 | S95: =O95/16 -> 0 | T95: =M95/12 -> 0 | U95: =IF(AND(E95="",F95="",G95="",H95="",I95="",J95="",K95="",L95="",M95=""),0,1) -> 0 | V95: =IF(O95="",0,1) -> 0 | W95: =IF(M95="",0,1) -> 0 | X95: =IF(AND(V95=1,S95>6),1,0) -> 0 | Y95: =IF(AND(W95=1,T95>6),1,0) -> 0 | Z95: =E95/5 -> 0 | AA95: =F95/4 -> 0 | AB95: =G95/7 -> 0 | AC95: =H95/2 -> 0 | AD95: =I95/6 -> 0 | AE95: =J95/2 -> 0 | AF95: =K95 -> 0 | AG95: =L95 -> 0
A96: Arellano Coyotl | B96: Arturo | C96: 168724 | D96: 168724 | H96: 10 | I96: 40 | J96: 10 | K96: 10 | L96: 0 | M96: 70 | S96: =O96/16 -> 0 | T96: =M96/12 -> 5.8333333 | U96: =IF(AND(E96="",F96="",G96="",H96="",I96="",J96="",K96="",L96="",M96=""),0,1) -> 1 | V96: =IF(O96="",0,1) -> 0 | W96: =IF(M96="",0,1) -> 1 | X96: =IF(AND(V96=1,S96>6),1,0) -> 0 | Y96: =IF(AND(W96=1,T96>6),1,0) -> 0 | Z96: =E96/5 -> 0 | AA96: =F96/4 -> 0 | AB96: =G96/7 -> 0 | AC96: =H96/2 -> 5 | AD96: =I96/6 -> 6.6666667 | AE96: =J96/2 -> 5 | AF96: =K96 -> 10 | AG96: =L96 -> 0
A97: Arellano Mendoza | B97: José Luis | C97: 166210 | D97: 166210 | H97: 20 | I97: 50 | J97: 20 | K97: 10 | L97: 0 | M97: 100 | S97: =O97/16 -> 0 | T97: =M97/12 -> 8.3333333 | U97: =IF(AND(E97="",F97="",G97="",H97="",I97="",J97="",K97="",L97="",M97=""),0,1) -> 1 | V97: =IF(O97="",0,1) -> 0 | W97: =IF(M97="",0,1) -> 1 | X97: =IF(AND(V97=1,S97>6),1,0) -> 0 | Y97: =IF(AND(W97=1,T97>6),1,0) -> 1 | Z97: =E97/5 -> 0 | AA97: =F97/4 -> 0 | AB97: =G97/7 -> 0 | AC97: =H97/2 -> 10 | AD97: =I97/6 -> 8.3333333 | AE97: =J97/2 -> 10 | AF97: =K97 -> 10 | AG97: =L97 -> 0
A98: Arellano Rullán | B98: Maria Jose | C98: 164520 | D98: 164520 | E98: 20 | F98: 20 | G98: 20 | O98: 60 | S98: =O98/16 -> 3.75 | T98: =M98/12 -> 0 | U98: =IF(AND(E98="",F98="",G98="",H98="",I98="",J98="",K98="",L98="",M98=""),0,1) -> 1 | V98: =IF(O98="",0,1) -> 1 | W98: =IF(M98="",0,1) -> 0 | X98: =IF(AND(V98=1,S98>6),1,0) -> 0 | Y98: =IF(AND(W98=1,T98>6),1,0) -> 0 | Z98: =E98/5 -> 4 | AA98: =F98/4 -> 5 | AB98: =G98/7 -> 2.8571429 | AC98: =H98/2 -> 0 | AD98: =I98/6 -> 0 | AE98: =J98/2 -> 0 | AF98: =K98 -> 0 | AG98: =L98 -> 0
A99: Arena Gonz lez | B99: Jorge | C99: 167560 | D99: 167560 | H99: 0 | I99: 10 | J99: 10 | K99: 10 | L99: 10 | M99: 40 | S99: =O99/16 -> 0 | T99: =M99/12 -> 3.3333333 | U99: =IF(AND(E99="",F99="",G99="",H99="",I99="",J99="",K99="",L99="",M99=""),0,1) -> 1 | V99: =IF(O99="",0,1) -> 0 | W99: =IF(M99="",0,1) -> 1 | X99: =IF(AND(V99=1,S99>6),1,0) -> 0 | Y99: =IF(AND(W99=1,T99>6),1,0) -> 0 | Z99: =E99/5 -> 0 | AA99: =F99/4 -> 0 | AB99: =G99/7 -> 0 | AC99: =H99/2 -> 0 | AD99: =I99/6 -> 1.6666667 | AE99: =J99/2 -> 5 | AF99: =K99 -> 10 | AG99: =L99 -> 10
A100: Arenas Astorga | B100: Victoria María | C100: 167075 | D100: 167075 | E100: 30 | F100: 30 | G100: 30 | O100: 90 | S100: =O100/16 -> 5.625 | T100: =M100/12 -> 0 | U100: =IF(AND(E100="",F100="",G100="",H100="",I100="",J100="",K100="",L100="",M100=""),0,1) -> 1 | V100: =IF(O100="",0,1) -> 1 | W100: =IF(M100="",0,1) -> 0 | X100: =IF(AND(V100=1,S100>6),1,0) -> 0 | Y100: =IF(AND(W100=1,T100>6),1,0) -> 0 | Z100: =E100/5 -> 6 | AA100: =F100/4 -> 7.5 | AB100: =G100/7 -> 4.2857143 | AC100: =H100/2 -> 0 | AD100: =I100/6 -> 0 | AE100: =J100/2 -> 0 | AF100: =K100 -> 0 | AG100: =L100 -> 0
...

Sheet Gráficas
A1: Estudiantes que no presentaron examen | B1: Estudiantes que presentaron el examen | C1: Estudiantes que presentaron el examen 160 | D1: Estudiantes que presentaron el examen 120 | E1: Estudiantes que aprobaron el examen 160 | F1: Estudiantes que aprobaron el examen 120 | G1: Promedio de Conjuntos | H1: Promedio de Números | I1: Promedio de Símbolos Algebraicos | J1: Promedio G1 | K1: Promedio G2 | L1: Promedio G3 | M1: Promedio G4 | N1: Promedio G5
A2: =2107-B2 -> 388 | B2: ='Examen diagnóstico (2)'!U2108 -> 1719 | C2: ='Examen diagnóstico (2)'!V2108 -> 887 | D2: ='Examen diagnóstico (2)'!W2108 -> 832 | E2: ='Examen diagnóstico (2)'!X2108 -> 260 | F2: ='Examen diagnóstico (2)'!Y2108 -> 340 | G2: ='Examen diagnóstico (2)'!Z2108 -> 4596 | H2: ='Examen diagnóstico (2)'!AA2108 -> 4617.5 | I2: ='Examen diagnóstico (2)'!AB2108 -> 3792.8571 | ... N2: ='Examen diagnóstico (2)'!AG2108 -> 3960
A3: =388/2107 -> 0.18414808 | B3: ='Examen diagnóstico (2)'!U2109 -> 0.81623932 | C3: ='Examen diagnóstico (2)'!V2109 -> 0.51599767 | D3: ='Examen diagnóstico (2)'!W2109 -> 0.48400233 | E3: ='Examen diagnóstico (2)'!X2109 -> 0.29312289 | F3: ='Examen diagnóstico (2)'!Y2109 -> 0.40865385 | G3: ='Examen diagnóstico (2)'!Z2109 -> 5.1815107 | H3: ='Examen diagnóstico (2)'!AA2109 -> 5.2057497 | I3: ='Examen diagnóstico (2)'!AB2109 -> 4.2760509 | ... N3: ='Examen diagnóstico (2)'!AG2109 -> 4.7596154
A21: Estudiantes que no aprobaron el examen 160 | B21: =E1 -> Estudiantes que aprobaron el examen 160 | G21: Estudiantes que no aprobaron examen 120 | H21: =F1 -> Estudiantes que aprobaron el examen 120
A22: =C2-B22 -> 627 | B22: =E2 -> 260 | G22: =D2-H22 -> 492 | H22: =F2 -> 340
A39: Promedio de Conjuntos | B39: Promedio de Números | C39: Promedio de Símbolos Algebraicos | D39: Promedio G1 | E39: Promedio G2 | F39: Promedio G3 | G39: Promedio G4 | H39: Promedio G5
A40: 5.1815107 | B40: 5.2057497 | C40: 4.2760509 | D40: 5.1442308 | E40: 5.7051282 | F40: 6.2139423 | G40: 6.4903846 | H40: 4.7596154

Sheet Examen diagnóstico
A1: Apellidos | B1: Nombre | C1: Nombre de usuario | D1: ID de alumno | E1: DIAGNÓSTICO 1. CONJUNTOS (G)(1) [Puntos totales: 50 Puntuación] |179315 | F1: DIAGNÓSTICO 2. NÚMEROS (G)(1) [Puntos totales: 40 Puntuación] |179316 | G1: DIAGNÓSTICO 3. SÍMBOLOS ALGEBRAICOS (G)(1) [Puntos totales: 70 Puntuación] |179317 | H1: DIAGNÓSTICO (G1) [Puntos totales: 20 Puntuación] |179223 | I1: DIAGNÓSTICO G3 [Puntos totales: 60 Puntuación] |179224 | J1: DIAGNÓSTICO G2 [Puntos totales: 20 Puntuación] |179225 | K1: DIAGNÓSTICO G4 [Puntos totales: 10 Puntuación] |179226 | L1: DIAGNÓSTICO G5 [Puntos totales: 10 Puntuación] |179227 | M1: RTDG [Puntos totales: hasta 120 Puntuación] |179221 | N1: Control de becarios [Puntos totales: 20 Puntuación] |179314 | O1: RTDGB [Puntos totales: hasta 160 Puntuación] |179318 | P1: Orden o jerarquía de operaciones [Puntos totales: 0 Puntuación] |179319 | Q1: Prueba [Puntos totales: 10 Puntuación] |181213 | R1: Prueba [Puntos totales: 10 Puntuación] |181214
A2: . Beltrán | B2: Xitlaly | C2: 164732 | D2: 164732 | R2: En proceso
A3: Abad Muñoz | B3: Andres | C3: 168181 | D3: 168181 | H3: 0 | I3: 40 | J3: 10 | K3: 10 | L3: 0 | M3: 60
A4: Abascal Bernal | B4: Elizabeth | C4: 166769 | D4: 166769 | H4: 20 | I4: 40 | J4: 0 | K4: 10 | L4: 0 | M4: 70
A5: Abascal Bernal | B5: Maria Jose | C5: 166768 | D5: 166768 | E5: 10 | F5: 10 | G5: 40 | O5: 60
A6: Abraham Rothlaender | B6: Lucia | C6: 167803 | D6: 167803 | E6: 30 | F6: 20 | G6: 30 | O6: 80
A7: Abrego Osorio | B7: Elizabeth | C7: 166428 | D7: 166428 | E7: 50 | O7: 50
A8: Aburto Ramos | B8: Marlene | C8: 165299 | D8: 165299 | E8: 30 | F8: 0 | G8: 10 | O8: 40
A9: Acevedo Ledo | B9: Flavio Jesús | C9: 168488 | D9: 168488 | E9: 30 | F9: 10 | G9: 40 | O9: 80
A10: Acevedo Molina | B10: Luis Carlos | C10: 161869 | D10: 161869
A11: Aceves_PreviewUser | B11: Denisse | C11: 21275_previewuser
A12: Acosta Avila | B12: David André | C12: 166580 | D12: 166580 | H12: 20 | I12: 20 | J12: 20 | K12: 10 | L12: 0 | M12: 70
A13: Acosta Herrera | B13: Maximo Daniel | C13: 168631 | D13: 168631 | E13: 10 | F13: 10 | G13: 40 | O13: 60
A14: Affif Téllez | B14: Alejandra | C14: 167152 | D14: 167152 | E14: 10 | F14: 20 | G14: 10 | O14: 40
A15: Aguado Siany | B15: Fernando | C15: 167383 | D15: 167383 | E15: 10 | F15: 10 | G15: 50 | O15: 70
A16: Aguayo Zanoguera | B16: Josué Roberto | C16: 166092 | D16: 166092 | E16: 30 | F16: 20 | G16: 30 | O16: 80
A17: Aguila Guevara | B17: Mariana | C17: 166384 | D17: 166384 | E17: 40 | F17: 10 | G17: 40 | O17: 90
A18: Aguilar Cepeda | B18: Luis Alejandro | C18: 164706 | D18: 164706 | R18: 0
A19: Aguilar Lobato | B19: Ana Karen | C19: 165973 | D19: 165973 | H19: 10 | I19: 10 | J19: 10 | K19: 10 | L19: 0 | M19: 40
A20: Aguilar Morales | B20: Mariam | C20: 167354 | D20: 167354 | H20: 10 | I20: 40 | J20: 10 | K20: 0 | L20: 0 | M20: 60
A21: Aguilar Paz | B21: Sebastián | C21: 168609 | D21: 168609 | H21: 20 | I21: 30 | J21: 20 | K21: 0 | L21: 10 | M21: 80
A22: Aguilar Salazar | B22: Paulina | C22: 166791 | D22: 166791 | E22: 10 | F22: 10 | G22: 30 | O22: 50
A23: Aguilera V zquez | B23: Monica | C23: 167553 | D23: 167553 | H23: 10 | I23: 30 | J23: 10 | K23: 10 | L23: 0 | M23: 60
A24: Aguirre Gutiérrez | B24: Brenda Elizabeth | C24: 168589 | D24: 168589 | H24: 20 | I24: 50 | J24: 10 | K24: 10 | L24: 10 | M24: 100
A25: Aguirre Hernández | B25: Ixchel Janice | C25: 167379 | D25: 167379
A26: Aguirre Torres | B26: Paola | C26: 167637 | D26: 167637 | E26: 10 | F26: 20 | G26: 20 | O26: 50
A27: Agut Cadena | B27: Angélica Paola | C27: 165710 | D27: 165710 | H27: 10 | I27: 40 | J27: 20 | K27: 0 | L27: 10 | M27: 80
A28: Ahedo Marquez | B28: Raul | C28: 166283 | D28: 166283 | E28: 10 | F28: 10 | G28: 40 | O28: 60
A29: Ahuactzin Fernández | B29: Antonio Daniel | C29: 164617 | D29: 164617 | H29: 10 | I29: 60 | J29: 10 | K29: 10 | L29: 0 | M29: 90
A30: Ahumada Vázquez | B30: Fátima | C30: 167514 | D30: 167514 | E30: 20 | F30: 20 | G30: 10 | O30: 50
A31: Aizpuru López | B31: Susana | C31: 165900 | D31: 165900 | E31: 50 | F31: 10 | G31: 40 | O31: 100
A32: Alarcón Gómez | B32: Miguel Angel | C32: 168243 | D32: 168243 | E32: 20 | F32: 20 | G32: 0 | O32: 40
A33: Alatorre Lopez | B33: Victor Ivan | C33: 164818 | D33: 164818 | H33: 0 | I33: 20 | J33: 10 | K33: 0 | L33: 0 | M33: 30
A34: Alcalá Molina | B34: Luis Eduardo | C34: 167696 | D34: 167696 | E34: 0 | F34: 20 | G34: 30 | O34: 50
A35: Alcantara Ramírez | B35: Lian Damian | C35: 167115 | D35: 167115 | H35: 20 | I35: 30 | J35: 20 | K35: 0 | L35: 10 | M35: 80
A36: Alcazar Barbosa | B36: Roberto | C36: 166178 | D36: 166178 | H36: 10 | I36: 30 | J36: 20 | K36: 10 | L36: 0 | M36: 70
A37: Alcocer Maldonado | B37: Rogelio Jasef | C37: 168167 | D37: 168167 | E37: 30 | F37: 30 | G37: 40 | O37: 100
A38: Alcántara Alcántara | B38: Jesús | C38: 168034 | D38: 168034
A39: Alcántara De León | B39: Sofía | C39: 163568 | D39: 163568 | E39: 10 | F39: 20 | G39: 30 | O39: 60
A40: Alcántara González | B40: María | C40: 168229 | D40: 168229
A41: Alcérreca Aguilar | B41: Paola Alexa | C41: 168177 | D41: 168177 | H41: 0 | I41: 40 | J41: 10 | K41: 10 | L41: 0 | M41: 60
A42: Aldana Olivares | B42: Aranza | C42: 168598 | D42: 168598 | E42: 10 | F42: 20 | G42: 10 | O42: 40
A43: Aldape Almanza | B43: Vania Gabriela | C43: 165839 | D43: 165839 | E43: 0 | F43: 30 | G43: 20 | O43: 50
A44: Alducín Báez | B44: Gonzalo Imanol | C44: 168192 | D44: 168192 | E44: 50 | F44: 20 | G44: 40 | O44: 110
A45: Alejandre Carrasco | B45: Belen Abigail | C45: 168374 | D45: 168374 | H45: 0 | I45: 30 | J45: 10 | M45: 40
A46: Alejandre Jiménez | B46: Joana Yatziri | C46: 163193 | D46: 163193
A47: Alemán Silva | B47: César Karel | C47: 168367 | D47: 168367 | E47: 50 | F47: 30 | G47: 40 | O47: 120
A48: Alemán Solórzano | B48: Mariana | C48: 165727 | D48: 165727
A49: Allen | B49: Marcus Alexander | C49: 166297 | D49: 166297 | E49: 20 | F49: 10 | G49: 50 | O49: 80
A50: Almazan de Jesus | B50: Max Franck | C50: 168240 | D50: 168240 | H50: 10 | I50: 40 | J50: 10 | K50: 10 | L50: 0 | M50: 70
A51: Almazán De Jesús | B51: Fátima | C51: 167205 | D51: 167205 | E51: 10 | F51: 30 | G51: 50 | O51: 90
A52: Almonte Huelitl | B52: Diana Laura | C52: 167413 | D52: 167413 | E52: 30 | F52: 20 | G52: 30 | O52: 80
A53: Alonso Alvarez | B53: Isabela | C53: 163943 | D53: 163943 | E53: 30 | F53: 30 | G53: 50 | O53: 110 | R53: En proceso
A54: Alonso Hernández | B54: Miguel Ángel | C54: 168381 | D54: 168381 | H54: 20 | I54: 30 | J54: 20 | K54: 10 | L54: 0 | M54: 80
A55: Alonso Hernández | B55: Salvador | C55: 168473 | D55: 168473 | E55: 10 | F55: 30 | G55: 30 | O55: 70
A56: Alonso Ruiz | B56: Israel | C56: 166021 | D56: 166021
A57: Alor De Alba | B57: Juan Pablo | C57: 166582 | D57: 166582
A58: Altamirano Cantón | B58: Aurora | C58: 167639 | D58: 167639 | E58: 10 | F58: 10 | G58: 20 | O58: 40
A59: Altamirano Cantú | B59: Ximena | C59: 165944 | D59: 165944
A60: Alva Tinoco | B60: Mariana | C60: 165247 | D60: 165247 | H60: 20 | I60: 60 | J60: 20 | K60: 10 | L60: 0 | M60: 110
A61: Alvarado Cruz | B61: María Efigenia | C61: 167566 | D61: 167566 | H61: 10 | I61: 30 | J61: 10 | K61: 10 | L61: 0 | M61: 60
A62: Alvarado Lasanté | B62: Juan Pablo | C62: 166850 | D62: 166850 | H62: 20 | I62: 30 | J62: 20 | K62: 10 | L62: 0 | M62: 80
A63: Alvarez Carrillo | B63: Esther | C63: 166361 | D63: 166361 | E63: 20 | F63: 30 | G63: 20 | O63: 70
A64: Alvarez Flores | B64: Jorge | C64: 167095 | D64: 167095 | E64: 50 | F64: 30 | G64: 50 | O64: 130
A65: Alvarez Trejo | B65: Silvia | C65: 166217 | D65: 166217 | H65: 0 | I65: 60 | J65: 20 | K65: 10 | L65: 10 | M65: 100
A66: Alvarez Villalpando | B66: Daniel Patricio | C66: 163424 | D66: 163424 | H66: 10 | I66: 30 | J66: 10 | K66: 0 | L66: 0 | M66: 50
A67: Alvino Téllez | B67: José Fabián | C67: 166825 | D67: 166825 | H67: 10 | I67: 50 | J67: 10 | K67: 10 | L67: 10 | M67: 90
A68: Amador Domínguez | B68: Sabrina | C68: 168438 | D68: 168438 | H68: 20 | I68: 60 | J68: 20 | K68: 10 | L68: 0 | M68: 110
A69: Amador R¡os | B69: Mariel | C69: 166356 | D69: 166356 | H69: 0 | I69: 20 | J69: 10 | K69: 10 | L69: 10 | M69: 50
A70: Amaro Andrés | B70: Iván | C70: 168435 | D70: 168435 | E70: 40 | F70: 40 | G70: 20 | O70: 100
A71: Amaro Merino | B71: Cinthia Dayana | C71: 168499 | D71: 168499
A72: Amaro Nava | B72: Wendy Gabriela | C72: 167900 | D72: 167900
A73: Amastal Ramírez | B73: Eladio | C73: 165878 | D73: 165878 | H73: 20 | I73: 40 | J73: 20 | K73: 10 | L73: 0 | M73: 90
A74: Ambrosio del Ángel | B74: Javier | C74: 166117 | D74: 166117 | E74: 30 | F74: 10 | G74: 40 | O74: 80
A75: Amezcua Lamuño | B75: Juan Francisco | C75: 167645 | D75: 167645 | H75: 0 | I75: 20 | J75: 10 | K75: 0 | L75: 0 | M75: 30
A76: Amparo Flores | B76: Ivan Enrique | C76: 167815 | D76: 167815 | H76: 10 | I76: 30 | J76: 10 | K76: 0 | L76: 0 | M76: 50
A77: Anaya Vergara | B77: Guillermo Ángel | C77: 168292 | D77: 168292
A78: Anda Guzmán | B78: Andrea | C78: 165952 | D78: 165952 | E78: 20 | F78: 30 | G78: 20 | O78: 70
A79: Andrade Beltrán | B79: Juan Manuel | C79: 167117 | D79: 167117 | H79: 10 | I79: 30 | J79: 10 | K79: 10 | L79: 0 | M79: 60
A80: Andrade Espinosa | B80: Andrea Lucia | C80: 166532 | D80: 166532 | H80: 20 | I80: 30 | J80: 10 | K80: 10 | L80: 0 | M80: 70
A81: Angeles Rodriguez | B81: Britney Aline | C81: 167198 | D81: 167198 | E81: 20 | F81: 40 | G81: 40 | O81: 100
A82: Angeles Rosas | B82: Karen | C82: 168576 | D82: 168576 | H82: 10 | I82: 20 | J82: 10 | K82: 10 | L82: 0 | M82: 50
A83: Anguiano del Castillo | B83: Emilio | C83: 166316 | D83: 166316 | H83: 20 | I83: 30 | J83: 10 | K83: 10 | L83: 10 | M83: 80
A84: Angulo Ruiz | B84: Giselle Alessandra | C84: 168639 | D84: 168639 | E84: 20 | F84: 20 | G84: 20 | O84: 60
A85: Ann | B85: Ga Eun | C85: 166123 | D85: 166123 | E85: 30 | F85: 10 | G85: 40 | O85: 80
A86: Anzures Cajica | B86: Franco | C86: 162327 | D86: 162327 | E86: 20 | F86: 10 | G86: 40 | O86: 70
A87: Anzures Islas | B87: Sandra Irais | C87: 166234 | D87: 166234 | E87: 30 | F87: 40 | G87: 30 | O87: 100
A88: Apango Pérez | B88: Diana Llermi | C88: 168477 | D88: 168477 | H88: 20 | I88: 40 | J88: 20 | K88: 10 | L88: 0 | M88: 90
A89: Aparicio Coscorrosa | B89: Odra Vanessa | C89: 165107 | D89: 165107 | E89: 10 | F89: 20 | G89: 30 | O89: 60
A90: Aragón Pumarino | B90: Luis Antonio | C90: 167565 | D90: 167565 | H90: 20 | I90: 50 | J90: 10 | K90: 10 | L90: 10 | M90: 100
A91: Aragón Tenorio | B91: Juan Pablo | C91: 167068 | D91: 167068 | E91: 10 | F91: 0 | G91: 30 | O91: 40
A92: Araiza Huerta | B92: Ángela Victoria | C92: 165775 | D92: 165775 | E92: 50 | F92: 30 | G92: 20 | O92: 100
A93: Aramburo Bries | B93: Olivier | C93: 161016 | D93: 161016
A94: Arana González | B94: María Fernanda | C94: 165022 | D94: 165022 | H94: 20 | I94: 40 | J94: 10 | K94: 10 | L94: 10 | M94: 90
A95: Araujo Rosales | B95: Octavio | C95: 168236 | D95: 168236
A96: Arellano Coyotl | B96: Arturo | C96: 168724 | D96: 168724 | H96: 10 | I96: 40 | J96: 10 | K96: 10 | L96: 0 | M96: 70
A97: Arellano Mendoza | B97: José Luis | C97: 166210 | D97: 166210 | H97: 20 | I97: 50 | J97: 20 | K97: 10 | L97: 0 | M97: 100
A98: Arellano Rullán | B98: Maria Jose | C98: 164520 | D98: 164520 | E98: 20 | F98: 20 | G98: 20 | O98: 60
A99: Arena Gonz lez | B99: Jorge | C99: 167560 | D99: 167560 | H99: 0 | I99: 10 | J99: 10 | K99: 10 | L99: 10 | M99: 40
A100: Arenas Astorga | B100: Victoria María | C100: 167075 | D100: 167075 | E100: 30 | F100: 30 | G100: 30 | O100: 90
...
